panel,relative_path,bytes,sha256
GWA-T-12-fastStorage,fastStorage/2013-8/1.csv,972675,b76bc45c70b4f47f8572734aef5cd7a5c292c4ab6b2e3010f3677cc527908405
GWA-T-12-fastStorage,fastStorage/2013-8/10.csv,973619,28ba4b6ecaa379b3fb869e4201fe5cd511daa1804dc44174818dbb14a4c833c7
GWA-T-12-fastStorage,fastStorage/2013-8/100.csv,1353093,fe4777ccbd615cd5c038328f810d55e5ac790ec9044799ccc19fcbce33326cbe
GWA-T-12-fastStorage,fastStorage/2013-8/1000.csv,1153181,9a331381d2a3dc0005bda1df03f3390dbce93c1f7494907b23161d5d260bac04
GWA-T-12-fastStorage,fastStorage/2013-8/1001.csv,960621,6f37e97912f1e2e81e22f26b3a954483e462b52e2695946be018c69f9ddf4b76
GWA-T-12-fastStorage,fastStorage/2013-8/1002.csv,1150432,169c19152abcdd46b19707d54b51232caeb9518d38c2401d6a6b6dde1eae793e
GWA-T-12-fastStorage,fastStorage/2013-8/1003.csv,430840,19e656e8705ac371276bb2da9be923946b80a535a302d6ef97a7f161c6f32be4
GWA-T-12-fastStorage,fastStorage/2013-8/1004.csv,399264,b42fc8f610bc98cf8a896eb933072f816d6d9c5892018af4401a81a1bdbdd1f1
GWA-T-12-fastStorage,fastStorage/2013-8/1005.csv,1182899,9b5b6f79826eb3d6e23b1bc28d487d26a008788f780dcb8675ab9cdbe636a8a3
GWA-T-12-fastStorage,fastStorage/2013-8/1006.csv,1168543,85d7307036b6f48d0af5fc4e8ffebeae38ce37eec9d59cabdacbce9f154a52a5
GWA-T-12-fastStorage,fastStorage/2013-8/1007.csv,1178191,c92d2fea6de07b665db81df38ae5c2f309b692f373ff3bb2a90f20079e9514e5
GWA-T-12-fastStorage,fastStorage/2013-8/1008.csv,1010164,914ebc501908187830b194c11e3915fa1931ef73e1fc4f53434acab0af23f7f7
GWA-T-12-fastStorage,fastStorage/2013-8/1009.csv,708801,8a26b2c79bcb9ae0c8ccd2a56b091a84b1844a1ff96d4c11799b9426393b0647
GWA-T-12-fastStorage,fastStorage/2013-8/101.csv,1344874,a5d09b16cfef845eed46e96eabef480e037aee9c38bea42762e76b2deb0864ad
GWA-T-12-fastStorage,fastStorage/2013-8/1010.csv,983099,42a314e66fc4852179c0b47b6a0697d068e1c87a28b54cf00475361eb687a986
GWA-T-12-fastStorage,fastStorage/2013-8/1011.csv,834914,71c5bf3a324a33aafe4fc4a68c81b2fbe645e67e0cfa3829283dd9deacbd3bea
GWA-T-12-fastStorage,fastStorage/2013-8/1012.csv,870983,448a24c4f50caefb6c72c739528f8a87086fb36131cd279075bbac976f5cec70
GWA-T-12-fastStorage,fastStorage/2013-8/1013.csv,710382,6bed6d9134bf23adf0ed129f4588b2acf7fb532361d15cb3f9b0519290c5a070
GWA-T-12-fastStorage,fastStorage/2013-8/1014.csv,812784,e8bb39cc3ccd1eccf2cbbe945cfdd78f31f8c7c375e2504b35248d0bb48d8b84
GWA-T-12-fastStorage,fastStorage/2013-8/1015.csv,645458,8fd6ddb609c1a1a2e6d1eacacfbea70c9120da81ca9be3e9c6c647d26e1e7bdc
GWA-T-12-fastStorage,fastStorage/2013-8/1016.csv,652368,0298df5093b0b3e69585ab1b547baddb50d1fd1616bef030212c6e8ec9e0495d
GWA-T-12-fastStorage,fastStorage/2013-8/1017.csv,1123028,d964ba7b1febab1669bf7a390e9fdaa17c5be8e9aa21ae2d0a71ef1630643386
GWA-T-12-fastStorage,fastStorage/2013-8/1018.csv,811634,a402518308adb861bf1af34d5af78ed3d01d5ad2be8859f720dfcad65a29f732
GWA-T-12-fastStorage,fastStorage/2013-8/1019.csv,995542,9d863f0f333bac8ea6a8e68f176b203b8a16c9dfa4973f0db5b38d300ac93202
GWA-T-12-fastStorage,fastStorage/2013-8/102.csv,1012545,8defb8422eb20469c2d22752276ea09dc370f04c548470061190122d5f9b9e6c
GWA-T-12-fastStorage,fastStorage/2013-8/1020.csv,834034,b12a3c6c41de04a43b2858567db67ca4ebfb18145c66c278de120c58c8ef05d4
GWA-T-12-fastStorage,fastStorage/2013-8/1021.csv,821947,0b43477275ff1f87bf55054cbe656efb8c21b99177a29d590040b20de3ef5cff
GWA-T-12-fastStorage,fastStorage/2013-8/1022.csv,786907,d773786c803103bf0693019e1e04a667058e0a4f87dc0d7e0ae790a35a3adec4
GWA-T-12-fastStorage,fastStorage/2013-8/1023.csv,786521,384891e12cd9b8b035029ed8e603c28f4aeeda79d538c59e8e6b24aedc75294c
GWA-T-12-fastStorage,fastStorage/2013-8/1024.csv,710439,cce193f2a695db3c81ab0c1f77404bb512e7402fc4695d73ad76d3fb2dd9d225
GWA-T-12-fastStorage,fastStorage/2013-8/1025.csv,1141316,409c6f1a7de77af9cac27f5c1066584b043237be26a58dad3a6fd3c6ce7e3112
GWA-T-12-fastStorage,fastStorage/2013-8/1026.csv,1135343,fe8bc3339a8cdeb017fb1fb141e8c9a78dd3df748bfd4a2e2703bd0f2212427f
GWA-T-12-fastStorage,fastStorage/2013-8/1027.csv,843945,095b2c056dd1d6cac1b8007f501647e7c8c81f0524433fdf17498bb58e4b1acf
GWA-T-12-fastStorage,fastStorage/2013-8/1028.csv,779512,1fa35fbd818653b2a0e1d640d54a5da6a5ab20ca949b36125e62587b5571b469
GWA-T-12-fastStorage,fastStorage/2013-8/1029.csv,1023344,730cc94050b96889c6052d3016545eb7820a90bf4f2dee63908dbc303829f0e8
GWA-T-12-fastStorage,fastStorage/2013-8/103.csv,1354619,6ae06c023641444d2029177ddccf339c7a9f504ab42f97d8009f5f80025d1aa8
GWA-T-12-fastStorage,fastStorage/2013-8/1030.csv,812974,69541e8087c415490e837a59a1e95cc266394d5b0b27d757d6ec718820c92d82
GWA-T-12-fastStorage,fastStorage/2013-8/1031.csv,816823,0a4e1f2074331ff78b6497c4c6449fe7a64dfbfc12952803a94cb1fbfc5c4f09
GWA-T-12-fastStorage,fastStorage/2013-8/1032.csv,1014496,de119aeeab71057b8867c289b31e8d5cad42042d1e5678044ac93e0b2bfea08f
GWA-T-12-fastStorage,fastStorage/2013-8/1033.csv,796943,2386c2a0d139747cf9fbed3ab83e7a4e182ae98449aa50c6ea6f9bfe91922164
GWA-T-12-fastStorage,fastStorage/2013-8/1034.csv,152024,681e8baf52d72a73add5b6607ef41a07df034837d2f8e169d6e23c493d8d5b07
GWA-T-12-fastStorage,fastStorage/2013-8/1035.csv,784038,ec8b5918e3b9935bfbdf50efba27e4d69102cc6b12752d62bd74d3dab4309e97
GWA-T-12-fastStorage,fastStorage/2013-8/1036.csv,1044026,1a4f131952401bfc7b1ffc107e0c9cd6e3ab500f276601fabefcad31f91c12ec
GWA-T-12-fastStorage,fastStorage/2013-8/1037.csv,1011499,2665b080dc6b3bd04b1b5ab9daac27028bbc016b5c1793b023325a34e4cd0c43
GWA-T-12-fastStorage,fastStorage/2013-8/1038.csv,824950,db417efc4ecc0db19d6475a0dc918ce1e50d211ab0f2db918271fefb3e14e1de
GWA-T-12-fastStorage,fastStorage/2013-8/1039.csv,1132266,d4a70b533343bae7a3a845c12a9e08a3d1dbb4ae672e8b6af491506863d5b0aa
GWA-T-12-fastStorage,fastStorage/2013-8/104.csv,1388789,28980bd9419ac0ffea903bf0c001c442dcd30a449355b7a128ce1294b9e2d861
GWA-T-12-fastStorage,fastStorage/2013-8/1040.csv,1176766,238660721c6421cd9a5c6273ccfe648b78c8eb21289866f012946107c7fa8f8f
GWA-T-12-fastStorage,fastStorage/2013-8/1041.csv,999063,51cfd62c655e28cbafbf1afa300a27111419933590602eff6a02d8ebcdc0c3fe
GWA-T-12-fastStorage,fastStorage/2013-8/1042.csv,1145738,339357ba890a497b1097e4e537f01f8da78c62aa11aa71da4862db6e00b2326a
GWA-T-12-fastStorage,fastStorage/2013-8/1043.csv,993607,924690d64d25a33d0460bfc95d8491c6b240f82128056ddc4bb2ac7874f1e84e
GWA-T-12-fastStorage,fastStorage/2013-8/1044.csv,999439,41926002a968cdddd86e2a1976db934a04c26a10fc99f45f8138370f90c6cecc
GWA-T-12-fastStorage,fastStorage/2013-8/1045.csv,1000007,105af708070131c64a55043b0b9ecacc67dfe841fdb305134ae58b23c864a92d
GWA-T-12-fastStorage,fastStorage/2013-8/1046.csv,710978,1a09523df8c2c566ce99164fe0aa1043aa12a5274bffc9d0c5299f0d0ff48afd
GWA-T-12-fastStorage,fastStorage/2013-8/1047.csv,1011289,aa9ff85ed2bf7c4d6a093cb0fdaa01c465ee3252418132cae3fe4fc5265480c5
GWA-T-12-fastStorage,fastStorage/2013-8/1048.csv,968052,d43b4124562bab1d54c4027e762acaa70acca4330f826627871e047361023a4b
GWA-T-12-fastStorage,fastStorage/2013-8/1049.csv,988228,8b62071b80d8b73767f172a11c3d780a5fbfdfc16e9777f70b09b89eb8ee9dd3
GWA-T-12-fastStorage,fastStorage/2013-8/105.csv,663491,c98ba147b3f68071126a1062857ff04a671aeeab3f3285e9be899f852434d193
GWA-T-12-fastStorage,fastStorage/2013-8/1050.csv,1123204,d463f817c4697ad35cbfae49d0df1f9fa0f22622423a25b9dd93db2e4fcb5303
GWA-T-12-fastStorage,fastStorage/2013-8/1051.csv,1005151,03107da30884c0f1ad2dd0aa421ab4b46f2374eacdf82fbedfcd658438c3ccaa
GWA-T-12-fastStorage,fastStorage/2013-8/1052.csv,218406,4c3cf7450de594302a223e4fc93ff86bedc4967c005b6e68c2998f0b8ebaad7e
GWA-T-12-fastStorage,fastStorage/2013-8/1053.csv,1125252,9d99e978e481aee3eb98240f43d1e6897e82fb994287c07e8801fdddb0ed6c47
GWA-T-12-fastStorage,fastStorage/2013-8/1054.csv,954196,c58314eb47c1d1f6e15dff41d7cb0dfe71385de43fc0c5bc8b4b5aef58e97b24
GWA-T-12-fastStorage,fastStorage/2013-8/1055.csv,805718,6d01ca50796984bed4bd7ced17feff8e0a1ad4c5fda3740090328c18a7585d0c
GWA-T-12-fastStorage,fastStorage/2013-8/1056.csv,816782,1d6c09a2e915ade0b2d792ce5515f7b11d288f2c3ab0f6ed253496a928e0cd56
GWA-T-12-fastStorage,fastStorage/2013-8/1057.csv,919069,c1bdb440357ac280d3d65e17478667ff6f0e60e71cfe1ba9069b2bbd70615acd
GWA-T-12-fastStorage,fastStorage/2013-8/1058.csv,958747,61cdaf4bb7405701af6248820b4b2a2cca0201eac79a7c8be0c402209bc298da
GWA-T-12-fastStorage,fastStorage/2013-8/1059.csv,898649,e2fcd58854ea5f1ee94046302f17c774e7dcf4973d3b62fb7f830d25d42e2711
GWA-T-12-fastStorage,fastStorage/2013-8/106.csv,1094923,2bdaea51a134d3a2de8c6e2a00263c194fdad5ea89697f850e90ef5dc19fcd37
GWA-T-12-fastStorage,fastStorage/2013-8/1060.csv,964460,ba914aeddf6b4eb4ceecd608a1811b596c1a786633ff254588546612278d6a27
GWA-T-12-fastStorage,fastStorage/2013-8/1061.csv,838096,7b2e4ba9bddd0fad418f4f3c90203456afac02730f794005f015e1ecf713d5ab
GWA-T-12-fastStorage,fastStorage/2013-8/1062.csv,813227,a9eeee49baaa8ef20ef889f78697986c97a9496d95d896edadc806c94ac17853
GWA-T-12-fastStorage,fastStorage/2013-8/1063.csv,1133074,cf6e809244e232bee961a8a6d705084ebba40f3a90ec484395710016f70fa5e0
GWA-T-12-fastStorage,fastStorage/2013-8/1064.csv,977832,b86c956dd0d9fa1dc70756d1c72c898ed45b2021ae285c41f6119c1a72e0de7f
GWA-T-12-fastStorage,fastStorage/2013-8/1065.csv,225865,f81edb511a0a052b2265d8bd449c3e1665baf02bd35905a0776008fd808a64e2
GWA-T-12-fastStorage,fastStorage/2013-8/1066.csv,964847,3626da471a88140f09d32b7f2db6fd55f3017c245e43d3cf09d7a2040c69c6e6
GWA-T-12-fastStorage,fastStorage/2013-8/1067.csv,984458,9116a08600cd49753ef29802bd2551f67d4016e577e7be0c4d59d493bb799a37
GWA-T-12-fastStorage,fastStorage/2013-8/1068.csv,842961,b2fde5934b7a626def4d17452efebafdc1170cf57e1b062e041a8f81ac752ee6
GWA-T-12-fastStorage,fastStorage/2013-8/1069.csv,1044902,6a4bf840b0504f1a452eb85d8e3649bf7489cee8bbead673274a792948082103
GWA-T-12-fastStorage,fastStorage/2013-8/107.csv,1091997,264977b60674633a09689fe41ea50a328d241e019a940e2cef0513d8fdf2e67d
GWA-T-12-fastStorage,fastStorage/2013-8/1070.csv,963239,07df52aa10906c8800ce08a50b5d1fa832c81da330bc00dd4821b1d93ed81bb4
GWA-T-12-fastStorage,fastStorage/2013-8/1071.csv,1206900,737cb44658477ed9a4b6aa07b86e30a11a15a1a186840a4518ed57f7d5c63b76
GWA-T-12-fastStorage,fastStorage/2013-8/1072.csv,967637,89521da3f64ada4ef8c4c31d779aa85cbe995f16b634f7b5d5f3475fbea0b3f8
GWA-T-12-fastStorage,fastStorage/2013-8/1073.csv,576541,bec128d51f3a42047a50d7541a1966fb9c9dadeef5fd585e97846505bc0a0899
GWA-T-12-fastStorage,fastStorage/2013-8/1074.csv,55824,23d1cd7f3c2322969c4b1546906ba6a8769c9c5c0cea9f9364a261ad94e363b9
GWA-T-12-fastStorage,fastStorage/2013-8/1075.csv,930310,ec796f3f4261961b977d4e3a74f6b55548fd8d8910e6cce7a2bbcbd286f3cf92
GWA-T-12-fastStorage,fastStorage/2013-8/1076.csv,1046178,c968832c1b9ded5b929f701b005f9463546f1faee23e90cd44f8dfa04448e029
GWA-T-12-fastStorage,fastStorage/2013-8/1077.csv,973048,d11f2d573a9213e1683478224a46116e9df5eccd862219137b4d94ee3b2635dc
GWA-T-12-fastStorage,fastStorage/2013-8/1078.csv,391827,056eb95662942cdc7bb8c6c5becda7196aff69afca87a41538284289f1fdbf49
GWA-T-12-fastStorage,fastStorage/2013-8/1079.csv,1088535,2810e8aebda27243958fe72d7b7c812755e2343ae1899b0a621a32129ccb824e
GWA-T-12-fastStorage,fastStorage/2013-8/108.csv,1095069,3f72eed5a045673822b840cd40ec715b2c84a8ea3e9fde273234577153484624
GWA-T-12-fastStorage,fastStorage/2013-8/1080.csv,989341,5c98b06d7db7904c2d48b7e1e9f1ae42e62289f17de3f4e4cbf43278989c9e6c
GWA-T-12-fastStorage,fastStorage/2013-8/1081.csv,1150502,d3ae1555501b124fa73e07c1f73a1bf79047fe25fe4eba41dcaa06eabde6a1c7
GWA-T-12-fastStorage,fastStorage/2013-8/1082.csv,964843,89c6c9b38394803d95aa246a660836575372992296bdecc96bca33d043d0fe56
GWA-T-12-fastStorage,fastStorage/2013-8/1083.csv,970438,8d5e482d79cb4a42b93a35ec32efa1d390b50cc5203538ca0f9702db46549d52
GWA-T-12-fastStorage,fastStorage/2013-8/1084.csv,827385,586fa48128bbbf75fd23d6081bf2677689d582b78099107f2b0c4f9118d6981e
GWA-T-12-fastStorage,fastStorage/2013-8/1085.csv,827060,a66146a17b2989f37e54622495f9aa281423d2cd1e5fb860cab51a2b61b4867d
GWA-T-12-fastStorage,fastStorage/2013-8/1086.csv,967188,e042414c52ec63ea84a512c6139cf1f99c82ff944be23e97888c631586043c45
GWA-T-12-fastStorage,fastStorage/2013-8/1087.csv,1027405,048d9656bc482377fa8860a72fa272925d718e348d7c0d39502e20534ba9c7da
GWA-T-12-fastStorage,fastStorage/2013-8/1088.csv,1005147,95f030b22732eb2ef3465901fde361e51921331db17ba277157f4a8bf4cef4fa
GWA-T-12-fastStorage,fastStorage/2013-8/1089.csv,1001042,65e1c7aa8962937902f29481bb7f6b84afa9fc6ae79a5f7dab680b5d15896a88
GWA-T-12-fastStorage,fastStorage/2013-8/109.csv,1069755,0fd24c435883d0a2a872c99ceee50b16f708bf3aeae4ada4542694d06483fa15
GWA-T-12-fastStorage,fastStorage/2013-8/1090.csv,1031637,77731b7e5dffd0e12645718278b9ed63fbfe0f27c4e8fd26106c1480bf0aa2ff
GWA-T-12-fastStorage,fastStorage/2013-8/1091.csv,1086480,de9ea3d5eff908fcddb8088c2b72d29f6acaaf7f387c5a758c4ba368f45c6d3e
GWA-T-12-fastStorage,fastStorage/2013-8/1092.csv,814992,78f17cae4cd8311ca1955d93ddfa1ddf9879569a83c424a2d2614a8f8952396c
GWA-T-12-fastStorage,fastStorage/2013-8/1093.csv,832797,3ff197cde88ecd5b8d619bd9d8f88c33e2d65183f2796dd1543832d7281bb4f3
GWA-T-12-fastStorage,fastStorage/2013-8/1094.csv,812752,159a8d782eeae3d02ee8f6649883f9b1a2c90d331700ee9cc28f8beda999841c
GWA-T-12-fastStorage,fastStorage/2013-8/1095.csv,1160295,ff686d9399bc099b4e79b3530f93425a9db4610ebeabe71ae81deedfc1c44b57
GWA-T-12-fastStorage,fastStorage/2013-8/1096.csv,967417,e4da029c40a019ad37ca0260d75944aac90ac3bb9db72bc4dacb40885dac6cac
GWA-T-12-fastStorage,fastStorage/2013-8/1097.csv,837461,240393c413194e8768c73ff82556a9394feb8ed0c80731cf944e101fc67f23d1
GWA-T-12-fastStorage,fastStorage/2013-8/1098.csv,800679,7ef949f267b7770b1c6e635fa9cf26dee84304efc04361a1f0cb5da0cd07f059
GWA-T-12-fastStorage,fastStorage/2013-8/1099.csv,916986,00eca094d7292cf009065d94724b8cae45c0cade0db0c9e89a8c5867408949d0
GWA-T-12-fastStorage,fastStorage/2013-8/11.csv,999683,8da8707550743c91bacc2cfe970759b09fed794b6eb5921b2d9800d7faae3f6f
GWA-T-12-fastStorage,fastStorage/2013-8/110.csv,1147822,3515ef73dc5d653effef6cf8f7cc678194692105ba089dd1ebf0bc003801127a
GWA-T-12-fastStorage,fastStorage/2013-8/1100.csv,965471,67d1a9c381c59bda9a81f16e511c4f7ad4e5c5346a58a776aec119d2045af0a3
GWA-T-12-fastStorage,fastStorage/2013-8/1101.csv,972576,d27ea40df839611d77d41a1a11ea464df45153bf95b10eefe9d413141212b9d1
GWA-T-12-fastStorage,fastStorage/2013-8/1102.csv,828652,25e203e472f6023132b396446445ffa350336c0131036db5a3c663eb367fab55
GWA-T-12-fastStorage,fastStorage/2013-8/1103.csv,827082,8388f68500a1e746223019c69cef506e832ba1a58888edc5edb460669b4d5f60
GWA-T-12-fastStorage,fastStorage/2013-8/1104.csv,801877,34356a3dd67d5a8d5f6accc75b978a946d0a7cd75c8cb505641982ea54669829
GWA-T-12-fastStorage,fastStorage/2013-8/1105.csv,863574,4713571c7c77f43c38610359528c1bd93bd32240bc4ef22d3d60dca152ab2f7a
GWA-T-12-fastStorage,fastStorage/2013-8/1106.csv,966233,cdbe6b4c995d033dbd045449b470ac9dc84f7c733d586b26a6c3798238f04daf
GWA-T-12-fastStorage,fastStorage/2013-8/1107.csv,1019279,f720aa618597e81968d89971139fc2626394f4d14127820d5e6127314884af29
GWA-T-12-fastStorage,fastStorage/2013-8/1108.csv,801529,ddf45b42291fa14ec2f427e4dd5bc917b174caad219e9daf2ce8e83979db041e
GWA-T-12-fastStorage,fastStorage/2013-8/1109.csv,844705,05b5c2bc570be36901f840165adc53230bf1226e36d7db2c5f79f32ae68af414
GWA-T-12-fastStorage,fastStorage/2013-8/111.csv,1067252,4b6d567f130bf86c57c27c7ff6c6b36ba4aa0d7c5389a8938b74b7a3b1c83230
GWA-T-12-fastStorage,fastStorage/2013-8/1110.csv,806386,e4406b60fdf976bdfd8b7cf2c8a959bfc235d86b2301a4bc06ab65579c18c4da
GWA-T-12-fastStorage,fastStorage/2013-8/1111.csv,824421,10492d7769251a78d8f44845c4c239f20b5d78573f4d7fbfa8a11c5fa12a9a79
GWA-T-12-fastStorage,fastStorage/2013-8/1112.csv,1143993,53d67d6cc4e29197020013793d7ffb0b7c56965bd269b484f56ae38fddde6f7d
GWA-T-12-fastStorage,fastStorage/2013-8/1113.csv,230303,72ebebaf9871b619829b881f9d9c9f6eeddf7757d7b6d63576a38c0b9821255a
GWA-T-12-fastStorage,fastStorage/2013-8/1114.csv,796278,c26ff9768e89b0f21a32deb29f9a5c62c0f0edb90b5e9707c2e4c8a50b97e993
GWA-T-12-fastStorage,fastStorage/2013-8/1115.csv,991851,86ed776dd4d9b2273f3d1382aedc24fd36cb10898a85bfd4d31c91235152adc0
GWA-T-12-fastStorage,fastStorage/2013-8/1116.csv,841245,2c7ec065d936cb693e5e641babe0d0c1c7a7fa1abfc09ac92e72d0f267ecbefa
GWA-T-12-fastStorage,fastStorage/2013-8/1117.csv,986436,da159244beafeeef04f0ec24a88d326fc35ebf0c7a33a62c1fde2277800ebc91
GWA-T-12-fastStorage,fastStorage/2013-8/1118.csv,713295,20c2fb532bc0eeedf5c176eb992a869357495b280ce653bc8bcebddfcbc2ea2e
GWA-T-12-fastStorage,fastStorage/2013-8/1119.csv,964668,a0ae3b32dc8a8caa845ccb6e0b8df84fc482d3b9ad11be2ee885dfd6866eb49d
GWA-T-12-fastStorage,fastStorage/2013-8/112.csv,1178120,b1f5a8d3b8d4ff4d481afd73381a999420ec570fe1c527389d72fef4688f4f34
GWA-T-12-fastStorage,fastStorage/2013-8/1120.csv,1070568,8570573bff3d7bc8ccf635be3a57185ec617e79f99d2a5d04601a4775c27c9e2
GWA-T-12-fastStorage,fastStorage/2013-8/1121.csv,810615,2502b12be7db5586ea2271e6f430ffb595c7793502dd0ff5c748210251f27682
GWA-T-12-fastStorage,fastStorage/2013-8/1122.csv,966210,543edd88b172f693e5eed6bfd5844ccc1457418f7d3aaaeedb1f9cd22040075c
GWA-T-12-fastStorage,fastStorage/2013-8/1123.csv,974882,d6f3cb12cee001dfbff86fd57ab5d2b4d3676ecd9b4a86a8afe334aeda71d076
GWA-T-12-fastStorage,fastStorage/2013-8/1124.csv,981870,66629e1124d10b288e273257cebd31d1617c96cb6ec210e3c3d5e7bcffda2d7c
GWA-T-12-fastStorage,fastStorage/2013-8/1125.csv,977701,f671dc0d0d26de89f766ed8678fc75379e5283ceed76879f2cbafcb28e8e1537
GWA-T-12-fastStorage,fastStorage/2013-8/1126.csv,953688,e3abc92f875f8f30cd1011c36023abc635e4da2feffcdac985e55614e2476979
GWA-T-12-fastStorage,fastStorage/2013-8/1127.csv,793993,bc6255620850214757fadce54a6310439d859fe9ba3705c58d2d0ed5727c87df
GWA-T-12-fastStorage,fastStorage/2013-8/1128.csv,1033026,b4c43450ea3d6bfbb135daa5d723e88c87f1b56a442b8e1455b00813bfae5422
GWA-T-12-fastStorage,fastStorage/2013-8/1129.csv,889341,ee09a4bdc6389ba7317f888430fdc606ddae71102114df862fad942ddfc340e2
GWA-T-12-fastStorage,fastStorage/2013-8/113.csv,1042463,492761b19bb322984cdcb4c7cc61f60bc680bd2029911912db40ed0b0fcd6059
GWA-T-12-fastStorage,fastStorage/2013-8/1130.csv,819964,03ba8690bfea839d997fe17e519de01ea2b097d052bcc8a1c5f5f9e58cbe5ce7
GWA-T-12-fastStorage,fastStorage/2013-8/1131.csv,806503,d1c8ad42a179b498cf060ecbcebc63e1748c538d3489266d212f5c931d7935bf
GWA-T-12-fastStorage,fastStorage/2013-8/1132.csv,618892,07268af11c7d7ee1d4f1db573798914ead6b0bf7e616a42bdf045b728779eb78
GWA-T-12-fastStorage,fastStorage/2013-8/1133.csv,899460,d0ea2a90d8b5494e7276bbb7026c8a07cef709bab5aab22b0c9fd9a88f615fa6
GWA-T-12-fastStorage,fastStorage/2013-8/1134.csv,808647,2f42ebdd0719266cc5341a5ff4802e1df6ac289c1a6925d9c6e8959708cfd272
GWA-T-12-fastStorage,fastStorage/2013-8/1135.csv,826472,5d23a970ccffda0ee02719911728a908fe207df9030355c08146321432319725
GWA-T-12-fastStorage,fastStorage/2013-8/1136.csv,967912,5dbc0511fc7b4504bf5ca03986580f88231f9c7f2ae81e1c3cd3d8a2934d414c
GWA-T-12-fastStorage,fastStorage/2013-8/1137.csv,830024,61b491373afa9c1387eead0837c50725547241ce849aadd1be44444f1843a40b
GWA-T-12-fastStorage,fastStorage/2013-8/1138.csv,967904,cf7e6241157262eb0b98a442c934f3b0d005741df3397cd63a052b87e539e6ba
GWA-T-12-fastStorage,fastStorage/2013-8/1139.csv,749199,19ba6d59015f87f383e3ec69f18b469d56392f0e543c1dbd76ef29bcd8dcf7eb
GWA-T-12-fastStorage,fastStorage/2013-8/114.csv,1156093,cd54915e51326766df4572914481336f2c1c9306973c5417b9fd7e10827c4feb
GWA-T-12-fastStorage,fastStorage/2013-8/1140.csv,964128,17dadff254907789380a587bb2458d0beab5e6342e4423659db5a53f04a4e00b
GWA-T-12-fastStorage,fastStorage/2013-8/1141.csv,975940,973a00ab4c5c58b0faf448d9e1b1ea0919d28f31eb6b2ae11b63b29040ee402a
GWA-T-12-fastStorage,fastStorage/2013-8/1142.csv,1133200,5bc68705cfbe875585439f3182b1c51427c30f8bf71374a8831074e6d03bf5e9
GWA-T-12-fastStorage,fastStorage/2013-8/1143.csv,862318,68e042ac05ebb6ca60e6f85d87b60c73df9e4a6bd295680e0a0b47d947e7c253
GWA-T-12-fastStorage,fastStorage/2013-8/1144.csv,734067,dc5f83d8eda3159402cba95b2467209e5fae3813f9089bb182aeb4abd1e975d2
GWA-T-12-fastStorage,fastStorage/2013-8/1145.csv,833879,0211ff77e2db5b48672f614afc28e21b0842c3db9ec35e53090931c054ee79e8
GWA-T-12-fastStorage,fastStorage/2013-8/1146.csv,991791,5f675b3f9a6fd7a53834d5809aff0efe4f99c9f22e9e47646990f49d85229c5a
GWA-T-12-fastStorage,fastStorage/2013-8/1147.csv,836292,c92ea0ee5a8f10e4f95860b6468a64c2fb78cf13ca60d95af11d3c3e4e780731
GWA-T-12-fastStorage,fastStorage/2013-8/1148.csv,978500,79f95dca802e2d0a24a47cd976c2d0dabf409cfd45d38c33a365509d65e2e996
GWA-T-12-fastStorage,fastStorage/2013-8/1149.csv,832362,9e5b3452b4c84607d28547d12bb66bd8d9de50099617e7e4b0d2ff8d2e13f277
GWA-T-12-fastStorage,fastStorage/2013-8/115.csv,1152092,3d329f3b6cc43017abd271180825370bf20038078ddfd2cc503391e8aa2a1f22
GWA-T-12-fastStorage,fastStorage/2013-8/1150.csv,963876,b33484bf2cf8ab7d32ae77810cb975a016ca04201e7cd89079cd6ba249b51f69
GWA-T-12-fastStorage,fastStorage/2013-8/1151.csv,191052,7a0d5ae386bfda1c7d33407830b7c033f23f5faf78864a3b92958bba59762db5
GWA-T-12-fastStorage,fastStorage/2013-8/1152.csv,799092,53cf196025f91eac2fe54fa2498ac238d2a0081dab636f7b6fa539c9804521ef
GWA-T-12-fastStorage,fastStorage/2013-8/1153.csv,803719,6e3b811ee4a71e43c4af7cce96281519bbf48507df6265027ad92ec1ea2620b4
GWA-T-12-fastStorage,fastStorage/2013-8/1154.csv,799302,75cce404c82234f4198240c7682f175854c6c7f28ba4c195c74978d648c0f035
GWA-T-12-fastStorage,fastStorage/2013-8/1155.csv,831705,ada88a7e7908942cdc8deaf2c3b96ce3b2a5e97fc143b6e301fcd929f266cc3b
GWA-T-12-fastStorage,fastStorage/2013-8/1156.csv,1011659,25d49b5aaff9c8821c6e24b89de38159509ea57685fb13d2c65ba4458d4e544f
GWA-T-12-fastStorage,fastStorage/2013-8/1157.csv,528227,af558afbe16bc173ee5aff3e87f69e0ce81981a799b33c47e14e9aa89e86eeb8
GWA-T-12-fastStorage,fastStorage/2013-8/1158.csv,1007409,4ad163af246a7a82dce08b5f1c80dca865d94995920e3f03ab4f5e831c310b59
GWA-T-12-fastStorage,fastStorage/2013-8/1159.csv,831809,1c10660f2b0dc479caa128364ae28da8bd1181ebad627c672161c104aa0167ef
GWA-T-12-fastStorage,fastStorage/2013-8/116.csv,1052409,6c53324b741de2f7cf09cd44dd49f20b3c258b6dd73723842bc6f9acdff2c926
GWA-T-12-fastStorage,fastStorage/2013-8/1160.csv,1137329,1ee748aa3bbac6f47214a0e3e9aecd8d9819f52d40be8970e208fba26013c32c
GWA-T-12-fastStorage,fastStorage/2013-8/1161.csv,1013291,adf5ad7606cc3fae9f52304359717b3fb875d0270521ed3ac39c13b1b9b38bd5
GWA-T-12-fastStorage,fastStorage/2013-8/1162.csv,1131644,b6152f1cfa7c8820016de6baa2aad2a2f92c5fa008cdbb3798cc68b0dbf74a44
GWA-T-12-fastStorage,fastStorage/2013-8/1163.csv,984141,da3ee7d6911c9abc94d683ead64fba756235094960d44764468c3e8cfb5d59e7
GWA-T-12-fastStorage,fastStorage/2013-8/1164.csv,471306,bf8b1c716d76b633858db37cf19c165006d392e3f6c42d5553a9b7eaaf1a6e89
GWA-T-12-fastStorage,fastStorage/2013-8/1165.csv,968051,72ad11a686eaba6c4f4773d85e0ffafa2491eee467e4cfde2340387c6be6ea44
GWA-T-12-fastStorage,fastStorage/2013-8/1166.csv,1018683,3e670e56926e2f7ac9f5aa6c309af665846c28b321aba8282bf0d5b53e43b31d
GWA-T-12-fastStorage,fastStorage/2013-8/1167.csv,966924,28dbff41365066ff7d6be0d3fa521caa9eb4a4bd805a8135c7f4d1e05d596e05
GWA-T-12-fastStorage,fastStorage/2013-8/1168.csv,819491,7d3709abdc8a53d23ce35f979793da80359e1b719544b843585122f59369bfad
GWA-T-12-fastStorage,fastStorage/2013-8/1169.csv,800789,b68a29e667b49a34fe6dfbc5881a39c2283cccb56fc2d522812e3794471b37c6
GWA-T-12-fastStorage,fastStorage/2013-8/117.csv,1161610,80ee015ed0ef38b5b3f9f6549a09c86a649da43d17391492fdcbb70c037f7a49
GWA-T-12-fastStorage,fastStorage/2013-8/1170.csv,965879,c1df8b949c5a7bc0138e365280dd9d4dc9bf5edaf77d2d2d0db60cad8edde88c
GWA-T-12-fastStorage,fastStorage/2013-8/1171.csv,808460,7dc9eb7f45cb13e833d070d08a4dc91630b59218027efcfff49315410ba293bc
GWA-T-12-fastStorage,fastStorage/2013-8/1172.csv,1020645,fa5b94d3fe890d452314ad7c362edf0cb2d7c3ee887c5216db3fc1a5ffe4ede5
GWA-T-12-fastStorage,fastStorage/2013-8/1173.csv,1020137,617dca8ef1412fb0f6dec37b3f9804f93f9707ed14392058fdc05cf294ecd73c
GWA-T-12-fastStorage,fastStorage/2013-8/1174.csv,828031,698e0347138ff77f1525946a09e79a3f412a73df67a98785ae3a1acfcd024d96
GWA-T-12-fastStorage,fastStorage/2013-8/1175.csv,803993,362ceb6cca1f0971a7ce436e0545560504f0d990e7cf2626ac8f4e68bf6e36c4
GWA-T-12-fastStorage,fastStorage/2013-8/1176.csv,873748,d05c45b53758f2a21e08d4f2f509f772aebfef259f6496fa9345f393674e8335
GWA-T-12-fastStorage,fastStorage/2013-8/1177.csv,1159743,6544fc6f82cfcb376d858cbb51df346e937830adb244629cdc3870b3502a63c4
GWA-T-12-fastStorage,fastStorage/2013-8/1178.csv,826682,aee99d5661faeb179af9f5f0b2cb5007cc7b48d268f0461da1bc55a6e7fb0d02
GWA-T-12-fastStorage,fastStorage/2013-8/1179.csv,965761,f95025e2e0334863825aa01ae24d4c659036137d9c6ecd5be55c77920d76b6c3
GWA-T-12-fastStorage,fastStorage/2013-8/118.csv,1039282,75bbe37430bd2a46bf42abbdf8047b35a749dd0f52900a9aeefb05b5465d3e4b
GWA-T-12-fastStorage,fastStorage/2013-8/1180.csv,832266,b8f1d07e0bafd6a844c74f5355a62d2f5bb628032676b056fda207de883c54f6
GWA-T-12-fastStorage,fastStorage/2013-8/1181.csv,831473,5bb7b889fc61b5dfe9dec2b8702850e7c0bdb9759ffa26764930576d43a9a6a1
GWA-T-12-fastStorage,fastStorage/2013-8/1182.csv,814493,b51e783f72a5a2e5296ba8004d1c9a096e8144c7a1b3c478398cf6595b99557e
GWA-T-12-fastStorage,fastStorage/2013-8/1183.csv,821010,1c6900c3c73cea0fb009aa7329db5471d5acf26f7ff73254466b06150645759e
GWA-T-12-fastStorage,fastStorage/2013-8/1184.csv,992051,f4613a8165777300c41ee3e63bdf5b5fe4639748141702f46e87c6692356a19f
GWA-T-12-fastStorage,fastStorage/2013-8/1185.csv,819276,aab9ac09a8556b4c273f941fc14d7f38f736f4bfcbe32ecf5b41abe68b4013d1
GWA-T-12-fastStorage,fastStorage/2013-8/1186.csv,823490,7cad7aed3da05085b02c9a2f1252e8f5877b964fa4444caf736f472f7eaa6ac7
GWA-T-12-fastStorage,fastStorage/2013-8/1187.csv,961604,c8d1b52e7f1a271b2b822c46b829c6b217c1dd731a2a35f6e045f6c02ab3c8f4
GWA-T-12-fastStorage,fastStorage/2013-8/1188.csv,1145405,122297b35e72eb5667a126c3beabec01c5ccead2c4fdeaf4d403cae1d1df2f0c
GWA-T-12-fastStorage,fastStorage/2013-8/1189.csv,970093,3caefec1378193c9b9c9daf8675b2242484b2d229f2f8195ea3f01b063306fce
GWA-T-12-fastStorage,fastStorage/2013-8/119.csv,1030229,b27624d9a991bdf308a47c1b0a9ef5a1ec7d349e638381dae542664b4285a2d0
GWA-T-12-fastStorage,fastStorage/2013-8/1190.csv,1021393,715522532d57bdf56a10c4b1b157799c1b564d865c7a41f2a40071c3bfe65df5
GWA-T-12-fastStorage,fastStorage/2013-8/1191.csv,799918,0218111707df6cce7690634196416a710043716f24471f7e729cd9b6a21ed199
GWA-T-12-fastStorage,fastStorage/2013-8/1192.csv,806655,d34efd18c2304b7d300ecd16bff38b3b5ff9922473ca0e784e29ea5fc1110c20
GWA-T-12-fastStorage,fastStorage/2013-8/1193.csv,780505,811bf1b0497909d33fc03d0e5bf920151c83342a070b59a922e115239336305f
GWA-T-12-fastStorage,fastStorage/2013-8/1194.csv,702637,a29919f8b8d2da46a89ff044e4c35ac9c5eb8ce9be4cfab82a0537251d6db9ca
GWA-T-12-fastStorage,fastStorage/2013-8/1195.csv,828684,2a2ed6f5fbe1570527a3e28242dea10f5a667c14c72872e66b0abec451a754a2
GWA-T-12-fastStorage,fastStorage/2013-8/1196.csv,983126,defd529ea4086ff1c5025ddc646978ffce8e3158ecedb02e0f65972ac24c7ca9
GWA-T-12-fastStorage,fastStorage/2013-8/1197.csv,850611,f7df1b6f825085fa47007f41507e58e7a528719487d5703ebfbc5a6aa03f3bd4
GWA-T-12-fastStorage,fastStorage/2013-8/1198.csv,769414,77e39a4ddd53a884fe379cbd92deaa77140100c7b1880e92ee0791a89be2d722
GWA-T-12-fastStorage,fastStorage/2013-8/1199.csv,1151786,f24af0a1b31cf8a28653a94fa42ce5ef26011f0b5b0a5d6b8a41d659f7e90510
GWA-T-12-fastStorage,fastStorage/2013-8/12.csv,744142,e8a0d8ebf11450b17866b9e815fdcff57f00a872934fbf6e1461fd65e6d6eae7
GWA-T-12-fastStorage,fastStorage/2013-8/120.csv,1054283,bd48cb8ffae16d012dec8c228f44aeeb53266276c9e995728bb5adb95f4a0e02
GWA-T-12-fastStorage,fastStorage/2013-8/1200.csv,987855,76a66f805d852a01f67b0cc4cd3d0cb6c6ad42ea5caea802726bb7fc98db9769
GWA-T-12-fastStorage,fastStorage/2013-8/1201.csv,708616,472789a3cf40c59220297d9437878319a69007d8f5789a1c5b40d76e819f8720
GWA-T-12-fastStorage,fastStorage/2013-8/1202.csv,916000,7f6775b925b2e21a7ef5d39f4f1b88d8c7d2bd077296feaf3f6404a3ee5cef45
GWA-T-12-fastStorage,fastStorage/2013-8/1203.csv,965490,633e3f5ff258ca4d61d7ffd26fc22e4cc48d69ee1d973d62364b14c7fc3241a1
GWA-T-12-fastStorage,fastStorage/2013-8/1204.csv,990223,615ac21b42876bb61b30f0ecce8d0193148dac46d736100e07f8fbf312f64a40
GWA-T-12-fastStorage,fastStorage/2013-8/1205.csv,990754,f7f05575d9b2570e9701e48f171d751850f3a6b6f18c8c1c7b41e7b97869f838
GWA-T-12-fastStorage,fastStorage/2013-8/1206.csv,853161,21c7197f30c94f68318e2c121cab4f5858860d73134cb270aafbf1d534846c58
GWA-T-12-fastStorage,fastStorage/2013-8/1207.csv,882903,05c4820e523bb8a6ab4b2234093917730cef70786f7b6efba438713916c97cf1
GWA-T-12-fastStorage,fastStorage/2013-8/1208.csv,821115,a474cb2c8d4aaf58b11a211d4f2d5070c12b89958c4d6bcc72ad2c2e358943f4
GWA-T-12-fastStorage,fastStorage/2013-8/1209.csv,12853,fa29c957217fdae8958ea5f3d88ae988454a81e2adf4420e92b5e88f79255b34
GWA-T-12-fastStorage,fastStorage/2013-8/121.csv,1042371,46eae8e60f332a0c53b59d20b9f99ee52d4fb01523d8454516fa5d6ef0fdb1dd
GWA-T-12-fastStorage,fastStorage/2013-8/1210.csv,487726,0814f4689490eea250da7b9341efe74d474cf66ab275d51a17dc8ae4a9c63c6f
GWA-T-12-fastStorage,fastStorage/2013-8/1211.csv,4823,cf773692a1642b4d74f3bd5a50ab2fa5e73a660317efe0f2a8bccf759f5849b5
GWA-T-12-fastStorage,fastStorage/2013-8/1212.csv,480555,fbf8b034a52439e0b9b4d1ca910f2390691d5a0c150bdf6ba8029824bdf1fdbc
GWA-T-12-fastStorage,fastStorage/2013-8/1213.csv,1450078,8892b4152f4b9416c5397e4899f1e986ec9fa26de1c34d59fe2bf60d232d2ca1
GWA-T-12-fastStorage,fastStorage/2013-8/1214.csv,1190108,4d11ee48ee0d1e42972a3583dd3b932eaacf64bb06d8eca52e5aac635c856e8b
GWA-T-12-fastStorage,fastStorage/2013-8/1215.csv,874204,d090ed885aeb90f17022e2c23b210269f701e48e8c01ac32e7ed8b881d4907e4
GWA-T-12-fastStorage,fastStorage/2013-8/1216.csv,766319,4ad31519dae291c8f05fcba41502284b83a2795f3ec0b1e5f19c954ca20276b8
GWA-T-12-fastStorage,fastStorage/2013-8/1217.csv,813708,3d9650baa3eb2cb211951547ea5417e6e36f24fd2d269397355459560f3aca73
GWA-T-12-fastStorage,fastStorage/2013-8/1218.csv,1072415,075876904712c48b11e4d3ef7aa0c6f87094937098326bea68424e077cb1687c
GWA-T-12-fastStorage,fastStorage/2013-8/1219.csv,798796,37d162231e2c63bda83ab340c43869de25957f9c15764adc6df1fbc453b9b3f2
GWA-T-12-fastStorage,fastStorage/2013-8/122.csv,1183684,29ea31cc890f337fa44f8099743007fa3122731bdb1b714f08d223985f942396
GWA-T-12-fastStorage,fastStorage/2013-8/1220.csv,1021510,3d01f7576e6a682b29ed3b11da309b1a00cccc990da985eff57885c9f297b090
GWA-T-12-fastStorage,fastStorage/2013-8/1221.csv,1017892,3bc08db129c4423ce98f9ea5c7c9d444029f7789ec8bf694f5f80661c2c494c1
GWA-T-12-fastStorage,fastStorage/2013-8/1222.csv,1021656,bed914660d68b93433dbc1acac62339211c6b4f8485db490a06bcb545410508f
GWA-T-12-fastStorage,fastStorage/2013-8/1223.csv,422736,e8abdf766f30ae72e6ff274b1a893e0c193ab5839046e5506989f1a236c48a97
GWA-T-12-fastStorage,fastStorage/2013-8/1224.csv,767611,a8538416ba3a398c4c47e946c14cd7eb22271458d6b678ad2592a3775104cbbf
GWA-T-12-fastStorage,fastStorage/2013-8/1225.csv,793581,e2562f0651b8200a71017809a1589a19d8860572f80783c1fbc032d134022fd5
GWA-T-12-fastStorage,fastStorage/2013-8/1226.csv,1275035,cdd5cc0c9eb0de560edf2fdb813f707f9035be456c530234e12d20999a934077
GWA-T-12-fastStorage,fastStorage/2013-8/1227.csv,1187025,6e9d849e46313e459f2649eb40843f0f7ee478a5233b4fcf3499a8e2de08215a
GWA-T-12-fastStorage,fastStorage/2013-8/1228.csv,1245871,520d55adde50d7087cbe6e0b1146dfbb4ae3b2c26afcbaa1d9e4eed4ad5cceb2
GWA-T-12-fastStorage,fastStorage/2013-8/1229.csv,1178673,d3817163839d7c426f2d992e8441e03c2fda63274b16708f36247a99d9252a8e
GWA-T-12-fastStorage,fastStorage/2013-8/123.csv,1159389,b47eb374c4430d9930306864c00f9d7e69c7a001f6c8cc0951ee4fb4cada3b94
GWA-T-12-fastStorage,fastStorage/2013-8/1230.csv,1187047,8be57a63c551ab660d08214227e26ea83c39f0d4b5ace940b84df321c4398663
GWA-T-12-fastStorage,fastStorage/2013-8/1231.csv,1050983,db7793c645751b18d7374decd38ff18571406291cea816cc5f53e7ebd1fbba65
GWA-T-12-fastStorage,fastStorage/2013-8/1232.csv,1111311,f59d88e99bff08cbc44c544a822520b2300e535ea347816c043d99085e65ae4c
GWA-T-12-fastStorage,fastStorage/2013-8/1233.csv,1155867,1f42fcc67f9dd5d170ee9fa88850bf97313fe0d5b4b5937459aee2ba451d84ad
GWA-T-12-fastStorage,fastStorage/2013-8/1234.csv,763490,d782f5cdeebd7f3d74cc56c3c4f03ce592ea7385f89209c12f45224cd3d3bb64
GWA-T-12-fastStorage,fastStorage/2013-8/1235.csv,196480,a276e481e4552e7232dc55d66402e65fa4d979ec878f7a293ff6b507310582ff
GWA-T-12-fastStorage,fastStorage/2013-8/1236.csv,827959,79d209a8ca3fad33ff26ee2f75693bd6a1d50af6c858a00eb15ea90935b25ece
GWA-T-12-fastStorage,fastStorage/2013-8/1237.csv,713926,af58c9b2047fee80461449542030e3f2c35e9e6276f167cb6291ac8ccde1e4bc
GWA-T-12-fastStorage,fastStorage/2013-8/1238.csv,847302,4dc7c32d4125979357339902968ee4ff7fb838f84183e9d341c446b4bc129a8c
GWA-T-12-fastStorage,fastStorage/2013-8/1239.csv,519833,44b8b393a557a4cf71e494ffee0f05786eeca7bc8603e7415f17f8b57d826e46
GWA-T-12-fastStorage,fastStorage/2013-8/124.csv,1158355,94c59e1cce6dc23c43a145c5be775d42f8a277b0501bcf3218994cb6e446985f
GWA-T-12-fastStorage,fastStorage/2013-8/1240.csv,519695,81acec410140d7c982e01c7d43a6b997953859bdbffb5e8968ce454a5fc3e412
GWA-T-12-fastStorage,fastStorage/2013-8/1241.csv,520206,546b221a7057e2ad87ace161492ec06c151bd6747b61cf3f71ff7e4d2fbe7bd7
GWA-T-12-fastStorage,fastStorage/2013-8/1242.csv,520089,7bcfea44900dff8e8a67bf387da91ffae87d64d4020d0cb8146005eef54d1845
GWA-T-12-fastStorage,fastStorage/2013-8/1243.csv,519522,8f53c485711670ece6637ed705d394246e87b53560f130c1e21b04403a8b98c8
GWA-T-12-fastStorage,fastStorage/2013-8/1244.csv,522102,2ae8b772d25fc7a59c9b93c1072c2398bad71b7d690b169c5f7b4b48bfb68049
GWA-T-12-fastStorage,fastStorage/2013-8/1245.csv,522085,63639efe815468865a8eaf53f14a473c17df28b61a0c7f2f37ce66ebf1f83725
GWA-T-12-fastStorage,fastStorage/2013-8/1246.csv,520296,f3af91c85df044edceef7eebd1ed8a21fcdc748806bb655a125d1e25f400b019
GWA-T-12-fastStorage,fastStorage/2013-8/1247.csv,520021,db5e8920cd00bf5da44d869c49aec4ff605772182812fe7cf390bdb58e6fae1a
GWA-T-12-fastStorage,fastStorage/2013-8/1248.csv,520358,ecfd225c8c2f8bc0dcab25e5ca59a82c5f0186bd6c93b9f0ab4ad18802d96580
GWA-T-12-fastStorage,fastStorage/2013-8/1249.csv,522161,768899e6d8aa4f625e29c48202b7501685b0f2e5da8f09f0f0cd6dba59b7129f
GWA-T-12-fastStorage,fastStorage/2013-8/125.csv,1154131,2ae1cc13e5fd75075eb637c35572b5a1579fc165d0e83baeebc185bea4b52122
GWA-T-12-fastStorage,fastStorage/2013-8/1250.csv,521518,9b6616640edd431bfc95693b6688db1ca9c9c711dbb3fbfa770806afbcf9d0e7
GWA-T-12-fastStorage,fastStorage/2013-8/126.csv,1203250,56cba8f26293e3edc3e65dc89d94de6e6d7d17f632787d866a1b375e0ff05d23
GWA-T-12-fastStorage,fastStorage/2013-8/127.csv,1067651,da2d4149f01d6ca07c91a46bd94043c9135a587c4779267462f3617cb7e43ff6
GWA-T-12-fastStorage,fastStorage/2013-8/128.csv,1132365,189aa057f74fe9debe6828da5c399c1fad94567b649b19c6c528f1293e3627fa
GWA-T-12-fastStorage,fastStorage/2013-8/129.csv,1144185,48ca178810addcc41a8dddc9c1a3b769b0cabebacf185c8ca2edfa5e3dde5cb9
GWA-T-12-fastStorage,fastStorage/2013-8/13.csv,746591,414de6a488b52616a2ccf29e45e9d3696c7832db0384953097e1644212939378
GWA-T-12-fastStorage,fastStorage/2013-8/130.csv,264532,be22d7d3a12c13f5051a2c57916cbd1a9357741da3d8d8b052959c548a64ca47
GWA-T-12-fastStorage,fastStorage/2013-8/131.csv,1174766,1b45439e794d229e9baeb489789f458b73826450f72c363234d9511c6ef46345
GWA-T-12-fastStorage,fastStorage/2013-8/132.csv,928590,f1de81f98a4e3de019f5a70c2733cc10044c7594fbbb79d598e3b6a14f5eff4b
GWA-T-12-fastStorage,fastStorage/2013-8/133.csv,1144891,cac0042931b07fcfdba267a4d01afca1c5fa06823497ca7ad1f3431a2ef91a15
GWA-T-12-fastStorage,fastStorage/2013-8/134.csv,1154069,40c3e18e0f537cd098d0858443c5523f2ee14b4560fb0867228288dd151e110f
GWA-T-12-fastStorage,fastStorage/2013-8/135.csv,1139099,0aee1c20f97d3858eeef60c2c730407a6a32dfe7f12025396563b70247872db1
GWA-T-12-fastStorage,fastStorage/2013-8/136.csv,1146533,b586c50e322d2c927312f0ca8f6940a869ba099fee8ccbfc72dc6b7d98cbc5dd
GWA-T-12-fastStorage,fastStorage/2013-8/137.csv,1061839,2b879f4607a01a60d6395ddb467b0004033db394ee89d1b3262f801532d0164e
GWA-T-12-fastStorage,fastStorage/2013-8/138.csv,1067791,e43404d51d1831b596f7c2f23119e5343f8f1ffff8c7f294805cda3543373cf4
GWA-T-12-fastStorage,fastStorage/2013-8/139.csv,1076142,eeae97b0bccefd1c5353532eadd882f0412549d4eb7a955c7992495caf048f8e
GWA-T-12-fastStorage,fastStorage/2013-8/14.csv,976025,879af7fa60cb5d799cd84497ff199c346e390f96362e926612ee58de59a16d56
GWA-T-12-fastStorage,fastStorage/2013-8/140.csv,1064345,3f035e4326b44505711e30375a7cdaaaba8d3b92229e6bedee5a5ef3bd473d49
GWA-T-12-fastStorage,fastStorage/2013-8/141.csv,1147330,ba0845813764004655109f8d0ee229c6691a6a3cf896ab5233bf922e07fdd893
GWA-T-12-fastStorage,fastStorage/2013-8/142.csv,1182335,a445b5a4b81c3b3778ddfaabf6599d62bc5fa391b833cd69b837c4f30137c6bc
GWA-T-12-fastStorage,fastStorage/2013-8/143.csv,1164741,7ce5f045e4cf9e44967fa301c2bde9cf10d57f6d2cad1598b6fb2fe81a32902d
GWA-T-12-fastStorage,fastStorage/2013-8/144.csv,985248,b248ce11cd574ab69723d38a7a33bd383918012fc3a516690f16443ac4c6a4fe
GWA-T-12-fastStorage,fastStorage/2013-8/145.csv,1154474,12409b05833ecbd70da2bae2f714a2bce850a639988e4096e9781e0571d22d28
GWA-T-12-fastStorage,fastStorage/2013-8/146.csv,1166408,36239a45dda8672181848e17530a76cfc093671574c7149779d2024e57e77da4
GWA-T-12-fastStorage,fastStorage/2013-8/147.csv,1160409,8dec23cdb44688cdcc7b717b39b7bbdb6f49156ae09fe64b809063017abf2f8d
GWA-T-12-fastStorage,fastStorage/2013-8/148.csv,1000466,2c320b980a51c6a78d9787be3241d54b3a4fc8042d38edca0cf82a60ba3aed85
GWA-T-12-fastStorage,fastStorage/2013-8/149.csv,1197220,5544d0c7fa02fc7287ba89dce1bb2f92c235f59354c30aba9ed9511a701feeb7
GWA-T-12-fastStorage,fastStorage/2013-8/15.csv,1247798,49212acedf15694563f22833269945a07979d9646e1737bd297142cbc93f5be1
GWA-T-12-fastStorage,fastStorage/2013-8/150.csv,1106503,5a4afb5db302435c3299d6f884d188034ee48b64a79f9191ecc6c0f37feb67ad
GWA-T-12-fastStorage,fastStorage/2013-8/151.csv,941625,10ce289cd9415ca7b67c52a544c0910572c331db5a4aeb3e1331c52bd215293b
GWA-T-12-fastStorage,fastStorage/2013-8/152.csv,756688,b279004ca867bfb0e1f805115282ab9f9691fb73ea245823dde81bc4be5a80a8
GWA-T-12-fastStorage,fastStorage/2013-8/153.csv,930121,6bb4982133ef58fe58b43cd21d4cc306ae8914ea149d692f391467579a52e65d
GWA-T-12-fastStorage,fastStorage/2013-8/154.csv,937811,8e46ce9b27d9a30d82d602b56a0b6dea83d7b0de4986f51aca5e423d06db8e21
GWA-T-12-fastStorage,fastStorage/2013-8/155.csv,966672,b7733eef4f1da48dbead067329158c3cf3b8605fff05738dfef18746a9d45795
GWA-T-12-fastStorage,fastStorage/2013-8/156.csv,1196297,95e2ada99d602c65a311e3e23841906aeaca7873a0526204b59d8be09535712c
GWA-T-12-fastStorage,fastStorage/2013-8/157.csv,971336,a0f8482d9488546525913d59a760bbfc65d37b0d9dc26e387e88508ded64da39
GWA-T-12-fastStorage,fastStorage/2013-8/158.csv,802963,17a2da459305edfa36350aba4f9e966b907f73879e148e263987dde42ba3e32a
GWA-T-12-fastStorage,fastStorage/2013-8/159.csv,1018707,43a043f1d2570399da0380462f00376f0226329e0a1971f3d92d7e746a2d3733
GWA-T-12-fastStorage,fastStorage/2013-8/16.csv,971298,0beea59226573b906767ee56c06b8bc87a832d3c41b1ea89a33a7a32bb2bd67f
GWA-T-12-fastStorage,fastStorage/2013-8/160.csv,1004193,eff324b6ced284753ee0d6eb7eb33d159b18841a26557fb7f389cfd46f102075
GWA-T-12-fastStorage,fastStorage/2013-8/161.csv,76013,6b1b1560a972543494bd2fa96cc2296518d2d9bac850f83987dd44d3c5742a47
GWA-T-12-fastStorage,fastStorage/2013-8/162.csv,110248,289da827be9855da6e6b4a77d7eaf8eecb65d0a3bf948609a39d2c52d0cae7aa
GWA-T-12-fastStorage,fastStorage/2013-8/163.csv,913177,ea3a2ec51e2eac96cdb139cbf083472a16553aa0388da602b3223bc52347560c
GWA-T-12-fastStorage,fastStorage/2013-8/164.csv,1019758,de3875652a8aebe3d7801f089bfdad48eacf3c1601a1e5855d2896223a981605
GWA-T-12-fastStorage,fastStorage/2013-8/165.csv,1080039,daef93704b8ba5a770a11afdb5e697bef63ed52fb05965f3e06e2ade0f0b51fd
GWA-T-12-fastStorage,fastStorage/2013-8/166.csv,948226,3ee74a550597fa9aa79d17bcf159dc4cc6c0dea6be13cf76929f1ee8c57e8489
GWA-T-12-fastStorage,fastStorage/2013-8/167.csv,1001065,59cc15642babf17ddcae1e8b8a106fc59b84f627708336a2f8c373b69cdd4f14
GWA-T-12-fastStorage,fastStorage/2013-8/168.csv,1386498,3b57fbf5213b38a34628ba87c07035da9f045041d5be722e64a231ccb6a3b9aa
GWA-T-12-fastStorage,fastStorage/2013-8/169.csv,1031329,583a7c470abea94eceaf138cfc4a5eb11d45ea34640222024a00a217bd20a6b3
GWA-T-12-fastStorage,fastStorage/2013-8/17.csv,1007413,4937d8455725b93702a1d8fb6ee994bc91cc460ca4854a984145a934fb9bb1fa
GWA-T-12-fastStorage,fastStorage/2013-8/170.csv,675227,b80d75174a5d16a349a53c799396f75715a1c0ea21c233d33ddda9cc5c5d98ff
GWA-T-12-fastStorage,fastStorage/2013-8/171.csv,930964,b07f35c34d7bfe94b458aebcc25cd5cb263d6243945d4e7a3d49918f826cc577
GWA-T-12-fastStorage,fastStorage/2013-8/172.csv,1054355,2ebdb6decd2421d2434dc21c08eb49a075ce31419646cb57a807fca1472b5a9b
GWA-T-12-fastStorage,fastStorage/2013-8/173.csv,753524,3d73281a2666fe04e060490ff9b72a806de294546e74bc8513f6e043fea5cc75
GWA-T-12-fastStorage,fastStorage/2013-8/174.csv,915673,984205a55aa10e6ec22f7a2078494c8fd5382cd0a39a504949cae6df48897e3c
GWA-T-12-fastStorage,fastStorage/2013-8/175.csv,754858,ad7f3c041cf6023f1ffbc03cf8b205f0024abb04c6782f23256a25ea75d072dc
GWA-T-12-fastStorage,fastStorage/2013-8/176.csv,923255,adc4195d39cbc99e769718b627c7884641ff759bce296ae777ec6fdb970bcc80
GWA-T-12-fastStorage,fastStorage/2013-8/177.csv,841489,9c23bff184b856ee9143bc82f5ea39a3c14bd9a15d0d34038b6eb9583018fe15
GWA-T-12-fastStorage,fastStorage/2013-8/178.csv,860841,fc79736a8a9c58381252c60d8de807f7d2f4bf7478e5786338134023fcfd59e5
GWA-T-12-fastStorage,fastStorage/2013-8/179.csv,1344052,c71b8d809a5e4a440584acbf3275d12a625bcc89e055d524a1fc089ea3820dcf
GWA-T-12-fastStorage,fastStorage/2013-8/18.csv,972225,1afad6ba8db81ddd58ec6e4de32ac329c87115fe3a6d16e5b4ce24d8640946e2
GWA-T-12-fastStorage,fastStorage/2013-8/180.csv,1348339,dff9dcd4e86a4eeebb2f00e03dcab6b495e909d26dc3200bcc9453fe99e861b6
GWA-T-12-fastStorage,fastStorage/2013-8/181.csv,1067996,37c2755c7a4d7709d330d405f36596c74cf38a4478b451c6757147cb0c423d67
GWA-T-12-fastStorage,fastStorage/2013-8/182.csv,783988,0d348a3b5da31b6c788b9657b00e1bcba835a24de139f5ac06bfb5fe6ed90880
GWA-T-12-fastStorage,fastStorage/2013-8/183.csv,1276650,8a508dc5022292f3f30834536bf229270dcc2cc5ad448bd4686e7740ab96c0c9
GWA-T-12-fastStorage,fastStorage/2013-8/184.csv,1336595,686ae3d9b45b849be6143553a5849e3a61ba73bb9f5a785ecab7a6ffc5086fd6
GWA-T-12-fastStorage,fastStorage/2013-8/185.csv,1245084,e4d9457ef1d0cdc8a111cbf15ef935c1ef42881eed30362866ed66ef201a4ed7
GWA-T-12-fastStorage,fastStorage/2013-8/186.csv,1272809,33156b72cc249d59f14900940adbcf59fc8262d6ee2bedca0ef90f3f07c1306b
GWA-T-12-fastStorage,fastStorage/2013-8/187.csv,1214359,a3941a6f642ec4d06517648c5fe074ed16de69a1a5f59d194c57c66900ffa7fe
GWA-T-12-fastStorage,fastStorage/2013-8/188.csv,1219350,b9284a19dd1f2447bfac3cb69f4eab91aee38df10900f97aeea1a6353d0dec22
GWA-T-12-fastStorage,fastStorage/2013-8/189.csv,1216151,d4df910b3f98b4d8d6dd5fcefc710783a843472064ff228b5fda060551342b14
GWA-T-12-fastStorage,fastStorage/2013-8/19.csv,974631,3670389f8cacec13302e786ba422b62b1dbbc7e7ad9047a01b65481ad07ea502
GWA-T-12-fastStorage,fastStorage/2013-8/190.csv,1221741,8fe9a07afc90db2af91aa565d114d53b12e7f90315a4bfb705a828cd0f2a1109
GWA-T-12-fastStorage,fastStorage/2013-8/191.csv,1219111,b74c816ab3088b6dcca55fc72b00f3690212302922df12e9c2e2f409cb6c8aa1
GWA-T-12-fastStorage,fastStorage/2013-8/192.csv,1275927,9bf986eaac3ed91854b74ae57f746361bf16b1af71704d76c7fdfe40a0929a21
GWA-T-12-fastStorage,fastStorage/2013-8/193.csv,1229354,da52866c015bfa8db629276c3f4140caa8cb93dc37a42b4d979fd0f53548f74b
GWA-T-12-fastStorage,fastStorage/2013-8/194.csv,1216437,08cc22b2587775df748c345a1259b5afd9b558bd65f3d877294909e181eb1a04
GWA-T-12-fastStorage,fastStorage/2013-8/195.csv,1275912,a54be2b717ea2ec4098157b90b49f9466029e26ad6f4e135c4decf82056a32f6
GWA-T-12-fastStorage,fastStorage/2013-8/196.csv,1280857,2025656d1a0adcee97fa9296c5c4dd98eb2647df2f560eac878c8d920cdf862a
GWA-T-12-fastStorage,fastStorage/2013-8/197.csv,1216635,43e32f9d752427c807fcbe65f6c15c21898b6adf2dd5430cead583f0fbbff4a1
GWA-T-12-fastStorage,fastStorage/2013-8/198.csv,1218680,c4caefc2742175fa2df9371949d5f455d3acd9ec50078e5ca91bd024a926d888
GWA-T-12-fastStorage,fastStorage/2013-8/199.csv,1219614,e623c59cd393f07cbb91d4f95924b6da6916f8c81d5f98560afe93a0f44904c8
GWA-T-12-fastStorage,fastStorage/2013-8/2.csv,972452,a73af747c89f5e4a2c2b4fc9610f7c35fd210409a978a22195b111abbd98cdb5
GWA-T-12-fastStorage,fastStorage/2013-8/20.csv,535536,1c30f6b818a985dc890f6ff66ed16af124508ae296f4fbf086cdc6358ebe5411
GWA-T-12-fastStorage,fastStorage/2013-8/200.csv,1240223,5427105fb1ddfccc7a89588c777acb1ec3e3f095c7409533e4d07c79cf1a226b
GWA-T-12-fastStorage,fastStorage/2013-8/201.csv,1201792,74a9ec7018a4eec5d6c97dbb856975bb6c9284393749b6806c0b323992278b9c
GWA-T-12-fastStorage,fastStorage/2013-8/202.csv,1211142,1e44a40b96a1e18c8896a6f24c9bff28f46f0c88480891c08bea1d4afc44bde6
GWA-T-12-fastStorage,fastStorage/2013-8/203.csv,1207701,d0a651a73015943c3cc58a486be456c1644febbe155ea5fcdcf20dd80bc0d559
GWA-T-12-fastStorage,fastStorage/2013-8/204.csv,1214671,1974e31436705bc1ef8dc37a12b8efb1dc6d9ee92fbb0cb28a9156927e7d30ed
GWA-T-12-fastStorage,fastStorage/2013-8/205.csv,1214267,3731a5d20a366a53e2ea7b3d2c3cc548384e98fffee6b249fee1d5b4ec7576fd
GWA-T-12-fastStorage,fastStorage/2013-8/206.csv,1218066,83c58ac9147c79b633a634d52914f42e0f7cf80e35f66bd2765e93cc9afc95c3
GWA-T-12-fastStorage,fastStorage/2013-8/207.csv,1208584,dea22b97edbbdaf280145c27b35d4692bbf295104e09bac8159592373ad8ebc2
GWA-T-12-fastStorage,fastStorage/2013-8/208.csv,1214959,ba4510618b927b8ac463f226815a9d531d139d3445ad2710973ccdef76ecf5a3
GWA-T-12-fastStorage,fastStorage/2013-8/209.csv,1029329,073321136f70dd01f3d16e7186735f1b29b718a7115bb2ed8f905649a3251c92
GWA-T-12-fastStorage,fastStorage/2013-8/21.csv,892939,71863223332754919baa9a1b47787cf5078484c60d78bb3275e91e5fc330290e
GWA-T-12-fastStorage,fastStorage/2013-8/210.csv,1329734,8e41f587f62c0494cc7eb6754d3db04caffa4d8fc6debeac87f411f1f5f9e285
GWA-T-12-fastStorage,fastStorage/2013-8/211.csv,1058059,415918442baa6706424313839446b116f20acc443c8834d8c483b9669b20eb10
GWA-T-12-fastStorage,fastStorage/2013-8/212.csv,1218910,1dad2bbd9c9893b7aa70b49a6417e42c19760701b58e07c2599aa54747b3ab56
GWA-T-12-fastStorage,fastStorage/2013-8/213.csv,1062293,18415649026efc298e59c128556e06d6539abef3971d6edc57180bc720e78987
GWA-T-12-fastStorage,fastStorage/2013-8/214.csv,1210541,31c278208d0972b2f3bb89483a1298236ab3e269e6f4f8e28a69746065251854
GWA-T-12-fastStorage,fastStorage/2013-8/215.csv,1216689,072ea6e19105f8be96261b9112f16e32973047695bba0ae08c67abb57c63bab0
GWA-T-12-fastStorage,fastStorage/2013-8/216.csv,1215609,442a4d069a4ee134f2371783edeed93a6461f24b1c186e81528b9fd184fc3835
GWA-T-12-fastStorage,fastStorage/2013-8/217.csv,1211443,99682049ff36df759074d334f8766cf34cfb93eb36aa571fafea56671d5bffcb
GWA-T-12-fastStorage,fastStorage/2013-8/218.csv,1125173,dd443387acad325a15abbcfcec46cf0ceeac99916030918af9a89e465093f970
GWA-T-12-fastStorage,fastStorage/2013-8/219.csv,999823,9a4ebe2d9a5013282b9ee08eb1baed4466f63d534debb50b1f4d98aa07d7c17c
GWA-T-12-fastStorage,fastStorage/2013-8/22.csv,1171119,ab479baa300ef32854aea6f8d98dfdb3b35351c723ec8cdeaebc3fab0ab879e5
GWA-T-12-fastStorage,fastStorage/2013-8/220.csv,958481,d3b4d469d73457b5dbb7ed1cc6c27570643ac3b64cf3fe9ca68477f79de00b8b
GWA-T-12-fastStorage,fastStorage/2013-8/221.csv,947090,5c8ef9878f9e04141a3fbdc2313f684fc2950f0ec2b588f16f43d83408c260d3
GWA-T-12-fastStorage,fastStorage/2013-8/222.csv,961629,f9e11f56a9fa2870b56ba094f889edc99a10d62b78d38bdab3c2faf920d4eda7
GWA-T-12-fastStorage,fastStorage/2013-8/223.csv,961984,6f6decf8b4e6a2e08f3aeaccdca4ffe803520569f41ca778f30f51e1a49a3ff0
GWA-T-12-fastStorage,fastStorage/2013-8/224.csv,956406,60f9e804950c5fdb6e07d68f267b1db9989579bbb3c80cf8fa1a8a16cfc696df
GWA-T-12-fastStorage,fastStorage/2013-8/225.csv,948367,c8aff426238720c2474fe8e952364b2ac3347e5d5b58f0a7a5116b5b50818f2c
GWA-T-12-fastStorage,fastStorage/2013-8/226.csv,968250,6fb0ea84edb970d19a33910607b2db18b69caf7855fe2cf88bf916ce4a373351
GWA-T-12-fastStorage,fastStorage/2013-8/227.csv,953355,8ca67f051a531304c5d1c4b3adb3008574c7453cd73aa338fd33febe72c6b742
GWA-T-12-fastStorage,fastStorage/2013-8/228.csv,955502,4501f621e5aa0ca94c0b20b1a5f8d01dad213fbb220bb3b809edd14aa795a90c
GWA-T-12-fastStorage,fastStorage/2013-8/229.csv,947749,a6590d22b39fcae4db414be6cf80f30df20fabb2c1f802d8c39040833b0496aa
GWA-T-12-fastStorage,fastStorage/2013-8/23.csv,1147534,f4cabd5f3be344c5ed320005c56d27f7949862ae9d36e58e8da72bb34bd8e1e9
GWA-T-12-fastStorage,fastStorage/2013-8/230.csv,948476,4053f6701ec972a3a2021340fb513dd70b7199d453afe27ae59908cd95bf62e9
GWA-T-12-fastStorage,fastStorage/2013-8/231.csv,945326,67a75f756722cbee8f0a13f0a76b14ba22f5bb432788696ef7260d6c977552f3
GWA-T-12-fastStorage,fastStorage/2013-8/232.csv,937731,54ed6c977eaf26a9b52edbcc432e452daf326f85de18fd7a53d8b699bf6ca765
GWA-T-12-fastStorage,fastStorage/2013-8/233.csv,945201,b8057a060a20283b4dc7821aad0444fd939142e344223b6552a74066753ea81f
GWA-T-12-fastStorage,fastStorage/2013-8/234.csv,935313,c8c32954dbe058fdcc5ea17f96c24113e729e56e10b23228e39f8fa9af36d6d0
GWA-T-12-fastStorage,fastStorage/2013-8/235.csv,941448,d3066f3336b82107ffdb2faead844cba4ed758721455a62c968c0806d68e7650
GWA-T-12-fastStorage,fastStorage/2013-8/236.csv,945801,a6c29071fdb23562120eccc8a03e89f9d01fe3cc01448db4327e77ce9973f0e6
GWA-T-12-fastStorage,fastStorage/2013-8/237.csv,954048,52270b5103b7fb2a42116fda7214ca4d0c620b4706c4d304f73bd7b34bdb65b7
GWA-T-12-fastStorage,fastStorage/2013-8/238.csv,948112,81a0c4128108f1fe377056706b1ba2877d3c7101bdd0634842c6343cf9b15aaa
GWA-T-12-fastStorage,fastStorage/2013-8/239.csv,1127220,6f847821f9c0e80718ba81591e8429f574288b02914557172edb30f7c7dfdd8f
GWA-T-12-fastStorage,fastStorage/2013-8/24.csv,1052957,b5317bb90f2e57dc04abaddf8c57c8639c42cb4eb9f6dbc4f693b18b9fc9ebea
GWA-T-12-fastStorage,fastStorage/2013-8/240.csv,1129822,ab13febac98daae0635af3016cf5f722a9d54424b364b0294401f2f97594893c
GWA-T-12-fastStorage,fastStorage/2013-8/241.csv,1110739,4dd86c20d739ea955484cd76d4dbeff0c031bf046f26ac456d559745d157d780
GWA-T-12-fastStorage,fastStorage/2013-8/242.csv,1152907,903a5711148fedcba5cf91d2081c9215284c83d56616648f16e8733cd3f50811
GWA-T-12-fastStorage,fastStorage/2013-8/243.csv,1113727,2d2eced138b361d80f0fbfcb2dc9a69701fb17534691303adca17c2bb79c3c61
GWA-T-12-fastStorage,fastStorage/2013-8/244.csv,1113128,0c9bdfbfd8e775e8d5ff04374bc70cdd206bcf1f3a05cf2a6b90cb9955eed15e
GWA-T-12-fastStorage,fastStorage/2013-8/245.csv,1115105,95d3694e59d80d51bf65381fd4e5bf0d6e89839e45bfe64f890a6eb3830f691d
GWA-T-12-fastStorage,fastStorage/2013-8/246.csv,1130501,fc072d591d18415b1106c2d948b7fe9f2ad6b1aeb6edcf4570ad89bd2faa9a40
GWA-T-12-fastStorage,fastStorage/2013-8/247.csv,1117368,8e6719798c9da7e64d4c6ac120f86fcab138abd010c80901e9aa0166f3be77e0
GWA-T-12-fastStorage,fastStorage/2013-8/248.csv,1122584,13d332f94f65c49e5292db617d815fc00c408d8905d59c22a209b1ff3cf703e8
GWA-T-12-fastStorage,fastStorage/2013-8/249.csv,1114354,259113d47645052cdb4bcd8084369bac53161f9b81071526370f5cb19260b895
GWA-T-12-fastStorage,fastStorage/2013-8/25.csv,1110651,97d3fc5708c5d1584190893f88f3f6e3fd569ac4041b0fd0abf3db3da117b66f
GWA-T-12-fastStorage,fastStorage/2013-8/250.csv,1131881,07ed09b77fab5d9d72cdecbc16ad9ef24fc38f9bacdf733a84bd3d59d6ce8898
GWA-T-12-fastStorage,fastStorage/2013-8/251.csv,1120830,fc499e91ae2236c783a21df9c92c099fcd6b81d90e1213fa56d6abd631206d44
GWA-T-12-fastStorage,fastStorage/2013-8/252.csv,1119520,d6c1bf2e3a18b74ef4dcbc7d46aa5d22d5daf74a8a2756211f54963a17c152f7
GWA-T-12-fastStorage,fastStorage/2013-8/253.csv,1115151,a64e2649c431fa3667eea83fab818aea55c2b85ca8b4c5583062a8e4fed11781
GWA-T-12-fastStorage,fastStorage/2013-8/254.csv,1148280,c2bfc8ca044efba90cda1f36876c729649ee9fe134d34f594f5f56c976fb51c1
GWA-T-12-fastStorage,fastStorage/2013-8/255.csv,1109903,db86bcb430b8d5c7930859991fd8886039c7cec72157896197e517bc7e58658c
GWA-T-12-fastStorage,fastStorage/2013-8/256.csv,1126490,36cde460f4e9f6f3378f27b12981fc2cdba348d2c316cf4ff26809471283d119
GWA-T-12-fastStorage,fastStorage/2013-8/257.csv,1116992,33f6b144e11d594772281ca7b96644cc9359ffeddad2e16c9e6c1a2b46fc0bf6
GWA-T-12-fastStorage,fastStorage/2013-8/258.csv,1119853,3554aaeaa1958ebc3854d30b697c6f7ef5e195bd71f75d64e8d307e127c245ae
GWA-T-12-fastStorage,fastStorage/2013-8/259.csv,1120204,1df4d2a4154fc57ddca58ba15bcb2734d2bd458eb3dc34ccefec1d1aa1d4ddda
GWA-T-12-fastStorage,fastStorage/2013-8/26.csv,1015232,234fbb8f7e4df271f66c25b81d0b04618709017fda9ee7ade1411647f72baffb
GWA-T-12-fastStorage,fastStorage/2013-8/260.csv,1101731,4f9320cbe68751289d255c7a3e548d33dbe51e1c47691ad5e7ad3737679a68b7
GWA-T-12-fastStorage,fastStorage/2013-8/261.csv,1118456,983c83e31d5130f519b42f2bad2c87d74989430188436cc2f8a6b8840936b1da
GWA-T-12-fastStorage,fastStorage/2013-8/262.csv,1116638,8845cc7fa837eae2d768dee38f3249d5c7e0a423004585e0ed7648dead0cca0d
GWA-T-12-fastStorage,fastStorage/2013-8/263.csv,1102901,e03716fc401cd8706a5ae3a4cc917a3263aa291863c96cb5f1e464c675cea543
GWA-T-12-fastStorage,fastStorage/2013-8/264.csv,1116093,12fc53f5fd6149d9fdd1eecbb8946e97455afadd8937768415b6b54f535d2963
GWA-T-12-fastStorage,fastStorage/2013-8/265.csv,1103756,a76183c549439defabb5443d7bcc659626831230b001f1c7e449209301411eee
GWA-T-12-fastStorage,fastStorage/2013-8/266.csv,1116314,8e1332f10b402dcddf6b0961d2b4f89df6c5215bc17710e3961727e78df59e33
GWA-T-12-fastStorage,fastStorage/2013-8/267.csv,1117235,ef22af226eb468a406f7d26b0e403f407e5c999cbeaf7fd902fc6a6ebc110a52
GWA-T-12-fastStorage,fastStorage/2013-8/268.csv,1119401,5b84517fe6bbb79cb021fb7992147c3336c25829767eb1d2c1370f5baffedd9f
GWA-T-12-fastStorage,fastStorage/2013-8/269.csv,1117203,1590d0a50a41ad16fd90134dd7993ba19f20922be95b31f07b293c8f57e8c572
GWA-T-12-fastStorage,fastStorage/2013-8/27.csv,997184,e008f6c086c5eb0ec0f339885906a95e84af29566324b2e7796fe8624ade1e3e
GWA-T-12-fastStorage,fastStorage/2013-8/270.csv,1121045,a277e6e36b0f9e90b136627b88c3c8a8d3424b6f3d1aea5eb3457f60ddd68f54
GWA-T-12-fastStorage,fastStorage/2013-8/271.csv,1113139,c1b3c3f084aac91d4eb0889d367a0d6f53955b04f97e579bd0787700166f8608
GWA-T-12-fastStorage,fastStorage/2013-8/272.csv,1119066,0c10acf52ece6b5400c647137a0645fc5f7fd87aec6134b5bf55eda153e84feb
GWA-T-12-fastStorage,fastStorage/2013-8/273.csv,1101970,1f9e893c99af2bd7bb49d47e8b6f46c46510f1f20914713e82d3edc6b1f6eda4
GWA-T-12-fastStorage,fastStorage/2013-8/274.csv,1103105,d36cf0306cfe832c717070cb2c0185e390cde87d6a692225be63106121734752
GWA-T-12-fastStorage,fastStorage/2013-8/275.csv,1105448,75b5fc52287179d9af32908df2ff24e0b1ef968a80c7570b1d46297e483e206b
GWA-T-12-fastStorage,fastStorage/2013-8/276.csv,1116606,430845552cb37def293faaab0c43473749985f98c438064ef54a9fa863f7f1d6
GWA-T-12-fastStorage,fastStorage/2013-8/277.csv,1089642,0ac3570214ad6be647855bbdb4f7bec248d49a20b8871701bced362cf2c6179a
GWA-T-12-fastStorage,fastStorage/2013-8/278.csv,1110263,40d8c57c166a798028ff8c9dbcb8910b1287d1d4a7149543d8109fdf712d2d8a
GWA-T-12-fastStorage,fastStorage/2013-8/279.csv,1113334,b6ff3f9226705bfd084c73e17a0fda880190efde98fa4d0cfa3bfa4fdbb503bb
GWA-T-12-fastStorage,fastStorage/2013-8/28.csv,916346,fa1dbad07b83ae368aaf5403bf0530f73beb51ed543bff07c206366fd8ca2248
GWA-T-12-fastStorage,fastStorage/2013-8/280.csv,1105577,0d0d6837d2d54e4922d2ccfe6a624cb956a501b8064a7bea75e59f5d5428ff6a
GWA-T-12-fastStorage,fastStorage/2013-8/281.csv,1099518,c97dd461452f58f5c4e78b6cc0f3b41244186d17b5c478cb48b11f378659a6ab
GWA-T-12-fastStorage,fastStorage/2013-8/282.csv,1095534,ad061c39e0a36bb79a7f1fd5345a23fee5054cd9dd962acda0d964773e2619e5
GWA-T-12-fastStorage,fastStorage/2013-8/283.csv,1101487,b3ceeff1ac267372084b9a211e94739f54cc69d966d7e7e62fb343cb1f165c48
GWA-T-12-fastStorage,fastStorage/2013-8/284.csv,1106873,9f02f3ffa9334fd7d03392ff3af88ca21f6425e7f3dee8ed23f0ccacf274462b
GWA-T-12-fastStorage,fastStorage/2013-8/285.csv,1108174,9b4c90e7160efc045a0701f34955752dcf4c4b97a04115bd96bd9eb03a294493
GWA-T-12-fastStorage,fastStorage/2013-8/286.csv,1094159,75d264def67957a1e7e4626cd9aae6aece10ac2233a4d700322db43dfa5a0ed5
GWA-T-12-fastStorage,fastStorage/2013-8/287.csv,1091346,f02da12f4da57c44094d5fa7c045b441fdb07e3c8ad836498e35d00b7a00b5f9
GWA-T-12-fastStorage,fastStorage/2013-8/288.csv,1107409,34e5544db8ecf9f75281f53abfd4a9df7ceda76c9f8edcfd7ea62d4ce2c5719a
GWA-T-12-fastStorage,fastStorage/2013-8/289.csv,1108613,fc94748ecfc82c84f798ef1d5f547a81b29009076c0e0be3427a04a0be3445b7
GWA-T-12-fastStorage,fastStorage/2013-8/29.csv,844969,670da87b16d2ae1283411748c4777ed6a7b17ed8365317853078b25c089787ee
GWA-T-12-fastStorage,fastStorage/2013-8/290.csv,1085043,6ffb4556d549d7565b2e6f9f5304a705d8881896c573b916d0af1a87232e3f6c
GWA-T-12-fastStorage,fastStorage/2013-8/291.csv,1097114,d5508e3d932cebc03365c1edc5c7fe990eb77b668d2f5decfa67cfd8fb6aa8bc
GWA-T-12-fastStorage,fastStorage/2013-8/292.csv,1033783,3bf6b63069c02cdf0c64ec4a457c619ba38d4f22f1e1b6e8b9f3b42be9e9823a
GWA-T-12-fastStorage,fastStorage/2013-8/293.csv,1042335,0b61917399890c4dc8928a6e8e6337b4c47e89dadb87b3b05e8087df6065cd0e
GWA-T-12-fastStorage,fastStorage/2013-8/294.csv,1065290,92263d8fe9688de1d6756ac51a6f7aca567b71a653feeac2ecf05e520796b026
GWA-T-12-fastStorage,fastStorage/2013-8/295.csv,989553,ded44db3f7cb936c1ea0de531ffdbe2f8f0d7bbc34d38687a2a82c6716e26ce3
GWA-T-12-fastStorage,fastStorage/2013-8/296.csv,1133789,46aedbf8343acd5a7c5084b0fb1a8c56f57822b50ad8c125303740093b1f8fe0
GWA-T-12-fastStorage,fastStorage/2013-8/297.csv,1286818,45e8a4fc322f398bd1939596d16cf5d82316d07a407b9e596bdf6a7befdb043d
GWA-T-12-fastStorage,fastStorage/2013-8/298.csv,1059763,ca3a4eb84729767e0c2d2bd1b36d5a6f076a2d51fb300958e554e0787d11329c
GWA-T-12-fastStorage,fastStorage/2013-8/299.csv,1052538,8c16a49bdbe77bfb21b3893919ba9a3c5246a01c2a90465b2b96159db4a43a3f
GWA-T-12-fastStorage,fastStorage/2013-8/3.csv,1165693,560d71dca1de1e9f88f165fa6e8f5788b2f8018377e451267fa05ade6b1bcc82
GWA-T-12-fastStorage,fastStorage/2013-8/30.csv,742891,ef5d6728d09c914370c0c29ec1c6b1c8af922c16828035bdd8c4577a4dfe90f1
GWA-T-12-fastStorage,fastStorage/2013-8/300.csv,1077755,67cb803188bf87cd455284da0b5976c81fbafc368540d83cee5a20777285f752
GWA-T-12-fastStorage,fastStorage/2013-8/301.csv,1083097,151ebb365d26900eadce97e3d18724c9f5b51d8ae0f2e93bb147c35b562b33cc
GWA-T-12-fastStorage,fastStorage/2013-8/302.csv,1119672,4f0d95fc8002a1e1c694a217b290cc4aa07739d75fc4ffd9a7c8adf59da5d74c
GWA-T-12-fastStorage,fastStorage/2013-8/303.csv,228113,2abb84c45da0e78a21ad3c862b5351300fccd28a318e309638c1545dd5c029ac
GWA-T-12-fastStorage,fastStorage/2013-8/304.csv,232666,ae6501fdd9cc7460d28508a9f03f64bf5113ef1f8b46e75bf60f59c03825bc3b
GWA-T-12-fastStorage,fastStorage/2013-8/305.csv,996305,09e640083c028bddd523e2deaa5cbb14bfeaa902a9c02e0b7268cf0d513ebe55
GWA-T-12-fastStorage,fastStorage/2013-8/306.csv,976901,cea4f959fd86ec2172a8eabd3c7b38d696c85620b714dd0d1908d56d75564c79
GWA-T-12-fastStorage,fastStorage/2013-8/307.csv,985319,4459e905d7fbec81281d269f4f3c554980b6bf447f09e5295ea1a7fe9c7b846e
GWA-T-12-fastStorage,fastStorage/2013-8/308.csv,242651,bcae70dd0f451f19b9cb66a19ac08f6712dabc708d4e61e685bc4503e73a37ce
GWA-T-12-fastStorage,fastStorage/2013-8/309.csv,230340,a1ce8aced2cc7d707b21ddf2b37911be04789de7e951e384187978b6ce0c9e8a
GWA-T-12-fastStorage,fastStorage/2013-8/31.csv,1126600,a3b8b920caad6ce6d05c1d0d51160f724da6667a32b3106d6d424aaa60d6883b
GWA-T-12-fastStorage,fastStorage/2013-8/310.csv,227216,82d4c0265b2d53978f02c88b8859482d2be00dd9a114b0b1507eddce511838e1
GWA-T-12-fastStorage,fastStorage/2013-8/311.csv,1001379,867a6fdfb9ad28bf780bca685a7b9e4d33821f68e6d3272525cc7a2c6a714886
GWA-T-12-fastStorage,fastStorage/2013-8/312.csv,819,f9fcd93e72942d2398ff89169c1dc0e09ac55eab017541df676e4fefa9b40703
GWA-T-12-fastStorage,fastStorage/2013-8/313.csv,546464,7dd7d77e26220db4f2bc5c280c3f2656803b47557cbfa2d5405d6ae9f59c525b
GWA-T-12-fastStorage,fastStorage/2013-8/314.csv,23769,d5f70ec7104f306ccb33acaea30bdcf5029814fcca5d84ee6dd91d06f6509487
GWA-T-12-fastStorage,fastStorage/2013-8/315.csv,1179485,7d00e330d71badb35b69cb7a7d1c1c6fee228281e6131a5400d71ea02ba9e56d
GWA-T-12-fastStorage,fastStorage/2013-8/316.csv,1440,dfc6d89e83c43b93a4270eaab089de5b78f2d001894403d21bc9c715fb8ca258
GWA-T-12-fastStorage,fastStorage/2013-8/317.csv,1107241,114ada01279059eb69c169346fda82ef7e29c0547b4f37adea1c544f4d9fb0d5
GWA-T-12-fastStorage,fastStorage/2013-8/318.csv,735608,121fff0023aef03eaa2ef3c413feb03825c9a1d8981debd9434c28143555cf04
GWA-T-12-fastStorage,fastStorage/2013-8/319.csv,1198472,231046f206e820cb6bd20c99829ad76dd25c9fbdae50c97607a4836c4047c821
GWA-T-12-fastStorage,fastStorage/2013-8/32.csv,1053324,57b34268efe7b37750b0383b972e0fdd2c0e6eba804ea555f8090a1e95f24489
GWA-T-12-fastStorage,fastStorage/2013-8/320.csv,1043587,e2613a27aa0d22c24395762628b81d69abed6bcc387252bbe1a4d9b2e7a3afee
GWA-T-12-fastStorage,fastStorage/2013-8/321.csv,1314515,9b6abb60436d937a7251225ff0a1ec2c2ecd568c430a70c2564e89828d1b84df
GWA-T-12-fastStorage,fastStorage/2013-8/322.csv,1315810,051cf25789b126d9ecc834e743a93b36c5525c20b260c67a0cc93f18889e9244
GWA-T-12-fastStorage,fastStorage/2013-8/323.csv,1197664,75b0609deabdce1421481eeafc4f082cbe6ace980878bb73842e3a2d896e2c70
GWA-T-12-fastStorage,fastStorage/2013-8/324.csv,1024396,d5759ac06e8942b59a2accbba88e4c8eb5079a0409a8af4ea441ccc435358590
GWA-T-12-fastStorage,fastStorage/2013-8/325.csv,1165013,25eeaa1c9cae78c8c7423900585ea3da53246d81dd3df2f1d4b7563711011274
GWA-T-12-fastStorage,fastStorage/2013-8/326.csv,1217313,063ca05657c4bc4c5a5a55c1e8668ed9197ccc01f797058fe03f51b02cb4e0bd
GWA-T-12-fastStorage,fastStorage/2013-8/327.csv,1114988,2ac180eb55008b658d0d842032baefff196946426619370994f67a278225203f
GWA-T-12-fastStorage,fastStorage/2013-8/328.csv,1111035,b9ce547824fef3520508c83947d2c873802248fe129fb753952b771f7e4c93f0
GWA-T-12-fastStorage,fastStorage/2013-8/329.csv,1247000,bb23067e0f9c8dabe66d194117aa72da77654c78b86476130c7fe38eb6117fe2
GWA-T-12-fastStorage,fastStorage/2013-8/33.csv,1082740,a9c448c353580cb481d8efed62f493b70cafe49d17fcb618bcfb1cfcd574b71b
GWA-T-12-fastStorage,fastStorage/2013-8/330.csv,1162586,e4eb7021f53dba6cc058e69ff7606107e660c855b78d4c2de8e2bf6ad27e1d33
GWA-T-12-fastStorage,fastStorage/2013-8/331.csv,764109,87ffbeac4fa81ceadc7350071e26ca49dbbfc8aea06d46efe56246a8ba761b43
GWA-T-12-fastStorage,fastStorage/2013-8/332.csv,1231906,38f2eef55c8c9a601dc684332df5b8ac21c4e76d89adaaa91bb97c57e0e97937
GWA-T-12-fastStorage,fastStorage/2013-8/333.csv,800084,b83513ac8e29c4f033ffc4c4debf899d1054500233b06f0fe77999b468a5e610
GWA-T-12-fastStorage,fastStorage/2013-8/334.csv,1019807,85cccfc2c047c93b402326aa06434948a245cb0ba5b5fe7b8540f34596d29c7d
GWA-T-12-fastStorage,fastStorage/2013-8/335.csv,1024215,66be705b73a9cb2fd0126659a1ff121f9d50201cc5bfa408d1bc66272f786f9c
GWA-T-12-fastStorage,fastStorage/2013-8/336.csv,431627,fb0da336b2e6915ba9d96548ab6e8c630a0f6d7cd9eacd3daf04718e77766ad0
GWA-T-12-fastStorage,fastStorage/2013-8/337.csv,1088663,338cf019f52d11d5b790b2b79f5a73bdac23b49040dbfac8a83fb44b209592c9
GWA-T-12-fastStorage,fastStorage/2013-8/338.csv,729205,9e9c97268e335788b70d6c05bd77cdf20fb2a3e17be0dba7942cbb0eb65c1e1c
GWA-T-12-fastStorage,fastStorage/2013-8/339.csv,1197523,1b8eae38b5e05f307ed0115763597f3b7a47641683c37d07b2e5a235256ace39
GWA-T-12-fastStorage,fastStorage/2013-8/34.csv,1016483,65b84c97075f30f81e9c6f0a038492dcff0d3d4f8d10e973418872b570932895
GWA-T-12-fastStorage,fastStorage/2013-8/340.csv,1183396,bdedd7ea611718bc67518907220d6c241eb5092ee292d3d7b6825cf0442b0e7c
GWA-T-12-fastStorage,fastStorage/2013-8/341.csv,1075872,efe829c59b6f518db7f32721b0c6e1f7b531b3466099e89270940e513a8c051e
GWA-T-12-fastStorage,fastStorage/2013-8/342.csv,669539,ecc6185f2922f99e0d9d5284a0fc0882f750adcb9bcf7accb9593a95098e1f66
GWA-T-12-fastStorage,fastStorage/2013-8/343.csv,1209031,b932cfcef8b2245dbfb23a790db6f2ad63057c078bd685b6d7b1a14dd6b54054
GWA-T-12-fastStorage,fastStorage/2013-8/344.csv,1214607,941743b59813dd7b8b5115ac5945c5a36463e0ebd3baf7ee0406b1dae5c0e063
GWA-T-12-fastStorage,fastStorage/2013-8/345.csv,1070109,041cd28eb97eee7e20a3ee40048ece7b53cdee03152f1b76a431bf7559bfa020
GWA-T-12-fastStorage,fastStorage/2013-8/346.csv,1209763,a0c63f3c2595e142c018c267ac4aa8a43e8ab3f1d6cbad731d4161ad57f5ffc9
GWA-T-12-fastStorage,fastStorage/2013-8/347.csv,859830,56bcf70aee0a2c6964c108e5254e96f8e5c4bba69b7afdebd7f7e04c3f859560
GWA-T-12-fastStorage,fastStorage/2013-8/348.csv,1233738,5f3969f4d67617662af4c022fb910cc5af31946a41b0e61c8091e000fc5d13e6
GWA-T-12-fastStorage,fastStorage/2013-8/349.csv,1195351,acc61fdee4c09395d4807c06e45bfc4353f242e24a3c0cee675fc4b894d403bb
GWA-T-12-fastStorage,fastStorage/2013-8/35.csv,899614,1932b5358d77edd91c13a4f46c2cdf4b423b9f018d0b6379efd6b887f174a369
GWA-T-12-fastStorage,fastStorage/2013-8/350.csv,1216291,555a9a339c2c6d3eedf89ae9cf6eb8b053b5b90c2dca1b517a629366ba14d467
GWA-T-12-fastStorage,fastStorage/2013-8/351.csv,1134045,607d33ce956b667c3bb230b069cffe1015d42c8332b99ae969c892a8c48fffe5
GWA-T-12-fastStorage,fastStorage/2013-8/352.csv,1245895,3e820a2fbba3009a6499e91e3ccd6b551d5373119e2028ed2f03ec4bbd55b439
GWA-T-12-fastStorage,fastStorage/2013-8/353.csv,669903,2ad6ffe45f1fc33209a098a20d530f0735d92a31088f575e08c06292c7c2755e
GWA-T-12-fastStorage,fastStorage/2013-8/354.csv,1020278,e829f0b55a577b05d963a2a4649e307cbd35b7aaf514810d6da3290a79975feb
GWA-T-12-fastStorage,fastStorage/2013-8/355.csv,1470432,49c007c1a7c68683426788b42744568f1d24cb623e796e3bae10a68b18671d08
GWA-T-12-fastStorage,fastStorage/2013-8/356.csv,1146554,391319ef22a6abb191ebe853a93bda69c1d7f64f4863fc8bc0c3d44443e203e8
GWA-T-12-fastStorage,fastStorage/2013-8/357.csv,1348472,0281bd78df84cf59ad890f22d63f5cec5e7072effb2aee3ef543916d43486a2b
GWA-T-12-fastStorage,fastStorage/2013-8/358.csv,999028,756ab93d6d905431009ab46d45b12f74ae3ab6b5f449f7d26a0952228558fe32
GWA-T-12-fastStorage,fastStorage/2013-8/359.csv,1486980,181776a9cced125bc9d7aea6c36e1b454d709f0d2b276174717cfd774f6f2abb
GWA-T-12-fastStorage,fastStorage/2013-8/36.csv,892766,4e87052abbb440ebf7662f882cf157d2407aefe4f07e1b552d34c650fb153c71
GWA-T-12-fastStorage,fastStorage/2013-8/360.csv,1241391,662d82b4793314538b973596611ea2f9ded770dd3d8e8118883cf9ce8f3010d6
GWA-T-12-fastStorage,fastStorage/2013-8/361.csv,1092986,48e691a0ca4c0aedf2610cf3d58077caa3df9cbcdc503f34af2597e002ae1b11
GWA-T-12-fastStorage,fastStorage/2013-8/362.csv,911404,b515b75d01a350ed6769eee3c1936d8d9b7da3f235c7720be30fe7288f12627c
GWA-T-12-fastStorage,fastStorage/2013-8/363.csv,895284,4f57ab8fdc89c295974a2e329777fa6d1912eeebb83a28a3f93f50419170b1e1
GWA-T-12-fastStorage,fastStorage/2013-8/364.csv,1274001,e8057a5b86e63898ad9433549e0dbf3f1a1323f453c4e6f7071ef6fb96e40480
GWA-T-12-fastStorage,fastStorage/2013-8/365.csv,752260,a6fcd6b52c6d4e60d63130c94461ffc0a3054186f9f00a3c6f087282a141ff0a
GWA-T-12-fastStorage,fastStorage/2013-8/366.csv,1165614,e4de4bfb47d52160c305f81fdf222fc2ab5369ff90e7572370fde95d2422972c
GWA-T-12-fastStorage,fastStorage/2013-8/367.csv,1171420,e57641c30fedf61fca697c7aedfcb5fe4af3bf36c5c2bfc9328c64978c10d132
GWA-T-12-fastStorage,fastStorage/2013-8/368.csv,1054512,6ab6534c657684c91865cc94d2e331638d4db656e5f80a2b1e4eb51a40f4efe4
GWA-T-12-fastStorage,fastStorage/2013-8/369.csv,1173681,17e44391b4c0fd2299e4013629a710021c60ae62b40a976aca6998a8952e28e9
GWA-T-12-fastStorage,fastStorage/2013-8/37.csv,834476,4ef6abcafaf377259c2db382a2585e4ac056d38f0d46f693391af14b89c0e451
GWA-T-12-fastStorage,fastStorage/2013-8/370.csv,1136517,7ecad8abe45e84ca7f4e91e1b422c545a94683bf941820de2e12639be246d06e
GWA-T-12-fastStorage,fastStorage/2013-8/371.csv,1134496,81d89e076c41ca4d377b3f30fcbed85d9e4fb594693c3b6482a68920254d9dfc
GWA-T-12-fastStorage,fastStorage/2013-8/372.csv,1048507,dcc93db4056a1ccb30a3e6a1d94bbba9ae282c0c436186af6ad734edba8106da
GWA-T-12-fastStorage,fastStorage/2013-8/373.csv,1038674,152d74df80b003931d9ee3fd46c4d61ec1e8b244d3cbd029c24ee46e3843ecdc
GWA-T-12-fastStorage,fastStorage/2013-8/374.csv,1010266,cc4aef60e7bde709c2b5e7031fdf01ca3864e6eed16f21459d83caddb3bb6979
GWA-T-12-fastStorage,fastStorage/2013-8/375.csv,1032823,74f4643ec9329cc51ea35215d6ea692db464e27eab4f7dc7e1045306cef42ad8
GWA-T-12-fastStorage,fastStorage/2013-8/376.csv,1028019,b5617d88e147298a80c670c1d7f132489b9107616a74b9b75090780428dbb368
GWA-T-12-fastStorage,fastStorage/2013-8/377.csv,1030911,06953ba173fd0ac3df76406b10499be3974e62da71ecc9f86294df31314cdef8
GWA-T-12-fastStorage,fastStorage/2013-8/378.csv,1023950,f7be8cb6c05c592659aac53db634477b790b3bd284ac9f06ff0e21025c9f6b69
GWA-T-12-fastStorage,fastStorage/2013-8/379.csv,1020538,281426f08431cdc7b086f5fd9716dba189b00f44c404e21c5525bae7f7329550
GWA-T-12-fastStorage,fastStorage/2013-8/38.csv,866526,8ce1d6ac795e08bf623c3dc7c5a89cd0a3880d20b0135a58fe6b949bb62e7cf6
GWA-T-12-fastStorage,fastStorage/2013-8/380.csv,1032370,ea42bca014a99476b8abf2405ce18a10a5597918013884156b9d0f1759e551dd
GWA-T-12-fastStorage,fastStorage/2013-8/381.csv,926630,50d9237392762cbe91a110b038905c3bb2752fe53a33b1f8ec66fb95939de0c5
GWA-T-12-fastStorage,fastStorage/2013-8/382.csv,1032388,1a1959e16fdc8c7d726764077bf942bb9021f59dcc147985d6f65ea7faeb2faa
GWA-T-12-fastStorage,fastStorage/2013-8/383.csv,1026774,9987ac5d0874867bc8278c127253a931dd4e8139d94b6644774723eeb6484cb3
GWA-T-12-fastStorage,fastStorage/2013-8/384.csv,1176571,7dc1a67db990a4e9d1166c1ba285073640e47a7976b4a509548c1ea9e2b17b8f
GWA-T-12-fastStorage,fastStorage/2013-8/385.csv,1021030,98f90d0cb1deaa748a5c9b8e5683c01be93fd7e13eeb0ca44ad1d9428fa9d04e
GWA-T-12-fastStorage,fastStorage/2013-8/386.csv,1035580,1bd5cc1fd9a52cbbe914e3c3e9b85999d6e10603ad911df5f9d37049cfae4c0d
GWA-T-12-fastStorage,fastStorage/2013-8/387.csv,1285882,dcb23c72a80ef4086b83d684256a7cf530bd595a31d924967d8118e40ae41e9f
GWA-T-12-fastStorage,fastStorage/2013-8/388.csv,1282986,8dbe6e78bb7bbe4c016ef65e5fd212aa00a202f3b3086f71d353967b724c1c7a
GWA-T-12-fastStorage,fastStorage/2013-8/389.csv,1137444,ebb626f0b5a74876663f351a3193bb1c023b9434c9147302c84a985456c755be
GWA-T-12-fastStorage,fastStorage/2013-8/39.csv,722056,cfb0b267dabba0ad94ec9e57356b5232aa8b3569760aeedc97813cada7da9ee7
GWA-T-12-fastStorage,fastStorage/2013-8/390.csv,685738,b8956f743b33a69b20c8727b164b30a18de4a7e72c45cfd65eb2b215b98ab368
GWA-T-12-fastStorage,fastStorage/2013-8/391.csv,1100583,736934d29a4f818dbeb9b54bee26e765099c1548e7a9c3a2c9419a790e84c1d3
GWA-T-12-fastStorage,fastStorage/2013-8/392.csv,1107047,2232e36bd4a33a1867773fe588399f820a6db7ca98d1209d57eb810b52fc349e
GWA-T-12-fastStorage,fastStorage/2013-8/393.csv,1100807,03e737245843e87f6f28587d47f427e2ba77e12c395b4b6b2d87df38af9f1aee
GWA-T-12-fastStorage,fastStorage/2013-8/394.csv,1085022,bd1e39c2865342352773d37c8a0fafe69dc1cd74b035524e08e48915062badf3
GWA-T-12-fastStorage,fastStorage/2013-8/395.csv,1087436,da62554378f723fba51b2d9007318ee49e1dd88c7b0f6f009cd6144399007f08
GWA-T-12-fastStorage,fastStorage/2013-8/396.csv,1099210,f2c46602f447ab870305eb1ae4ba9501c53f0d37a782a357d01c53eeda1195cf
GWA-T-12-fastStorage,fastStorage/2013-8/397.csv,1112067,1f9121a4fb68755fa1b51130ecbbb335a117936ac4becf95b6c55a046218114e
GWA-T-12-fastStorage,fastStorage/2013-8/398.csv,1105255,0b9e49763d22ad7dbf6d662618ac5063a05ea75b5d621bcf49027c7c9625c2ea
GWA-T-12-fastStorage,fastStorage/2013-8/399.csv,1076698,ab9d0c93ef27efe78fb259b161ecfcd5a12f057cf1e24c9e6d821cc01bc371be
GWA-T-12-fastStorage,fastStorage/2013-8/4.csv,1020619,3085b70f87bd27885b0e93db724afcd459fa2397d53ebc099c9bcc1a2f991b23
GWA-T-12-fastStorage,fastStorage/2013-8/40.csv,1070901,1b021fd5f078116bc86b9200703ae7f78ded93fdb853d5fedd621669882c26af
GWA-T-12-fastStorage,fastStorage/2013-8/400.csv,1088246,9f0cf3970749ae86c45cc8c1b263f650c83d78f9ade0c916a0f7ff980db7ab10
GWA-T-12-fastStorage,fastStorage/2013-8/401.csv,1091773,aa9b0393f47486144cd0ffcb04f9a9deefb77659e8e8dbd32b9ccd4a377205af
GWA-T-12-fastStorage,fastStorage/2013-8/402.csv,1086443,c17c63924c7666c0af31ae0c77ca71d28247e19b43ec03cdbb52412c64bda768
GWA-T-12-fastStorage,fastStorage/2013-8/403.csv,1093729,0720ce716a2ba7fa01344dca0913f805937c7b82d9caa98394c046e2363994d9
GWA-T-12-fastStorage,fastStorage/2013-8/404.csv,1109703,e2ea42465f2feccb7827d26776792402af5dfd11545e46d13b2cfc730d68ad8a
GWA-T-12-fastStorage,fastStorage/2013-8/405.csv,1090376,e7b6dcd46b2bc465d5eab061d9885b37c7dc5ab4e54b48eafabbfaa1a4e2f0b8
GWA-T-12-fastStorage,fastStorage/2013-8/406.csv,1109694,33fddcb6cee31be3dad6f5709eeb89ba53c32abec9913cd0135109ab62c2028b
GWA-T-12-fastStorage,fastStorage/2013-8/407.csv,1100761,efa8a1783543d83b093345312108da1ed4460a734bf3312458fc11d465c4ab85
GWA-T-12-fastStorage,fastStorage/2013-8/408.csv,1096794,fde8b630f6399da595301fa709aa1d4e261df09ed18ed30fe8954c7c1d3b0b8f
GWA-T-12-fastStorage,fastStorage/2013-8/409.csv,1094533,c5e9d11213ab54ba0b868072eaa27be97e140df62c2ffe688fb5efeef70a939d
GWA-T-12-fastStorage,fastStorage/2013-8/41.csv,356995,9245c0e62220a0dac2f639c758e0554085245a4784ead494f3cd5f089f5bf6aa
GWA-T-12-fastStorage,fastStorage/2013-8/410.csv,1093035,5c97b6893d26b4c9b753e056659702785d705586b4451676bff4ae7c0d59e902
GWA-T-12-fastStorage,fastStorage/2013-8/411.csv,1107946,5ff6cdb5d1ec25c7d8c5921440972484f6909d9d7f865d48c7ef7b55af899dcc
GWA-T-12-fastStorage,fastStorage/2013-8/412.csv,1065360,baaea7da70fe27e1cd39090263ab5b2660af057b74f5af6ad4050de4418495b9
GWA-T-12-fastStorage,fastStorage/2013-8/413.csv,1092954,797f789ea6d2e12b5dbb449ad610b661bdd711e99422fd16ed0867eb11c16d02
GWA-T-12-fastStorage,fastStorage/2013-8/414.csv,1116026,5881b22099ca6fcfd55e4e75c1bbf0419291ab13cf22fc6506daf38108df0970
GWA-T-12-fastStorage,fastStorage/2013-8/415.csv,1107049,93b2323871bfa5a3c3b0e19848f9b6fc03feb3bbcb53e2de805f2b0cba048ea9
GWA-T-12-fastStorage,fastStorage/2013-8/416.csv,1122301,fdf84cc14954a72033a4376a19dd279345a13ce923066031f68545e7b60cd673
GWA-T-12-fastStorage,fastStorage/2013-8/417.csv,1120450,6e1d45ccde426d86fbe0edacc36e84a351ec43ad47c417dd9d3fd1adb3e9bb2b
GWA-T-12-fastStorage,fastStorage/2013-8/418.csv,1090637,f4d4a7789b10e973e7b48e15fd2bd5bcf014ad2ced35f21a9582d3db8eb2c10a
GWA-T-12-fastStorage,fastStorage/2013-8/419.csv,1107951,77caff71d5eb5328e7fbcd7a6aa4e43b3e2e46bebf00f5ad0899ce333a38f183
GWA-T-12-fastStorage,fastStorage/2013-8/42.csv,1049943,43ee1e0240c47b67cf5c56dac1eec57adacca345480ed95983078a68ed654e21
GWA-T-12-fastStorage,fastStorage/2013-8/420.csv,1101553,6ed0c20f22c1dd04cb32c00904816516d1d3e4d0325331bae5c787aeae735a91
GWA-T-12-fastStorage,fastStorage/2013-8/421.csv,1119974,d6f1a869eb0ecbdf83c604bdc1c5fce4ca099976c788488958845bab7a35b6c8
GWA-T-12-fastStorage,fastStorage/2013-8/422.csv,1077278,5cfe7d0d0657243179a9a47062ed1d1b128bb40a158c145e99608457833ef4d1
GWA-T-12-fastStorage,fastStorage/2013-8/423.csv,1072435,69f7fe673d524c9a7e8617d71e29575a64e03a917ba019cf02f1f2c999ff4039
GWA-T-12-fastStorage,fastStorage/2013-8/424.csv,1042571,2c6f7d6e09ed4217d2c9a97a8b04e946f9f0a775c1c4d2eafda748c33de6566f
GWA-T-12-fastStorage,fastStorage/2013-8/425.csv,1066247,200b7ae8d51da4435fd91ba54371eb98497dc9568fd58a126c26bb27fe69d49e
GWA-T-12-fastStorage,fastStorage/2013-8/426.csv,1025760,3b4e75b9a54ee0b42bd95e6385b6c231bfefc8cf299acb83fb12b47ab33e1cad
GWA-T-12-fastStorage,fastStorage/2013-8/427.csv,1054712,3528e231662001e1aabe08e3aaf0fc5d3fc5449c5b9d4c08a3403a5407b59643
GWA-T-12-fastStorage,fastStorage/2013-8/428.csv,1039306,94649e49c63814e2c49a3cdd0b97f0fbf2e341fee44791224c72e7a852c595bc
GWA-T-12-fastStorage,fastStorage/2013-8/429.csv,1040462,422d3031cd2538a685e6a1b03db1b2dec82d968d350952c670e35ce92e61030e
GWA-T-12-fastStorage,fastStorage/2013-8/43.csv,1182251,d2628ff24c7e1a7eda07df0313f26a58dc6102ea289acb78e46f76915c1f44b8
GWA-T-12-fastStorage,fastStorage/2013-8/430.csv,1065416,5ed54038a47c95ba950845d0747b376f6b7f736a00d8734a223fe24ccc8ed3e4
GWA-T-12-fastStorage,fastStorage/2013-8/431.csv,1060124,7dac11103d481119a9b52b04482b79d14c167ade205c8eb1097b67d4524aad28
GWA-T-12-fastStorage,fastStorage/2013-8/432.csv,1058342,c051b6793559ff26cc84071006da89f4ae722131471656d68cba322d52987613
GWA-T-12-fastStorage,fastStorage/2013-8/433.csv,1065259,7c947e70376d16d91364acc5c0dc0bba3b78e6af98e360eb05f6a029012bd9bd
GWA-T-12-fastStorage,fastStorage/2013-8/434.csv,1069531,ae9b501ad7606f14336091bcc76e58c829a3cdbf1f8f5c336ee2460319d149a0
GWA-T-12-fastStorage,fastStorage/2013-8/435.csv,1045512,28e6615b41c7628707938f684299bb2288804461285602cbc7934ace13c5ed07
GWA-T-12-fastStorage,fastStorage/2013-8/436.csv,1059802,a4b561fe6f1f52f4136dd3c21c9e69470dae801211e3f4129091e690e707f975
GWA-T-12-fastStorage,fastStorage/2013-8/437.csv,1052600,cce40e94081f7afdbdd93c40403541de709b7abbc533f0aeb7df4ea2462a23fc
GWA-T-12-fastStorage,fastStorage/2013-8/438.csv,1048215,34a2a2e9178d9f5d890735602045aa8c3d6712ed8768dfaf787e04669fcddfaf
GWA-T-12-fastStorage,fastStorage/2013-8/439.csv,1030089,d9fd028ec13fd9c20245b9c73d9152071f0e9bf5979b3748b1f687374fdbb942
GWA-T-12-fastStorage,fastStorage/2013-8/44.csv,958299,8a6ace7a7e3f8a03abaf5c2a7cb7d52b8ba462b3ef822521b53b9cf1e132e016
GWA-T-12-fastStorage,fastStorage/2013-8/440.csv,1038357,3e695c5d03a4ba24de8fda31f6dddfbf00a9cfc33f88f2aab7b4b06730cb713a
GWA-T-12-fastStorage,fastStorage/2013-8/441.csv,1042775,f7f7e35507e25e116ccac0ea48be7fa273f1a49ada830caf36f81f92cff23bcd
GWA-T-12-fastStorage,fastStorage/2013-8/442.csv,1029275,a63c106bb286bdf2a3c8143ddfc07e45860b1cd42d331f5451f57ede29136673
GWA-T-12-fastStorage,fastStorage/2013-8/443.csv,1054922,119177d50e233518bce5b2588200b30af1f7368f2aa3cd270043c3a22d7d7068
GWA-T-12-fastStorage,fastStorage/2013-8/444.csv,1042028,ba636d3404368cbf7dab62442320642bf5a3e6d9e9cb7c8859b750f025b4791c
GWA-T-12-fastStorage,fastStorage/2013-8/445.csv,1035249,987a86d372d8ee07690d45b867ab956a3f2354a084bb108de606ab83d20eb868
GWA-T-12-fastStorage,fastStorage/2013-8/446.csv,1058878,4b294653dafe10a304e16cc14dbcdea3fbdbe03e887bd7fce80f75653162284d
GWA-T-12-fastStorage,fastStorage/2013-8/447.csv,1062226,8f664ea5429be2cda7ea75724180933240bc9ae8f3df933487b075bd9d5a067f
GWA-T-12-fastStorage,fastStorage/2013-8/448.csv,1030567,5e76fe5b554c074d6cf12b850b490d668f4cfa2763acc62d5fa32099156abf8e
GWA-T-12-fastStorage,fastStorage/2013-8/449.csv,1034314,4033dd790b4e55d0cc0d554e3886603cc483d65c1ff2c05c2615f84a98fc39dc
GWA-T-12-fastStorage,fastStorage/2013-8/45.csv,1255032,0e471cbc0b4cac3a52bbf322076707f404b49d2420faaa3a5bdf761399d447b3
GWA-T-12-fastStorage,fastStorage/2013-8/450.csv,1038852,4896c15f9f8fe29d7c79170435480a734cc15f0fed234582d012e71b8731368b
GWA-T-12-fastStorage,fastStorage/2013-8/451.csv,1051027,784a985aff9c70ec185a9d3909170aa4ffd8369b23f803acb77f8a70099cd381
GWA-T-12-fastStorage,fastStorage/2013-8/452.csv,1053511,f394b0fa67bdbc30ceae50dc4256cdd1642c834aa0062511ed164660a402870c
GWA-T-12-fastStorage,fastStorage/2013-8/453.csv,1055446,18beca972fc68bbd194a152706d4cd9aa4d01b020048843f528f633f571aae5f
GWA-T-12-fastStorage,fastStorage/2013-8/454.csv,1080362,f09ec6cf0b5a943c063aa3b9233fd0e4c80f09ce7d102b67cabcbadb04cd5d46
GWA-T-12-fastStorage,fastStorage/2013-8/455.csv,1093269,bf8066f19b8c0b82b5fd68fe79cc8815c886ad6858c43c3eae9eeb032a0f9333
GWA-T-12-fastStorage,fastStorage/2013-8/456.csv,1077574,6989600f76128019571a95e8b8ca7c951256246d4a1a0ee9dd21e64aaa54d25e
GWA-T-12-fastStorage,fastStorage/2013-8/457.csv,1058505,c994b5bab6bcdff4807d0d28bdf5e10c8b31fbcabe91cd07cc7a106f695a5433
GWA-T-12-fastStorage,fastStorage/2013-8/458.csv,1062005,69a4911ef6d0bc54db55c52a7fc927992b8e7874ecd681c449f93a03aa90607b
GWA-T-12-fastStorage,fastStorage/2013-8/459.csv,1065601,6c92b389d3330de13490dc08a4de7778654c31d11f6ef401d39d1d9a99138cd4
GWA-T-12-fastStorage,fastStorage/2013-8/46.csv,1002112,a5f931430dfa0e39bb1f2c76a0df63a0170a19793720e4504df8b162fd375a6d
GWA-T-12-fastStorage,fastStorage/2013-8/460.csv,1078400,e7648d1c648f571557776e0ddb0d66f7bcfda1295cbf39c464540ae484bfc10f
GWA-T-12-fastStorage,fastStorage/2013-8/461.csv,1076462,30fba7b9e0aa4ce4a9fa736c816b404b626a31925b3a1c1dda96d9b22a43b2e0
GWA-T-12-fastStorage,fastStorage/2013-8/462.csv,1082294,2042a5c043d99871194dd3849b77eb299e17b9f2cda35d535dc9bdd7c1b04b9a
GWA-T-12-fastStorage,fastStorage/2013-8/463.csv,1059626,cd144b35409b2bea0134db57adeed12b4619f7951d78e98b4e926d3f7c0dab0d
GWA-T-12-fastStorage,fastStorage/2013-8/464.csv,1057431,a467d16b5f607b339bb6c1be9e1243a0afb31bc5ab864cc1c999317ca551399a
GWA-T-12-fastStorage,fastStorage/2013-8/465.csv,1084510,a84c1f131924e9ec31830b9c7169c8fda4ce1f1b2dedfadcd05cb181b0d07580
GWA-T-12-fastStorage,fastStorage/2013-8/466.csv,1042294,d782d8db031e9da4080e44e81dd4641b60fd80bf792eef0a0602aeeb0b46bb82
GWA-T-12-fastStorage,fastStorage/2013-8/467.csv,1070010,b7b3348d97b5b5eb9a255c30477ff949054371c452efa5dd8f6baa812b0b322d
GWA-T-12-fastStorage,fastStorage/2013-8/468.csv,1054466,43a826c654737eb01e57c192caf6e254d546926b869a204263c6a4f0944a5fe0
GWA-T-12-fastStorage,fastStorage/2013-8/469.csv,1045085,4476bf9c29f8d7cd3099e21cae7ea1d1917a184f32fe1c575e4d508418575f44
GWA-T-12-fastStorage,fastStorage/2013-8/47.csv,1160050,823f36f2514849fb26846339209a2638e826e3bde2096df7cccdcd8dceefed5c
GWA-T-12-fastStorage,fastStorage/2013-8/470.csv,1076266,47ad3fe99387e7f62bc105db0b522ba396098a1580daccbbb426c444dd47b9c2
GWA-T-12-fastStorage,fastStorage/2013-8/471.csv,1051167,a4e94e5ce2f18a386f67248d17cf8ee27b145230103f69fe9ad38415c938b8d2
GWA-T-12-fastStorage,fastStorage/2013-8/472.csv,1067878,1b7afb52ce7bab5c0b24ab175ab3a3c459f0518a76cfba7fd55b91ccea388440
GWA-T-12-fastStorage,fastStorage/2013-8/473.csv,1062382,1d8229362a295086bd8e2413ad4bfa9eefd8e857144af99a6c854de920b508b1
GWA-T-12-fastStorage,fastStorage/2013-8/474.csv,1064261,1bf94f1f6565c3883251cccb13fc276658b4219158eb12303da05eed001f4a14
GWA-T-12-fastStorage,fastStorage/2013-8/475.csv,1061141,d89ea8f3c149aa7f598b4f62b9b9f643c1dd176f9e4430bfdcf57341ebfb13ea
GWA-T-12-fastStorage,fastStorage/2013-8/476.csv,1054045,97eaf9d7b247e8d22b89c06d9a9335d0c23a42477f4278724a67bf86fc40beb1
GWA-T-12-fastStorage,fastStorage/2013-8/477.csv,1074777,680a898f0c53ed57ba93d27ae0cffa17f508251923622acdb66f30d1f70cf5d9
GWA-T-12-fastStorage,fastStorage/2013-8/478.csv,1054226,9387dae0a25bf396d6785ba067a8d611ade2b855c5cf883c77e13dcbb89948ad
GWA-T-12-fastStorage,fastStorage/2013-8/479.csv,1050065,8c4ccb55627ff54bbfa788f3325cebf1b9b92cb8d94cc2ca89d8c2dffa68cc73
GWA-T-12-fastStorage,fastStorage/2013-8/48.csv,741138,10eac1213e21f2b4d80d968d014e09ade94a48dec89684d20170e94bb5a70466
GWA-T-12-fastStorage,fastStorage/2013-8/480.csv,1044647,9f7e782d155a8bf2c0f823c35666ae27e22602a4ac125adacd825df8619fd292
GWA-T-12-fastStorage,fastStorage/2013-8/481.csv,1056519,d0c8f93bd33b6ad7b83e9cd1cbd4e7f6d5cb973cc331b5c08dc3dd9c41d34692
GWA-T-12-fastStorage,fastStorage/2013-8/482.csv,1046432,3e889a8850f8869ecd775992ff68d5d68f0b63de4e31ba409102384d36190c8b
GWA-T-12-fastStorage,fastStorage/2013-8/483.csv,1067255,73cc278b79403d4f40e9277a9629ca052465220923f147b4715429e7b929abcf
GWA-T-12-fastStorage,fastStorage/2013-8/484.csv,1030712,a0555e830d423b735444ec2597c2edf1c02fcb2150f6ec58648604198fe9997e
GWA-T-12-fastStorage,fastStorage/2013-8/485.csv,1067995,345f900588984df4997afb8a942b09202739372f53b958f981d9d5d4d9cbb1c2
GWA-T-12-fastStorage,fastStorage/2013-8/486.csv,1049254,03b9585a01de80556b29bdc1794aea281825fa5d2c7f82190c82c5fb467482ec
GWA-T-12-fastStorage,fastStorage/2013-8/487.csv,1047239,70feba717f5b7c98ae84a562aa4bb4652d40b9f98dce43e7c1c5877e59978548
GWA-T-12-fastStorage,fastStorage/2013-8/488.csv,1055215,d86857b22a0cc63214b6a513c38ae6482fd00dbc4af50f0b9a39fa9780e296ed
GWA-T-12-fastStorage,fastStorage/2013-8/489.csv,1053405,68c5125a14f8b155087b90af17b4cb0094aa8b9bddcc100a55ae4e79fc85d98c
GWA-T-12-fastStorage,fastStorage/2013-8/49.csv,946109,07a53298ff885e6a59d872e0e3225cd692218e01a11d4bbf76f176d7a03c5947
GWA-T-12-fastStorage,fastStorage/2013-8/490.csv,1039320,f8f86085193514e7a338f1062d505e23d2e497e9a0e7b1e3835eaf30cf65da34
GWA-T-12-fastStorage,fastStorage/2013-8/491.csv,1066385,9cef31be5e62af97065fe45afeb400a1687b8f4c18a4edf4c74f839262b28dd4
GWA-T-12-fastStorage,fastStorage/2013-8/492.csv,1057526,cc5aaff12106ce10bb5b9ac92d0f0593f9cccbc58866b37eed97bf6c8257dd25
GWA-T-12-fastStorage,fastStorage/2013-8/493.csv,1039343,ed9bb8dce0dacb2acc0b6f869a8448e45503924a250c1b4209a47f536e929d63
GWA-T-12-fastStorage,fastStorage/2013-8/494.csv,1046889,41f7f17dc17ae648fd03bbb56652f202208dfc531391715c53ff912dea330ebd
GWA-T-12-fastStorage,fastStorage/2013-8/495.csv,1052250,109975a122b1a7da6e839b53bace63df09f64dedcb7d293e09928a03ac8a0f41
GWA-T-12-fastStorage,fastStorage/2013-8/496.csv,1061614,fa0dd059a6def19237c380ccea7d15ac80b9f9b622102953b6bf9aab5107320f
GWA-T-12-fastStorage,fastStorage/2013-8/497.csv,1039498,ff2e1d0163a1adfc98da924ce33e63e29908dc20dd78d31daffe5c4e7926a81a
GWA-T-12-fastStorage,fastStorage/2013-8/498.csv,1047194,4cc4ef5f045004e22fde83e4bcd8a55ff388768b83cc2f5b096f75104bca9e4c
GWA-T-12-fastStorage,fastStorage/2013-8/499.csv,1038317,9b5ca324d58280cfaa8ed46400c29962b0ccec502f4614658699e9432ab89a69
GWA-T-12-fastStorage,fastStorage/2013-8/5.csv,972118,c869e3a958f1292076de5fe94ff27c33440d339603920108dd0a0bd1ead32e86
GWA-T-12-fastStorage,fastStorage/2013-8/50.csv,1074543,0a2e3df041073643b813dba36074c616dbda77766b24eea6faa4dcf67e23a0aa
GWA-T-12-fastStorage,fastStorage/2013-8/500.csv,1063726,103dbcac0aea5934867136ffce92fc8a599c5949c46ebdadf7386e360f97da46
GWA-T-12-fastStorage,fastStorage/2013-8/501.csv,1047540,1a9425797a9bd04cddce87ea334f5035e63a44a527afce7af17c2c6668d8cd5a
GWA-T-12-fastStorage,fastStorage/2013-8/502.csv,1067296,38d42c6e6ff2ef8ba4b023259e8fc4c36fefd3b654cd01cf1db88c57d02ded7f
GWA-T-12-fastStorage,fastStorage/2013-8/503.csv,1056865,8a2b3f18de5a9c94d219bd6e5b8e6f7aa6f0a0d7a774869a0018c7b4490bd82f
GWA-T-12-fastStorage,fastStorage/2013-8/504.csv,1049797,de5dde46a2e74e58d2d8dec127f7adf601da61bab8d67ac2965ec6167d86d7fd
GWA-T-12-fastStorage,fastStorage/2013-8/505.csv,1058862,340f5ffbb95f2a4764590fe5bd3c5c2b41018db85198023353bc079643463d57
GWA-T-12-fastStorage,fastStorage/2013-8/506.csv,1060625,9173afa7dcd6faa064296b83ce277f9cbc5de1f618df7d4f424286b5b36b499b
GWA-T-12-fastStorage,fastStorage/2013-8/507.csv,1048233,dff9213e0c6c96e54bb0ed2775756acb037e406291145ccada58274ab01f3fa2
GWA-T-12-fastStorage,fastStorage/2013-8/508.csv,1066166,b054d14df5f81fe25d99a2a1a2791c2f9f0ccf4ab29e30d1b2dc3e972504a067
GWA-T-12-fastStorage,fastStorage/2013-8/509.csv,1063611,a0f503ca5265e652e40ee19cc88b5414fbdb890696ad243d622b91258cf01ec7
GWA-T-12-fastStorage,fastStorage/2013-8/51.csv,1007158,2fba05d3261f9a243f0315de1b5960345292db3b9b9697206b725673166a76e4
GWA-T-12-fastStorage,fastStorage/2013-8/510.csv,1069620,a2341eeaff1eed914ca45dbbef75f14c5affd7903916d45602e79f7e866be974
GWA-T-12-fastStorage,fastStorage/2013-8/511.csv,1056151,ba70918006190d1df90f3cf08151ef90ae690ab309dd4fadf399c32347bf7905
GWA-T-12-fastStorage,fastStorage/2013-8/512.csv,1044593,945dfdd8190ee4c340b3984134b54e24ab34d11ddc9f0524652a66c7eb7b7aef
GWA-T-12-fastStorage,fastStorage/2013-8/513.csv,1043725,84783676d4aa3e648aec0f0de29defb91855a061649e651a6e8bc1e12ff64892
GWA-T-12-fastStorage,fastStorage/2013-8/514.csv,1043971,a53e945ffefa29161c24a4112c73142fe29dac5b685ccee07c9f283ae45fa530
GWA-T-12-fastStorage,fastStorage/2013-8/515.csv,1069446,6d2e1a341041fee904b3197409be7bbe2911c72f3035f5c713a2f0ca2daf3090
GWA-T-12-fastStorage,fastStorage/2013-8/516.csv,1030300,deca59ee84c584810d6f12c71095c9ed72f08fd985c35a0c0111ed68563f2106
GWA-T-12-fastStorage,fastStorage/2013-8/517.csv,1042394,bc354f4228bbe52cc27f7d3e001817cc805c1e0d4a8d8b9ca7edcc0d395041aa
GWA-T-12-fastStorage,fastStorage/2013-8/518.csv,1062164,531d0c8907c247436791057e3bbf0773c711ea178ada6fd62147d1ebb7581590
GWA-T-12-fastStorage,fastStorage/2013-8/519.csv,1056530,5a534b91a075f14630144883cc9ae67dcfae40f9a6959f208b377a5f69b1fd87
GWA-T-12-fastStorage,fastStorage/2013-8/52.csv,873129,a285a4f9eee255b195e658b7a50916cfd4011d89b3df4498ff1ded47291c02df
GWA-T-12-fastStorage,fastStorage/2013-8/520.csv,1056525,f116ce9c550b1001ae50eaa828f4061e2907b9832d2e707df04c44f6d36ace68
GWA-T-12-fastStorage,fastStorage/2013-8/521.csv,1069288,301ddf949b0cc126e2ba23ac4bd703d179cae1295c46499ab344a145df84f2c8
GWA-T-12-fastStorage,fastStorage/2013-8/522.csv,1063168,f829858692afe3977ef000350d9c01b580a030830f58ba5f1cb4f03161529083
GWA-T-12-fastStorage,fastStorage/2013-8/523.csv,1061507,5d135cdee4c04651d1d02e4a42426cafea60259364d9373733390f4a5d11b9aa
GWA-T-12-fastStorage,fastStorage/2013-8/524.csv,1041220,f2218b426a18d99797c3dabea4d7196e20a1884bf5da215c036590db3725fb5c
GWA-T-12-fastStorage,fastStorage/2013-8/525.csv,1068119,b4bbf76a1f856fbc5e7cf76120c1c9694cf1d0c5f014bb0acd8b1b8f2e7ea623
GWA-T-12-fastStorage,fastStorage/2013-8/526.csv,1032116,483f72f9222e87c6277ceec744f0faee7e3a231bf937b796f1fef4aab8d2ab58
GWA-T-12-fastStorage,fastStorage/2013-8/527.csv,1152378,e093b11e2e07d4286845c0fcf39c69ea2adb8741065bb1edb109e88336160959
GWA-T-12-fastStorage,fastStorage/2013-8/528.csv,1039357,d05157e69c2bc7611c503630b36e755b0c59b9dab1bbdc5ec1d7ee0ff06b7e4a
GWA-T-12-fastStorage,fastStorage/2013-8/529.csv,993825,208ee97d46584d71f2fec1e9e9fd24c2d6615262edf69ae82bf67d75f103b58e
GWA-T-12-fastStorage,fastStorage/2013-8/53.csv,535055,f7312b106e57442a0d5a486a61343e681346817e8602aff245b33a45f1756e0f
GWA-T-12-fastStorage,fastStorage/2013-8/530.csv,1018533,50431f48d17a454b2925c90a08c2b724fbf6fc3cd88eabb1e77eed89641b2177
GWA-T-12-fastStorage,fastStorage/2013-8/531.csv,1117182,206a9a9400ce6e047d09b5d60dd82f0c7a116368518bdc57cf5f89ec30ddb1eb
GWA-T-12-fastStorage,fastStorage/2013-8/532.csv,1120287,105a25b0f67801bb98d90c051242f284a9946dab42a3fbcaca4f76b2d7b94c49
GWA-T-12-fastStorage,fastStorage/2013-8/533.csv,725788,d7ae938d5e239df86ad8d6c6c57672dd644467c1f77bb98a9f66ee404c02d678
GWA-T-12-fastStorage,fastStorage/2013-8/534.csv,1095129,0fb526731d3b4c2f4d8d9e601741b062d07c9a1177acb8155c7b113eb8cf3af9
GWA-T-12-fastStorage,fastStorage/2013-8/535.csv,871630,3e6c70ebcdc25fc554fd8cfd02424265edc03fde55f7cbe5074ff016619e285c
GWA-T-12-fastStorage,fastStorage/2013-8/536.csv,516964,4dccab6b22c6c9976251f7912772d16bc2349c06ce792092b97133ac3a71906d
GWA-T-12-fastStorage,fastStorage/2013-8/537.csv,1214016,9c3a561f092f58ea7cf3429200aa42c50884569ad8324ca437377d639613712b
GWA-T-12-fastStorage,fastStorage/2013-8/538.csv,846949,a60b06f1ad2c7bb2d3d4028f2030eacfe4743a3f686f5826d42f0d4904baf2f4
GWA-T-12-fastStorage,fastStorage/2013-8/539.csv,1041770,b9b713f30eb90eef1c13942528b23f5ee2e0f8084de59feb81384476bde17c0b
GWA-T-12-fastStorage,fastStorage/2013-8/54.csv,1175856,15d5b9f6da6cb37fc6cdbb15f313d8a56c4880313212352ab85e9c16558efa07
GWA-T-12-fastStorage,fastStorage/2013-8/540.csv,1102990,e90c2db754cf9fc310fc3d85db150ce7be95f25c84fed67b9566ec645c18585c
GWA-T-12-fastStorage,fastStorage/2013-8/541.csv,1192185,de0cc41427ffdeb92fd34b2b1fca7e14142c7e4f4e47009b0448385e2d70c688
GWA-T-12-fastStorage,fastStorage/2013-8/542.csv,1368665,18964d964c76f483e7d8ee49342e4069bdee0e099b9ff102e2fc907eb5659643
GWA-T-12-fastStorage,fastStorage/2013-8/543.csv,1479368,306e18f1e5d2a2cdbca2b90437763888df30025612b17b86d5184555b018420f
GWA-T-12-fastStorage,fastStorage/2013-8/544.csv,737940,ca73b849f89f1c0c107754a0cc8ef80a0583af483f7645f11b375c5d285709b1
GWA-T-12-fastStorage,fastStorage/2013-8/545.csv,1040225,a78f6e7bf23f3a9e09063a78aea141f1995ed9aa2e021fec89ff764fbc0c0fe3
GWA-T-12-fastStorage,fastStorage/2013-8/546.csv,1127265,d9cc3cab9f8a80acdd4ebc24e68fe44c507b34e3cd28c8c49347071b41120631
GWA-T-12-fastStorage,fastStorage/2013-8/547.csv,970094,c807ba7cf0d775037b9e2cff70f665ca580ed45c5edc93fdaeb8df1d246f878a
GWA-T-12-fastStorage,fastStorage/2013-8/548.csv,931409,a3d02deab1264929cf16785d86dd2c3af5990b60aa4274f533abf1a33c1938cb
GWA-T-12-fastStorage,fastStorage/2013-8/549.csv,876994,15732d33290f267f4cbdcba14027ec8c974e394ef13001bdedbd5326a5a1b1ba
GWA-T-12-fastStorage,fastStorage/2013-8/55.csv,1115976,9fa49f62de03ff1cc2a980c2ab77d9be3d719597f3cc7e39a536374b259a772d
GWA-T-12-fastStorage,fastStorage/2013-8/550.csv,923724,1f39e42bbd9064444da511791233ccef4a2c4ea0ea48cdb237725ac94132d312
GWA-T-12-fastStorage,fastStorage/2013-8/551.csv,1127343,36816f88c012d81e2d0194080cf014fa82fa9a92a1eef5bd544ba3e863f54378
GWA-T-12-fastStorage,fastStorage/2013-8/552.csv,43339,3bfa63cbf585652060d4ddfb5be59de2f55aaae2688529e2292e06ef68f44e81
GWA-T-12-fastStorage,fastStorage/2013-8/553.csv,59544,c3065de03a1798bed4dfcc132366152afc4035171e49154770c00b4ae6e043fe
GWA-T-12-fastStorage,fastStorage/2013-8/554.csv,833369,7eb6a5c27f4b7d60ffaa115a7b1d503758a34ed6fe8be7956003f95f5ab45571
GWA-T-12-fastStorage,fastStorage/2013-8/555.csv,1143515,fea3918b98be5ee548c387fac6ea765308a032f91142254716b74c47cc95d279
GWA-T-12-fastStorage,fastStorage/2013-8/556.csv,919428,4719373a9dd575a72beed440914550ad4cfb3277d1c121c64e4e3e62f121c914
GWA-T-12-fastStorage,fastStorage/2013-8/557.csv,201650,b38edb504b208ead1f603afa0bd18572829d9dc4579d5dc1f75f2f0b2b484c73
GWA-T-12-fastStorage,fastStorage/2013-8/558.csv,752567,792f52676dceb32811294fbf585133e9ba722ed7fab66d7af4a74d2e641d8104
GWA-T-12-fastStorage,fastStorage/2013-8/559.csv,894851,edbcc541b8039fe225cf7c65bb327f64de1fa03ce2d63c89562503a3215390ed
GWA-T-12-fastStorage,fastStorage/2013-8/56.csv,1226860,69697a47f7bbf3b9d2325baed98989070113900cc1e1093233b70f31dbc735dd
GWA-T-12-fastStorage,fastStorage/2013-8/560.csv,799838,9ad95f550f8dda4a05e1f44166b31d4128cd587c90f30466adf3f6ebb41d3a31
GWA-T-12-fastStorage,fastStorage/2013-8/561.csv,1394484,5444dd38ca67464233f4f1e80e48f4a7631929c52ad8d830b7810fde7669ad66
GWA-T-12-fastStorage,fastStorage/2013-8/562.csv,1095100,8942d5aaa407de09c535aed7aba783c92f778283984c1912cb22294b54dda746
GWA-T-12-fastStorage,fastStorage/2013-8/563.csv,755650,bee6b57bb7a156af8f82048ce7c93e6ebc206ff214cc9ae4aa11187925e9df4e
GWA-T-12-fastStorage,fastStorage/2013-8/564.csv,705908,a4fd2bca88a0fd80c188536bcf618ebfc04c317ae214458e722227acf794e171
GWA-T-12-fastStorage,fastStorage/2013-8/565.csv,720920,9715882c253662e68bf5ea99f310a6526463445c0d6aec6c625f289b875a92ec
GWA-T-12-fastStorage,fastStorage/2013-8/566.csv,708690,ab83e01ad34b294c7311bc1c17233cefb13ed6fb6509cea8b01f995bba24747f
GWA-T-12-fastStorage,fastStorage/2013-8/567.csv,707555,d80731d23977e4d4bbf9d1dc5db1e39d7bbc7f7792512e0e34f2b4e43523bea8
GWA-T-12-fastStorage,fastStorage/2013-8/568.csv,718191,bc3d9bc69ce1802bba8b638105ebb912af6138a704f15297f98c1d44e048b092
GWA-T-12-fastStorage,fastStorage/2013-8/569.csv,697119,2ff2b9315b9c79a3764eabcb57dec698dc9b32c4fea431cda984ed37dd169733
GWA-T-12-fastStorage,fastStorage/2013-8/57.csv,1233398,fe194cf6d50c06103984c03f9fcafa08df3901aa55fc336f2b90e2a6006312c5
GWA-T-12-fastStorage,fastStorage/2013-8/570.csv,692025,7efe887eacd3f1f83f33789335433fae76af6de60b1be253178f135192e6601c
GWA-T-12-fastStorage,fastStorage/2013-8/571.csv,693251,06769bb9f22fd51be38ef59c8f32e829b5ddc4975a66a08d0bacc31d605a2867
GWA-T-12-fastStorage,fastStorage/2013-8/572.csv,698363,10e84108ed2ad6eb4d8eef5b0558bc1c90c0e36f4e92c8fa3af307272f5644cc
GWA-T-12-fastStorage,fastStorage/2013-8/573.csv,688458,13864eb7d72c42adade5bb1006cdb82f5c7d1a851befd8185b88f2298154f4c4
GWA-T-12-fastStorage,fastStorage/2013-8/574.csv,1095424,41eddabee38e4c40f5f120ff2fdb55101807338438c0f26da13fcc0f3cf5ddb5
GWA-T-12-fastStorage,fastStorage/2013-8/575.csv,799810,8f9b8f716ef375f7cd44555c3af64125f6db39d32ad425293f3d5c63f0843a38
GWA-T-12-fastStorage,fastStorage/2013-8/576.csv,2274,72af486ff033a1a8cb6d0ddd58cf34b1677ed2d0e51accd7dbe20d4fb5a34224
GWA-T-12-fastStorage,fastStorage/2013-8/577.csv,721847,1d4d0f27b6f7dea7f80e239bf8b992747facd220f2b6b3c6854efedf9df1fcc4
GWA-T-12-fastStorage,fastStorage/2013-8/578.csv,665123,d23324e1183848e26297c7701b4231463f2690d0e1ebcfcc115cf5353389aad7
GWA-T-12-fastStorage,fastStorage/2013-8/579.csv,1076649,4297fa07aa3fcde0813effd2076b39d756cb70cb9c80c4f3e976b47a882ff92e
GWA-T-12-fastStorage,fastStorage/2013-8/58.csv,1183611,b099a3480bfa1a50f0940ef8e66b83bc468da0e548232425ddc5a6d597487f1f
GWA-T-12-fastStorage,fastStorage/2013-8/580.csv,1040058,3abee404eeee4371aac2575dcc11a7af5bc751c8b6c666d5de0207a3a158e69c
GWA-T-12-fastStorage,fastStorage/2013-8/581.csv,817196,63a25591c336092ea6bc9a2fe2cb522b45aeb0fd9c00d685ac5bc15af47938eb
GWA-T-12-fastStorage,fastStorage/2013-8/582.csv,1130629,1345b20b8cf0398f9e613c6376c0602a83f1d9a7f40ef28f0e25de4bb89197f9
GWA-T-12-fastStorage,fastStorage/2013-8/583.csv,1074208,e60b39679d1c030f928ffa97879ad826dddbb4b9f2bed0f97d78d0eade3899a8
GWA-T-12-fastStorage,fastStorage/2013-8/584.csv,1055324,c87db5e397b77ea080eeb10f8d18f3bce0d369ff0baa8fa38ef6edb5fb76a28f
GWA-T-12-fastStorage,fastStorage/2013-8/585.csv,1056677,5cc030386f4dd800da3abdf9a448726786c6d33a698ca676f468f5fcde962795
GWA-T-12-fastStorage,fastStorage/2013-8/586.csv,964704,ca1e2cfdb6887db2965086bd73b4568751747e5e570a7419cf8ddb5cf0106fc0
GWA-T-12-fastStorage,fastStorage/2013-8/587.csv,1093339,f21f097baf19971e5dacec57354d2370df309ddc388576187df0b3d5760a9c5f
GWA-T-12-fastStorage,fastStorage/2013-8/588.csv,978785,9b3cc2ac56501c76d9544f97cb0715de0da10c600ca7227ed0e717fd4e2766a2
GWA-T-12-fastStorage,fastStorage/2013-8/589.csv,1157555,6e23376e34a43df4fa8c1184925a174eaa5f05035ece6a166e1b615c405c356b
GWA-T-12-fastStorage,fastStorage/2013-8/59.csv,4666,211d6fcd4dd5fd23e44a382e1987874b9a4ecc3e4a8d5210e0c8a9c627e90284
GWA-T-12-fastStorage,fastStorage/2013-8/590.csv,982766,1ef4fc1ec2c6d363b1c8e12183edf196cc08ca55000bee94590907bb4faae195
GWA-T-12-fastStorage,fastStorage/2013-8/591.csv,905979,5fb49fa432b486e6626ae3722f84dd437dfbd11a8904a88c09e65c5b43370dbc
GWA-T-12-fastStorage,fastStorage/2013-8/592.csv,1151389,62f37174a332be3fc0d9929fad9efce719db0adad49d44494d211a2bbdca264f
GWA-T-12-fastStorage,fastStorage/2013-8/593.csv,1035105,dc5b6072290dc42adc21869158f1900ff480f9b33dc9c9635dd59791cec5451d
GWA-T-12-fastStorage,fastStorage/2013-8/594.csv,1035941,c17adcb72206ea6ab154a949afe7a298b85d020c842204072539a443ff1ea864
GWA-T-12-fastStorage,fastStorage/2013-8/595.csv,1091339,3915dd8bee3db85c7f6dfcbebe51c25d0972d95d861430299a853034c7c21b3e
GWA-T-12-fastStorage,fastStorage/2013-8/596.csv,1056547,5cff58aad55405dea9ec0708224ce9bb0a83779b1f6e069b49c33ab0d3d7e52b
GWA-T-12-fastStorage,fastStorage/2013-8/597.csv,1058741,2ccc78ec6916930c188a0d1234d518837e8ff96c37ee4221621f17fb4b13679d
GWA-T-12-fastStorage,fastStorage/2013-8/598.csv,983333,2f4486949d9f464bd6845e0c0e7eed90c7760ec4130a3655de386571249caf52
GWA-T-12-fastStorage,fastStorage/2013-8/599.csv,993520,a66e018bc628ef4f1f761a4f1a248758099794b02a7bc071485674099e27725a
GWA-T-12-fastStorage,fastStorage/2013-8/6.csv,974008,5d6ca3f6f9f2d21e385505402ca0902bb6318b52d02113f7de64f34ffcbc4dda
GWA-T-12-fastStorage,fastStorage/2013-8/60.csv,1237191,3b062f778a3a4791d868f40e982b10b54aa742ce60a92fcd08eaf5a392b56d24
GWA-T-12-fastStorage,fastStorage/2013-8/600.csv,1159795,c6301b8ff764b3e3c312f75642663ab97faab4c85ad9f23d4f0d5519e67108e8
GWA-T-12-fastStorage,fastStorage/2013-8/601.csv,1127848,0fc6b21418e9ef512aa02dbd0efadc82d6f6f1d9bb108fa2d5a56d85d7e95d1d
GWA-T-12-fastStorage,fastStorage/2013-8/602.csv,1176632,e9a556784f836de852ade4b6cda37c24140134cd7801a5fac7c2dcdcea5370eb
GWA-T-12-fastStorage,fastStorage/2013-8/603.csv,994324,3f0d11b53535bd3131713f931d83560600fa62ba28c32ce8e6f420fc62ef2dfb
GWA-T-12-fastStorage,fastStorage/2013-8/604.csv,1058353,82473c35e1e5b6f7ff84c6e605d4868efa6bd029dad317c4df3cda6866e1d85b
GWA-T-12-fastStorage,fastStorage/2013-8/605.csv,649204,2bdfb99f18d1dc41112aecfd11f171f447f6b750054b8e4b8d0057bae4f4e472
GWA-T-12-fastStorage,fastStorage/2013-8/606.csv,940454,f5177bd3b793dfbdf783f147ef0a7924be163d29ca2e93bf7a688212619a7549
GWA-T-12-fastStorage,fastStorage/2013-8/607.csv,1060264,6cfba3b88506f0c6a9a859a7073f4247a08c5b59e0e303db4737df6244d53e8b
GWA-T-12-fastStorage,fastStorage/2013-8/608.csv,1500726,14b641a9b8135345ad736171e5896e7c16df2d0b05b5805c1057e055661be8aa
GWA-T-12-fastStorage,fastStorage/2013-8/609.csv,968083,7027ff10dc813fd22975e1a3803fe17e56ddd7744c106d68cd46154046589edb
GWA-T-12-fastStorage,fastStorage/2013-8/61.csv,1841282,3d6e2bc97103ee0e108e0e135b97da67a587aca87c8cc70e2267f4dd9346ef88
GWA-T-12-fastStorage,fastStorage/2013-8/610.csv,957406,0939f2c3eee381a72fad0171a843dad1797578d7da6fe871d2058c20a308339a
GWA-T-12-fastStorage,fastStorage/2013-8/611.csv,953236,1b1392735a8eba4de7ea2c5e9b81d122dde70f424cbb235096fb8b18b0dfc232
GWA-T-12-fastStorage,fastStorage/2013-8/612.csv,956569,853e8fb2f6cfdc2897272cdcbaec91819fc4985523c6058a7106aee6ceb3b279
GWA-T-12-fastStorage,fastStorage/2013-8/613.csv,954581,a17abfb4e1da52cc1156208bdf8f945a9566f228b939eeb9ee174cb94fecf63d
GWA-T-12-fastStorage,fastStorage/2013-8/614.csv,1297979,32f44db353f80cc381ac06416abd6d9cf224449e5fb0b7d0c65c98e04a8fb769
GWA-T-12-fastStorage,fastStorage/2013-8/615.csv,1509006,0f87f0730e375bb1bfc34801759af0971335d5f9276d7c518c71396244787a30
GWA-T-12-fastStorage,fastStorage/2013-8/616.csv,1307207,b484618f90db50e689bb4bdd26d4d13356a108d3b92bb95d0bb9e1f7d2e34445
GWA-T-12-fastStorage,fastStorage/2013-8/617.csv,1020614,8ddf5d974fd3996cccea1c53243266a429791461191c4df341e8d82e3fe21d53
GWA-T-12-fastStorage,fastStorage/2013-8/618.csv,1005787,5363b6c37be9895cd7b81977bfcfa45b38097b77c8bc3ae154a37d4c45797c99
GWA-T-12-fastStorage,fastStorage/2013-8/619.csv,1004370,bd736c419042e53cb926f5b7609f7c0107161720e4b8e76565ed553dfec634e9
GWA-T-12-fastStorage,fastStorage/2013-8/62.csv,1175196,b75b3a1996b14a0ac502693c1de4272c5ca47950135927dfcd4b606b643d3927
GWA-T-12-fastStorage,fastStorage/2013-8/620.csv,1017635,1cae6007ba9bcbacc43aa737c8168bd76418aad2f2f5519aa441e7e65ee57335
GWA-T-12-fastStorage,fastStorage/2013-8/621.csv,1003813,993517af753a6045a7edec8d24b13a0e2d27b5b8080c64d392122b918dffbb55
GWA-T-12-fastStorage,fastStorage/2013-8/622.csv,1013876,1baa69b6ea67b61aeba906a29ee8d698a213f1dafbf0aa6fec2cee8ddae8805d
GWA-T-12-fastStorage,fastStorage/2013-8/623.csv,1294376,5b79521635e822a27d3bff478a3e78fa9aee89fdaf1abff539a9bd33d4f6deac
GWA-T-12-fastStorage,fastStorage/2013-8/624.csv,1295250,dabc72f4348d2782d613a63ea7f03ae28f89eccd583d5354d5e513910fa09d66
GWA-T-12-fastStorage,fastStorage/2013-8/625.csv,1288867,31d452d5c199e85966e93003dd883db6967bbaac689f6ed4a7dd15bfc2befe86
GWA-T-12-fastStorage,fastStorage/2013-8/626.csv,1294384,4e567cc1797d9e7cc8551b674cb4b0c4b7d15ed8ea262068e1ff023689776631
GWA-T-12-fastStorage,fastStorage/2013-8/627.csv,1290423,e8f0c250b1b1fbfb93917ccdee9b85059709ce25a79779e907f867e8ff0513ac
GWA-T-12-fastStorage,fastStorage/2013-8/628.csv,1288205,4c2463eb68efbac620eb00187848eeec3cc9890fb413ce7e8c5b3086de87e177
GWA-T-12-fastStorage,fastStorage/2013-8/629.csv,1291177,0a7db6266808334817a0ca745ef13ad5a60b652d886243c92329cbdb152dcea0
GWA-T-12-fastStorage,fastStorage/2013-8/63.csv,1155947,e0928c12d3b5154b6c0f256cc07687ec55fba9ab4d8804c581e3549caee3a6ec
GWA-T-12-fastStorage,fastStorage/2013-8/630.csv,1284019,92181ede0a3c23675f2e7fac6d98d2694ae11dfec67400f4bbdddedd96c21f6c
GWA-T-12-fastStorage,fastStorage/2013-8/631.csv,1295689,82e081cb5d151aa8bfc75d8e1ffe69f788ed5e137dff3a26d0a7880c2b07d53d
GWA-T-12-fastStorage,fastStorage/2013-8/632.csv,1293711,dacc5fe215477d55600813bf8da1282dcc0f54daebfdaab82eabab2ba142fe06
GWA-T-12-fastStorage,fastStorage/2013-8/633.csv,1294400,9da7a8e2f7211a9059db5d1c890b395523246853c9e657e8adedec8d8e2a9bc9
GWA-T-12-fastStorage,fastStorage/2013-8/634.csv,1291698,0fc016bb98fa3bdcff84221b2b445c38ea0ae1633794b26d2ee8e172bf4ceb5c
GWA-T-12-fastStorage,fastStorage/2013-8/635.csv,1293153,290fc000c5c24abd4cc538d8c883ac2ac6c485df08f7f300a1b4de6d8512fec5
GWA-T-12-fastStorage,fastStorage/2013-8/636.csv,1310497,19594eb43962e5e58641c0b1493de047e306d0e9273c8486344ce1006afaead2
GWA-T-12-fastStorage,fastStorage/2013-8/637.csv,1349043,cd972ad9af0748fcb57b9358e7c0902f256bb09c36e229c1e439083d4cc15b0c
GWA-T-12-fastStorage,fastStorage/2013-8/638.csv,1297406,c68efedba2e1ec8eab608cb2c91282650f9557b345dfb72f416b6feb7ee5799e
GWA-T-12-fastStorage,fastStorage/2013-8/639.csv,1296742,6d776344a219469330628bc8b27d0af0bc0e8255084e8eb93b6d712d23e59b8c
GWA-T-12-fastStorage,fastStorage/2013-8/64.csv,1400556,9426f32e21f39214448e4ae55330297fe82d87354a24893f4a04fdfd5bfb12fb
GWA-T-12-fastStorage,fastStorage/2013-8/640.csv,1292232,49304ba51c3c50b3140215369779dde9ffd31b1b56a601067a5db6e454b51fee
GWA-T-12-fastStorage,fastStorage/2013-8/641.csv,1295704,70d8082fc9d6d4202e5598d6c353ddc913ebcb5dd83789188f2a941f679c0f81
GWA-T-12-fastStorage,fastStorage/2013-8/642.csv,1299136,bb5f5de44d57a9dc42bd615b209fe628f855a6ad78b593701e36711482839f1a
GWA-T-12-fastStorage,fastStorage/2013-8/643.csv,1301962,738d6097c9a5305dc04bc07f328b52992e6c98fe227b8fce72a46d0589f7606d
GWA-T-12-fastStorage,fastStorage/2013-8/644.csv,1301246,b44fee1a2bb907d82e840c3c0c4fa3e94d3988498d14ce9e694a05ed1a5ea5d1
GWA-T-12-fastStorage,fastStorage/2013-8/645.csv,1288377,9e668374f908f496273f46f46d2a950f141dfbc7f1ad2cadd9dad4a0cd9b510c
GWA-T-12-fastStorage,fastStorage/2013-8/646.csv,1311712,e19575f1cd57f87bbc7ac6faa988358a832db57eac04ee96345d565a2c376ac0
GWA-T-12-fastStorage,fastStorage/2013-8/647.csv,1292633,383971029a3bb215af3684d846615be62fc3fb704f451a88a539b52cab569522
GWA-T-12-fastStorage,fastStorage/2013-8/648.csv,1305563,e43272102f6f9737e93228f2358a9796ed905db304881eb2a98c0396ff7d178b
GWA-T-12-fastStorage,fastStorage/2013-8/649.csv,1293958,883e2950c0176df99439a35fafcadf9852172e16c3e47f513a7d45cedda70d45
GWA-T-12-fastStorage,fastStorage/2013-8/65.csv,1248231,c3e4f4fc6d9715209290b0100c1b8b5a8d27bb628e2e8009d963c4a1ca57356c
GWA-T-12-fastStorage,fastStorage/2013-8/650.csv,1291248,f54772f433c27e2d4a6c30469267cddde2a2fafb9ceafd1a1e0801293c48ecee
GWA-T-12-fastStorage,fastStorage/2013-8/651.csv,1281395,c2f7a92c29740bf711c7c7dd33954e6a3a11ec2c8d57e4ddb85ac2a85e3865a8
GWA-T-12-fastStorage,fastStorage/2013-8/652.csv,1290178,ba54436f26e95e49a676ed0d5f064e73879028e6fafd71e1bc1767ec481d60f0
GWA-T-12-fastStorage,fastStorage/2013-8/653.csv,1285969,ba8a1e3abb4498b4264ebc572298d1427818e36fc48888322fba1b2f96974b92
GWA-T-12-fastStorage,fastStorage/2013-8/654.csv,1485310,08e633a98bcc1b67b150dc79c2db9ce8385dffe0c44993406923010ad3f9dc46
GWA-T-12-fastStorage,fastStorage/2013-8/655.csv,1292819,8f131c35ffcab0ecd35250a438a64668b401d9862071db6c19bdcf1ce180f446
GWA-T-12-fastStorage,fastStorage/2013-8/656.csv,1181089,f2add5aa708730b31784cd4f760b1a5160f674298e75d231c8e63daca0084e44
GWA-T-12-fastStorage,fastStorage/2013-8/657.csv,1128932,57043a0eb104ace852a0f96ad9109105da3950baa4b35254b3aa5c6546e384a1
GWA-T-12-fastStorage,fastStorage/2013-8/658.csv,1076721,e887ec1cdcde6306aa1e1e90f13517685f2d1a3d011ec9cc5e25c132aff8e7af
GWA-T-12-fastStorage,fastStorage/2013-8/659.csv,1081330,59207190736619780fd1fef577a91388853bc4dc1d0a25669cde450b6aebad04
GWA-T-12-fastStorage,fastStorage/2013-8/66.csv,1124488,c402461e21cd1f9175f5bec9c74219cfbaa2aa4b3bbab3c3e8e43466a9d52414
GWA-T-12-fastStorage,fastStorage/2013-8/660.csv,1088469,13b5502e52dcfefec73fc9bb32d757427939881f8829bcf84e5db0f1b56652c1
GWA-T-12-fastStorage,fastStorage/2013-8/661.csv,1079048,5d72c1c257c9c53dfc268b76263a65ec1359ddaf2b68447db37c174fca2feff6
GWA-T-12-fastStorage,fastStorage/2013-8/662.csv,1080223,d1b46a62e8f90986aa35c7dcb7259c20495c43cd68330404b7fe1f8b07019c5c
GWA-T-12-fastStorage,fastStorage/2013-8/663.csv,1072403,41b70a9e5266043e96a8d4f4adde02132633cd61cb675470b088c6ae9d33e037
GWA-T-12-fastStorage,fastStorage/2013-8/664.csv,1071734,cd8f67b3f1853130ad58e4a2a7d78048da2ce3283ca42d2c5634f00cb2a1b8e4
GWA-T-12-fastStorage,fastStorage/2013-8/665.csv,1059126,e196a15bee279ef0c7a79978d0a9f4b49ec9d790a643848b0aa4abcc09c395c0
GWA-T-12-fastStorage,fastStorage/2013-8/666.csv,1069626,cf1fc9743a616fc96d8e285a2049c9aaa82370dba686edce0e8593d661d4459f
GWA-T-12-fastStorage,fastStorage/2013-8/667.csv,1438966,05dc37029765b507dce568d0ccd4eb1a1ebe1a50798c4355a8d6680eaa074258
GWA-T-12-fastStorage,fastStorage/2013-8/668.csv,151812,b3ae619b05de6730825688c1eb911ea6146e274c0a4bc508494936f8dc1facfb
GWA-T-12-fastStorage,fastStorage/2013-8/669.csv,759328,6dc1fea1ca13a251f10d6bc5c9d4808b3ba290ecdc43afa1aa90d2352794d909
GWA-T-12-fastStorage,fastStorage/2013-8/67.csv,1144325,714c0db6a571f2b1f0d5e00df985f9ac871dc194f96f68925cc81a1f6187fb7b
GWA-T-12-fastStorage,fastStorage/2013-8/670.csv,1283344,53b345073cec8c417e8f4cbf78f6e546f1175e3fde42b1d62eaf5babab9dacbf
GWA-T-12-fastStorage,fastStorage/2013-8/671.csv,917624,6640c74365130f99212702c047defdc085fdd8b500b9afda036aff47271a4959
GWA-T-12-fastStorage,fastStorage/2013-8/672.csv,355669,2bc5b2ca0d22cabab3f212235c0fa65559e0887c61f89f64de696229ff016258
GWA-T-12-fastStorage,fastStorage/2013-8/673.csv,89966,797c8de247847256a71b5d8ec3f1c6675ed433148278206472f50100dcff0fb3
GWA-T-12-fastStorage,fastStorage/2013-8/674.csv,1392,ebc5c888041e3dd79b43b93ec7c4839a1e731f42ed1817f6d808ffb10374d609
GWA-T-12-fastStorage,fastStorage/2013-8/675.csv,1162767,a5d5cea8128f62c173aa5f11015cb5d3001236bf32fd0cba08e7a768ad5919e5
GWA-T-12-fastStorage,fastStorage/2013-8/676.csv,1148537,000d3b1c90d7a898c6c2ba5bf04348ee09c67d63068da45c29e2266d83844bb1
GWA-T-12-fastStorage,fastStorage/2013-8/677.csv,1167571,8e3437afe1960d558951cae0bf293e03f73162c0350306b634dce38fdbec5763
GWA-T-12-fastStorage,fastStorage/2013-8/678.csv,1088365,06d604b0fe0d1ee0432857c74f44b12df62c3d79286872492955c9b59805161b
GWA-T-12-fastStorage,fastStorage/2013-8/679.csv,1059547,181df19d5a10bcc4813b743f9b81f9c311f4644f16467d4abe85b4aab58a0e0f
GWA-T-12-fastStorage,fastStorage/2013-8/68.csv,1402356,cfa62cec53a730787592919d2fda25fc096417cd2f6b304663b3c9d9cb71d13a
GWA-T-12-fastStorage,fastStorage/2013-8/680.csv,1132423,0b1c9d4d58dca436e0a3de7d2d3aeefe07f49a1215f61151994cc908b35ff32b
GWA-T-12-fastStorage,fastStorage/2013-8/681.csv,1160116,6ff5e745ef05b3bae118f2490551b4884cb932785bf7b1707ad3b06704fb5806
GWA-T-12-fastStorage,fastStorage/2013-8/682.csv,1043348,617c600a261c5dae35739f54633a6871094045c04190b9b10beedca72767255c
GWA-T-12-fastStorage,fastStorage/2013-8/683.csv,980564,5fd4eedd9b12eff8841bf206ed81e0ccada82c7c87658d5cfbd7f5e47be3e5d3
GWA-T-12-fastStorage,fastStorage/2013-8/684.csv,917486,c9cc82b8d97d52a50a6dc18574bb3da7b3c6f7e35bf3a57003fbd4037cde47de
GWA-T-12-fastStorage,fastStorage/2013-8/685.csv,1019263,c025c6d5abc148fbedc9c17a36982b6137d09c8def7d24956d19ace5779a27fa
GWA-T-12-fastStorage,fastStorage/2013-8/686.csv,1107960,3ad7a4ebeb035fdede69b3a98888f9637ef492993d8f6ecf97296b220eeaaa06
GWA-T-12-fastStorage,fastStorage/2013-8/687.csv,381978,11ccfa2e31fae37f9a57c8d61b7701287645f1d30627b1b5f8f49dc768d24cf3
GWA-T-12-fastStorage,fastStorage/2013-8/688.csv,1106697,25ee88918a966215942ed3ffd676a110b7ab8ca90a18b3ce3411559df71369a0
GWA-T-12-fastStorage,fastStorage/2013-8/689.csv,1214689,c2275a2f945d4c9c5b38806da28d378b8872ecfa6bc4fd1cd1ca335ed7e3d922
GWA-T-12-fastStorage,fastStorage/2013-8/69.csv,1169680,1ba61ba541f820931978f06c685a359b8cc25ee392206a30b835ab23afc7d1dc
GWA-T-12-fastStorage,fastStorage/2013-8/690.csv,1156285,51ad41c66dcb2d2cba705af594371be33d562259cd64de9f77b530e1efe7efaa
GWA-T-12-fastStorage,fastStorage/2013-8/691.csv,1059830,f1248b358f773c249fb36224e839cd9c759f5373ee8c907e15c87b3f42f18545
GWA-T-12-fastStorage,fastStorage/2013-8/692.csv,1160822,1df74bee52bfe55a635d232bf783c815414a27a7ae4e736ebe7bc32d2ef2e71b
GWA-T-12-fastStorage,fastStorage/2013-8/693.csv,1126192,b195211ea19cb49910d874c90628384db72fc36481c982db0bb580d99606b1dc
GWA-T-12-fastStorage,fastStorage/2013-8/694.csv,327205,60b4efb2d7976561835e7eaed05d0f6a9d26490c93da7dff20cb6087e0eeec98
GWA-T-12-fastStorage,fastStorage/2013-8/695.csv,322967,5eac5361f7346e17832c3741fe80c08f226875f2a1475c319e9fa4d73a9d8b73
GWA-T-12-fastStorage,fastStorage/2013-8/696.csv,291523,35bc59749e814e2b423ddd9f05b885894619183b0154a5785057eb5e76723445
GWA-T-12-fastStorage,fastStorage/2013-8/697.csv,1097344,d43115af32d76864918d0dd7b58d124e90f58aedf7ee891a8b2c8e2555ba6cd4
GWA-T-12-fastStorage,fastStorage/2013-8/698.csv,1046154,9096e8da8dd3ea93fd3d72bd5208bc9771844e45cfa9a1e00f9695f9685c1c56
GWA-T-12-fastStorage,fastStorage/2013-8/699.csv,1079816,153e2129844ad9dc16c6787618622df51698447e8cb8a896e285bda8cdfcdbae
GWA-T-12-fastStorage,fastStorage/2013-8/7.csv,975073,6ed3aa4031667788aa48a6535a9e9a8b9a53ed1eb7e91194b3aaaec2a3624f88
GWA-T-12-fastStorage,fastStorage/2013-8/70.csv,1175139,877cedc2b56a68244670f65a7d8885ab3a6918d6d1f3dcce8e4dd10965ae7964
GWA-T-12-fastStorage,fastStorage/2013-8/700.csv,3892,e62ec400cf57c196bfe78f432669121eb38255e0c4c997de4729c8037603b9f3
GWA-T-12-fastStorage,fastStorage/2013-8/701.csv,1067152,e5ad06ba874d82f70a64eaeee6f527145f68b13089bf28de95160b6ab621459d
GWA-T-12-fastStorage,fastStorage/2013-8/702.csv,1061655,a0bd29c2d59ce27a3c6869ab4510fc950ad48d68d105834942d943b7727e757d
GWA-T-12-fastStorage,fastStorage/2013-8/703.csv,1053132,087e259152f97c346f4b34ea042971f85704372cd494f4f183f3af2326042f5b
GWA-T-12-fastStorage,fastStorage/2013-8/704.csv,1067589,dc6daf6379c765ff0f978217f5eb81b44371bccf95edc24336009a97b8f2f104
GWA-T-12-fastStorage,fastStorage/2013-8/705.csv,1043157,01aa48b1caa6737e8f1f65a6798dd4d6880900066277369ef1c235eb02f3842d
GWA-T-12-fastStorage,fastStorage/2013-8/706.csv,1025319,da47e02fb5143c94d68c8fd63c7d5abc80fa271b993b3b9d89bcd474681952a9
GWA-T-12-fastStorage,fastStorage/2013-8/707.csv,772188,ef4d5faa2ac5ee762c04f944a9bd190437d82feebefcf19bc427951f0dbf59c0
GWA-T-12-fastStorage,fastStorage/2013-8/708.csv,954040,85a5b075fdd38d509aa4798b5c3eefd03781e00c8f9cb6b11213de92d2e7c74e
GWA-T-12-fastStorage,fastStorage/2013-8/709.csv,956538,76f988ac45fcff546c63f86d6ec627710db10fba1ee15f43a8d17dcc59becb47
GWA-T-12-fastStorage,fastStorage/2013-8/71.csv,1137926,d431eee61269fa89004c159dd6f16defc63ec51cf4590e856713fc4fd2de69e6
GWA-T-12-fastStorage,fastStorage/2013-8/710.csv,977592,6cf1fcc49614b581e621bdf45fdff448eba0c0903138ea753fdbde1fcb9efbde
GWA-T-12-fastStorage,fastStorage/2013-8/711.csv,969643,56c835b85dbe4d897586e4df23ac4fcea5883bdee6ade07aeb2b32528068c25c
GWA-T-12-fastStorage,fastStorage/2013-8/712.csv,966069,1b08b3fb8cbb6b9660982d96a78ef338915a516b88b0b77ee31faefc2f17f43c
GWA-T-12-fastStorage,fastStorage/2013-8/713.csv,985433,f571516a42d114c500eb343e8e603b98e603d710cb6c5ac3e12a6f57d3df744b
GWA-T-12-fastStorage,fastStorage/2013-8/714.csv,910182,82a7c3d82fa0076bec23f8132c0e99a9a2438eba79492903d92073f39ac46154
GWA-T-12-fastStorage,fastStorage/2013-8/715.csv,942978,1c936d3fd52c9b03f22317a4b1aa0cfc857103f51eb5dae0512050cceaef7ded
GWA-T-12-fastStorage,fastStorage/2013-8/716.csv,930305,8d05850d19824f3b5616230e61d77d318c9248e737fcc2d197d6cd915bd5e63e
GWA-T-12-fastStorage,fastStorage/2013-8/717.csv,1218195,cd58f8420f38d418bfca61f772c833c03c443ec6740f88af7ce3dbfd8b11a177
GWA-T-12-fastStorage,fastStorage/2013-8/718.csv,1172644,603038f65b58a2767e2872424ac0108545873df9a378c68d5db2d023de21ee43
GWA-T-12-fastStorage,fastStorage/2013-8/719.csv,973405,7db5919ce037702acf06804fd7b58406074ef4e9c61499fa4a434c1a21d67ee3
GWA-T-12-fastStorage,fastStorage/2013-8/72.csv,1438216,94155e4ebdde692e57967191a7026541ecfaa2c62b54bb97556262a324a65e73
GWA-T-12-fastStorage,fastStorage/2013-8/720.csv,916506,1b8606077c1506cc64c6959734e2a4223ae95fbfb85ad83ab83213e19dc0d8bf
GWA-T-12-fastStorage,fastStorage/2013-8/721.csv,1092925,c0156a81751ee37dfa11238d410ac9832b0a165d251950ec4dd67e3db9e75e21
GWA-T-12-fastStorage,fastStorage/2013-8/722.csv,1065733,f1a7669e954ebfa22130e01af61a94dc3da42161a41f28abf54af6a8fead1a8e
GWA-T-12-fastStorage,fastStorage/2013-8/723.csv,1281800,8ea4d6e1314f3d516b13a2deae496ed16311c8b757ed2ce57cd2e0971e150fb6
GWA-T-12-fastStorage,fastStorage/2013-8/724.csv,664532,853d179202f72251d63de8e2b1993f40bbcc1d90ca9cad4c356c52843161a1ec
GWA-T-12-fastStorage,fastStorage/2013-8/725.csv,1046997,99dc54492fbe0e684adc43b5c830055a68ba07a9904d9bcdb3301bbcc7da2611
GWA-T-12-fastStorage,fastStorage/2013-8/726.csv,914769,4c8944d5f0babcde46544d75063c58caf4b2f11a4f784baa82fa51786103524e
GWA-T-12-fastStorage,fastStorage/2013-8/727.csv,663454,65c384e81327fbeea2f94bfe7f58437cfd6884505452aa600e3da0601655d1cc
GWA-T-12-fastStorage,fastStorage/2013-8/728.csv,1161440,8271591a4827884ddccf7df354167a22be642dcf0d894f653ffa30ee20e2b925
GWA-T-12-fastStorage,fastStorage/2013-8/729.csv,918463,87e46553f44b935472642a602d50aa3654b52cbe5ededf6324e34e608b970143
GWA-T-12-fastStorage,fastStorage/2013-8/73.csv,1596938,84eebe2a36ffd0d8b7b84c2543d0ede2975d7ba510b09506056fdaeac7b0c347
GWA-T-12-fastStorage,fastStorage/2013-8/730.csv,930835,e5f863814f3fad2770747f1cc9791dbf2ee95bf0da3d8c803ddbc37c7cd5e2b5
GWA-T-12-fastStorage,fastStorage/2013-8/731.csv,1317148,db19da6bff5188dc8383d410bbd1044bfa39bcc2bfe39fc2619b917c4cd6f9e8
GWA-T-12-fastStorage,fastStorage/2013-8/732.csv,1144878,155b618e8971d8d5ce9223bc678ccaabaa339451001d6b2235cbd9812083ea70
GWA-T-12-fastStorage,fastStorage/2013-8/733.csv,990474,b391227ba83d5f3310e3d8796fa2872f2bed516d7d49a6041a83de1449dff835
GWA-T-12-fastStorage,fastStorage/2013-8/734.csv,1075134,334f30059bde32c38f574e36852c895e143b478bf03cd727db3f90a250d523da
GWA-T-12-fastStorage,fastStorage/2013-8/735.csv,1072739,8a5aa7b56d5026d34c3c75f72272765fd5ccedf9136d3e79929358bc6623569b
GWA-T-12-fastStorage,fastStorage/2013-8/736.csv,1023467,5971a13abe82db512a22846830351463867d2411500970d13564b07044598df4
GWA-T-12-fastStorage,fastStorage/2013-8/737.csv,978469,5bdbdfa9baaa9c0c153c6d18d46d3dafc333d01e9dd099d6711b2feac3a1c360
GWA-T-12-fastStorage,fastStorage/2013-8/738.csv,1091384,627d30d2792145bf878457f7f217e20381e297f0e2ab970d18ac5614a718d600
GWA-T-12-fastStorage,fastStorage/2013-8/739.csv,1134657,4360e33cced56c275a4c80318f7ad737b76f27638c75f54e741803780daa5b3a
GWA-T-12-fastStorage,fastStorage/2013-8/74.csv,1220422,e8445861c2056b3d016e6e1a1fa1da275e180f257b641b18366a1ded3be28726
GWA-T-12-fastStorage,fastStorage/2013-8/740.csv,1133258,f0cd0db7d225b2a50ef6acb887c37d6060ee2675c9ba90bb38cae916a1ea0280
GWA-T-12-fastStorage,fastStorage/2013-8/741.csv,1085323,19c359cc7bacd1e9518c149c15d99e1e13331ac27e771ea552f2f187d3d68f68
GWA-T-12-fastStorage,fastStorage/2013-8/742.csv,1148460,8b9131501a6457e0441d554c50213278f4b5e6632ec4c531e7ff4e92a9cb8d49
GWA-T-12-fastStorage,fastStorage/2013-8/743.csv,1081380,5110f726de961487073ebd66d30b5592dd55a9fab61de88fca79813004a71d39
GWA-T-12-fastStorage,fastStorage/2013-8/744.csv,1093461,30526714e0588480ea9c9c0a7e24384c29ff986f96a95a328f2f6615cd081b5d
GWA-T-12-fastStorage,fastStorage/2013-8/745.csv,1124618,d3ec547d9c9b80016a420906f99041a3d9ae35df96a9f4f129ca0df8ca9935f9
GWA-T-12-fastStorage,fastStorage/2013-8/746.csv,1144190,b4f60d30339fcf604a1497be0665b37113c7bf69d3b0c5b6f02023bae10968d0
GWA-T-12-fastStorage,fastStorage/2013-8/747.csv,1144056,e372d560118629a9e716434acddae2b26885c84aea6cfb7ce23787f605aeac6c
GWA-T-12-fastStorage,fastStorage/2013-8/748.csv,1148002,ae4c660104879e258de1325d8edc0dae22970e3d09ab6b274180b6ef2f4b939e
GWA-T-12-fastStorage,fastStorage/2013-8/749.csv,1120387,8a6c42593f6ea2a3673821c36de96b58d65c10dbf2807ab198d580bdeadbe1f9
GWA-T-12-fastStorage,fastStorage/2013-8/75.csv,1228599,f42c9a1e53969f2b0ad65ab594d281b833a94f35b0d12d3addf4f66deaed0e8e
GWA-T-12-fastStorage,fastStorage/2013-8/750.csv,1125685,3b44211065bff63882cd0ed75268ef73ab085b3feaad9a2229c64186151bf181
GWA-T-12-fastStorage,fastStorage/2013-8/751.csv,1150971,74651ef1b365d4620dfb5047067bd215b7f03b23dc37fb54722777757f5884df
GWA-T-12-fastStorage,fastStorage/2013-8/752.csv,524376,3e136aedf6fe87c03d9d5cf6346f7bb8dd785fd53b2f1d779ceaafe67d24e1c9
GWA-T-12-fastStorage,fastStorage/2013-8/753.csv,1064,3da88557b42885844c2e772e13c100e15d763e12944360918fea759d46a8a602
GWA-T-12-fastStorage,fastStorage/2013-8/754.csv,696349,fe18adef5ebdf52e8cd876c6526001c3cb90927f65b2f45e98fb5c996001bc5a
GWA-T-12-fastStorage,fastStorage/2013-8/755.csv,826681,ef2f4c6c3716b195bdf1b13c2f4d7e92d07601ea95f1d16070d99f906e1091ec
GWA-T-12-fastStorage,fastStorage/2013-8/756.csv,2262,3026c79123acc5ba5488708d9a707125525db42abd11334bc090955d8d7db750
GWA-T-12-fastStorage,fastStorage/2013-8/757.csv,760157,d4d1e70f6e03c464c0abbe8e2c79c3425a68020ed1069beedc4736e0b1718281
GWA-T-12-fastStorage,fastStorage/2013-8/758.csv,1062735,d90cb44a915c14c31e6ca4fc10f0aa02427bf3471e27fee750e7678ecdd27acc
GWA-T-12-fastStorage,fastStorage/2013-8/759.csv,934258,2fda6beb62ad26d1a4966ee33a4e5f56d73f92375fd39b22ee836b05ae9ad148
GWA-T-12-fastStorage,fastStorage/2013-8/76.csv,1130168,5a8440a973290987281914cec8135d5a038d5319f1a7522d3b37c8cedba3eb4c
GWA-T-12-fastStorage,fastStorage/2013-8/760.csv,1032254,ab834f45a07b8fc554e1a66cfd8fd863b168fda50bb22009509818d03a545dce
GWA-T-12-fastStorage,fastStorage/2013-8/761.csv,919307,b686351d4f62d98cc3cd545b4a1d044e70cccf828d6b2c41fdad6414f93bfb76
GWA-T-12-fastStorage,fastStorage/2013-8/762.csv,929863,ea64dac433ff1d59fcfd5903900aaaab5da72d94f9ec651d6643066b5008b4e5
GWA-T-12-fastStorage,fastStorage/2013-8/763.csv,1068830,d1b56a6bdd363dd74e171f872ae6030d794f945866a28208d33fd8c0dc2a8c79
GWA-T-12-fastStorage,fastStorage/2013-8/764.csv,1029488,3a1dd3d59f68158f112e38f653e271dca1133aef36f6e12cd4aa2015f29c9237
GWA-T-12-fastStorage,fastStorage/2013-8/765.csv,1023282,36a2450aeb670431758176e9eb87bcaa172dccffba68b8375c503308ffb2f866
GWA-T-12-fastStorage,fastStorage/2013-8/766.csv,1171386,617b9fd20fda0f87f9ae338b5a1138d3081898d5133ac0e402a322304cae9345
GWA-T-12-fastStorage,fastStorage/2013-8/767.csv,1122524,9b12923e63d9f5e25892aa592df193da5398120453c929c49681397ca97dc0e1
GWA-T-12-fastStorage,fastStorage/2013-8/768.csv,1209223,24a289ce892553703ee7043d0f1858889e30a1f895becabcbc5d79b01d6941c1
GWA-T-12-fastStorage,fastStorage/2013-8/769.csv,1014176,2e0d908720746181433e85696a391ad38c9550221fa2044c2c23246246b6b2d9
GWA-T-12-fastStorage,fastStorage/2013-8/77.csv,1197109,5f90f8612f93f4e72cab9653907a522cf9f36596927f8f3c809031b296108767
GWA-T-12-fastStorage,fastStorage/2013-8/770.csv,792810,67301c13b5606d95b13d9c79403dc31d4fcc31d81374a2a74ca4b5234f200f14
GWA-T-12-fastStorage,fastStorage/2013-8/771.csv,669091,2122ff35042809055c2a94ac50bbc3f43b2846a6f9393114e28ead143809d54b
GWA-T-12-fastStorage,fastStorage/2013-8/772.csv,1118118,82e6e21874a565300ac998786f2646b36b649fa58b39c02005bcdd1552e1d8c7
GWA-T-12-fastStorage,fastStorage/2013-8/773.csv,896241,264494695e3daf4915bb72f5c50e1359645eb4073ba626d3eb3786912e36ba57
GWA-T-12-fastStorage,fastStorage/2013-8/774.csv,1142707,b5214fafb87a2d8ec3d35506c85cca1797624a3a99ecceb7e10d6f38418e06fb
GWA-T-12-fastStorage,fastStorage/2013-8/775.csv,1152233,c0df175d77171f0922b4a843af307b4252e455657dc372c896a5db481815dfe5
GWA-T-12-fastStorage,fastStorage/2013-8/776.csv,1109590,b46c5f34db305f2e86e709e7280ef5aa70dc2560bd1ba2294cb0c8d55a40c536
GWA-T-12-fastStorage,fastStorage/2013-8/777.csv,1032802,f9cbd1b12e7732fcf02a0fac7a038890d69c4a7866707c70aae55a455047a911
GWA-T-12-fastStorage,fastStorage/2013-8/778.csv,1017342,c737ed2c2cb95651d14cec65aa86f8724817793c3098f304d40929abb274c363
GWA-T-12-fastStorage,fastStorage/2013-8/779.csv,1114985,560448dd02585d97ac14d0ce3d0d5f79c5c6aa705cecb973b3f831219f0c5e60
GWA-T-12-fastStorage,fastStorage/2013-8/78.csv,1112148,fdec0f5f2d7fc271234282eb073fe6d075ccb548f1d480ec0526de7cae833e12
GWA-T-12-fastStorage,fastStorage/2013-8/780.csv,1039444,5b119e6d725e68224db6684e738cf620751ab14611840988503794e263d545b9
GWA-T-12-fastStorage,fastStorage/2013-8/781.csv,214333,fe48e6497ac928df7955a387f3c85869f9fa089b9e046493dfbb245823eafac1
GWA-T-12-fastStorage,fastStorage/2013-8/782.csv,1054263,150b50d6348513a05001c72dda7b56df6985d425d990a14b8e0d1c01e156c230
GWA-T-12-fastStorage,fastStorage/2013-8/783.csv,1179540,805ccd1171d10fb151b3c406538512a37df7b808ccffee6e3731d451887a9c5a
GWA-T-12-fastStorage,fastStorage/2013-8/784.csv,199280,deb108aaf3de7dabf8517ecbc60e1d90deb3710a73a498f318ee98dcf8c90937
GWA-T-12-fastStorage,fastStorage/2013-8/785.csv,203922,074d67e0c235c5b4da0e5353918470c4e880198fabf874ef8766b66ba967795a
GWA-T-12-fastStorage,fastStorage/2013-8/786.csv,187706,f69ede2c1e139ba086a3e3550e22380a2623612278f2fc5397ea314ff5ce250a
GWA-T-12-fastStorage,fastStorage/2013-8/787.csv,181721,f43743bc68095b145b9169d30a5deaf3e3cef408398815501ecf506c78fceb52
GWA-T-12-fastStorage,fastStorage/2013-8/788.csv,188221,81af3e5923d86101cb538ee5c4f3837df18bc6e74c2cda73f0992eaf1bdde4f9
GWA-T-12-fastStorage,fastStorage/2013-8/789.csv,1028794,ee7a77cb46bdcbe681af9a835b407663f2b58a3fd95d8eaf54df27905b336e73
GWA-T-12-fastStorage,fastStorage/2013-8/79.csv,880904,a197493e9cd79be119b2974bf8616230938a2cd93455d792eaac6f27f81236bf
GWA-T-12-fastStorage,fastStorage/2013-8/790.csv,331702,2ce8d61b8bdfca1ee3d463677a85a2a9d1ab921c34b051cbaa4641cd2bc1275b
GWA-T-12-fastStorage,fastStorage/2013-8/791.csv,1092184,afbd459c675879e0cdaf0156d020d78fb48162f97f24f62bb24d66f34357545b
GWA-T-12-fastStorage,fastStorage/2013-8/792.csv,1121393,17029f3a1457167886a7542dfeaef372bcb6e8a1f5c3c41af97a51d4de9b4f05
GWA-T-12-fastStorage,fastStorage/2013-8/793.csv,997946,2e65a9c0c6b42b124e37cd665ef852d14e349d180e8396d53f630016012eb30a
GWA-T-12-fastStorage,fastStorage/2013-8/794.csv,1252764,8874eb87b4bafd1349bad3d9a611e19d6eeefda603164357af95d7eb93683d80
GWA-T-12-fastStorage,fastStorage/2013-8/795.csv,1039727,78f757deeaa59ce3c6e1adf20382e45bbc2b754ec50bcc760492a40f10a1a090
GWA-T-12-fastStorage,fastStorage/2013-8/796.csv,964925,48103c0b683b1a7505b2587aa3623baa8d46f738bc5c6c3f2ee6f016975e9a6f
GWA-T-12-fastStorage,fastStorage/2013-8/797.csv,785396,d90348fa9c514920b2032efd49e4edec99b607b093b1826200b82604c8e57e71
GWA-T-12-fastStorage,fastStorage/2013-8/798.csv,807363,db201fb5c92d068031ca7603923884bc774a7b4a92afa19c9a9a1044e33cf856
GWA-T-12-fastStorage,fastStorage/2013-8/799.csv,1006031,93fc96d6c7919a36276ee7aed24c4e9d467f5ef143e0fa09832d062d75d97a31
GWA-T-12-fastStorage,fastStorage/2013-8/8.csv,972713,ae9067d755fef513494babf1344961de9fe2657b021486c1373e2653c6ae0165
GWA-T-12-fastStorage,fastStorage/2013-8/80.csv,1268671,1b3d90daed66567c35f2a1c8c64115f0bc590aafa90e97ebbd88cefbfdb41a43
GWA-T-12-fastStorage,fastStorage/2013-8/800.csv,948097,a8ede22ab035b365047b3baa7af0c634a5d6d28bb5c50fa6806523a809e299c8
GWA-T-12-fastStorage,fastStorage/2013-8/801.csv,1169905,e32d817a2b63472a452f05d4b6c69f5b080ea9983ae90337f1fb1c1d13a03f08
GWA-T-12-fastStorage,fastStorage/2013-8/802.csv,1053109,a856fb59bc5f8ae81f71c53826c71b181d14e560a512341ecaded5a87b3c52ac
GWA-T-12-fastStorage,fastStorage/2013-8/803.csv,950401,8f8373e19ae358866d29c9e6c83e46f07273001453c754c1f4095786921ee597
GWA-T-12-fastStorage,fastStorage/2013-8/804.csv,666880,3f4a65e30851dd0014598a209804ec8ca2cc6d37cf18e2663b964dde8afc0ae3
GWA-T-12-fastStorage,fastStorage/2013-8/805.csv,1062288,d2ffad30cd48e118313ae11f09bf34c268fc7e42da2f63b9905c40e57888e92c
GWA-T-12-fastStorage,fastStorage/2013-8/806.csv,536941,5fc7d042e18d24e415bb58ee31ba7e82afc3698961187edca39390fb9153fb90
GWA-T-12-fastStorage,fastStorage/2013-8/807.csv,1467114,21d7872ad15f6078a1beab9800667806797e0a937225fe6cbcc9e7d63f571d08
GWA-T-12-fastStorage,fastStorage/2013-8/808.csv,1028626,7448afe971267fdcf004b5c598f59f7268d209a8b99719cf1d649b0be9adff6e
GWA-T-12-fastStorage,fastStorage/2013-8/809.csv,1316884,72f502a5ae5a195dd9998fed8d5a916ba1c8267e8d66ed76bfd20d34d08ac853
GWA-T-12-fastStorage,fastStorage/2013-8/81.csv,1179018,7df0d1d5c05184fe26d6cc0b383aa08bee13d872d166e0e72da9820f7a47ba8b
GWA-T-12-fastStorage,fastStorage/2013-8/810.csv,1335275,67b434cc2b1fb15d0328e9dae2cdc86a34c9500b9b43ed88297bf7ee7185a240
GWA-T-12-fastStorage,fastStorage/2013-8/811.csv,539703,fa51cdac9f65e874564cff782f7c8866999db4b860cfc8cd7dd8965d6f2e4ca9
GWA-T-12-fastStorage,fastStorage/2013-8/812.csv,1186253,ea62f7858ddd37d3d24f1668dc61dcc6248b20132022ebe53b4f17ce7e722bcf
GWA-T-12-fastStorage,fastStorage/2013-8/813.csv,819888,d04106e386271cb09da954b732729e5572fa141f6914592a1b1bc26d050fa054
GWA-T-12-fastStorage,fastStorage/2013-8/814.csv,1161938,c093059a3008919d22cdaba576e97838ac9dee39cb9ba55cd085bc7c3a49e4d0
GWA-T-12-fastStorage,fastStorage/2013-8/815.csv,1136588,af45113afde5af91b18f262c673e3cd14826f977e6fce98079f21ce6fb67346a
GWA-T-12-fastStorage,fastStorage/2013-8/816.csv,1112036,425b7921fa60152c7224a90776dd4c60c8b21c3fb5eca93877ec422d632d7f97
GWA-T-12-fastStorage,fastStorage/2013-8/817.csv,1136739,f62542847c0133bbc58a3b2baeda24f758a1ae51edb8f0e0085b3867a7432ccd
GWA-T-12-fastStorage,fastStorage/2013-8/818.csv,1061758,606a33123664e3f5a08e1ba268e7b6b80dd2ac82ddbd25252627a6655d86af87
GWA-T-12-fastStorage,fastStorage/2013-8/819.csv,1168905,fdbceefc9ec0fa7dcb78db22e245c7069a7f50a9b5ce8278230bddd211597408
GWA-T-12-fastStorage,fastStorage/2013-8/82.csv,1423889,69510c3b3f667f43e0c96f62fba07140d2cbbaf5f5674c565ec81f8f4995b835
GWA-T-12-fastStorage,fastStorage/2013-8/820.csv,1079252,fe9d0d6ec326591d6598d7849ab6701247b5eef6a5dfc42936ef8cabdf93b882
GWA-T-12-fastStorage,fastStorage/2013-8/821.csv,1099504,68feaec6f3795b0ea4d90efcb844db6fb8bd33c1d4b6f1b0c5c85fa52a487862
GWA-T-12-fastStorage,fastStorage/2013-8/822.csv,1132170,00f0dd02598a96fa39b99388b8c9b9e9e90c95e216b0609dbde8e0c1f3107973
GWA-T-12-fastStorage,fastStorage/2013-8/823.csv,1201149,8ddbb0b8af562b82fdb41caacb9f87f72606e01d8b11566c6f579470d86bcf43
GWA-T-12-fastStorage,fastStorage/2013-8/824.csv,990683,4d87bbd889ab4c3cac0c4784b580b10ff5db41df8403d26630b98aacb14fcb21
GWA-T-12-fastStorage,fastStorage/2013-8/825.csv,1140661,25c7d3a26eadf59ed13044e211dc9139f1c63d44b02befeae3941b958a8d6ba1
GWA-T-12-fastStorage,fastStorage/2013-8/826.csv,1123158,570afd540e7f150c37e50fce715ce3c095ab132479c4e67159208da88c47c556
GWA-T-12-fastStorage,fastStorage/2013-8/827.csv,1181063,16f64485e2038e56d0eb2ef015e144c9b517e7cd925192807ef991aea6fa7e8b
GWA-T-12-fastStorage,fastStorage/2013-8/828.csv,1119871,b75618f8504e52333da62fac039a94720d55d5fd386aaab8b67cd0977320c49b
GWA-T-12-fastStorage,fastStorage/2013-8/829.csv,1028080,fbe21a328ee8a0f64715447292456a34c59800cb18ef82207a6be4d0075d3b65
GWA-T-12-fastStorage,fastStorage/2013-8/83.csv,240325,47b872d683b90b4e2c58624f4fa913e036200190f8377f29e959a068e958aa05
GWA-T-12-fastStorage,fastStorage/2013-8/830.csv,1006983,7a55d098729ea8e5972ee2fb9cc0fdd63c7271329bea467ef9fa730af15ebc8f
GWA-T-12-fastStorage,fastStorage/2013-8/831.csv,760364,4f6af3f8ada1f7946330504ceecb636e93480fc97cfbfb2f4eb61e37ac6d1119
GWA-T-12-fastStorage,fastStorage/2013-8/832.csv,956741,663ef96957134def33686ee6ee3343bb33b5dcfcaec2d5816144bf0fe269c487
GWA-T-12-fastStorage,fastStorage/2013-8/833.csv,914882,ae86236bbdd2c9b6ce06b1d61bac0504c3d58daa64cb635729db35019932e8af
GWA-T-12-fastStorage,fastStorage/2013-8/834.csv,908857,cf2c19139f0154a919e88f83204d253c62502ef849b99ad8652c94e76a4235a8
GWA-T-12-fastStorage,fastStorage/2013-8/835.csv,1150920,5f4580fed402dc5a608f209a20863d543e57364dacdce8c56cbf172a30abe5c4
GWA-T-12-fastStorage,fastStorage/2013-8/836.csv,1047205,390028f0937fa181dc82ece96ccfd2bed4e398b257b2bcd7a0dac841e022c4b6
GWA-T-12-fastStorage,fastStorage/2013-8/837.csv,699687,8860c867d4ba4275c9c1deb48bcb41fa444c07b8649a2757c91e3f80650f915e
GWA-T-12-fastStorage,fastStorage/2013-8/838.csv,959581,b617034c38f232d702f147d7144c11a6fc403045f9036152cbd8c2f11b267649
GWA-T-12-fastStorage,fastStorage/2013-8/839.csv,1066952,dd8d684a47fed30e2b9699bd000e40e82ee4ac5891f6982bf86cdea4549e9ba4
GWA-T-12-fastStorage,fastStorage/2013-8/84.csv,1185872,44a2aec574cbc49b0cf00927761154d9cf2384126636cbde7946d8c5bcc4fbfa
GWA-T-12-fastStorage,fastStorage/2013-8/840.csv,831962,df3deddabbe623aa1ca1d2ac9ec1478c356fe77871a6df7012f3c898521714d5
GWA-T-12-fastStorage,fastStorage/2013-8/841.csv,816446,5ffc0ce0b18ee6a410195882ad48fd4e0eab7d3fe88f5c12913933ab24abbf43
GWA-T-12-fastStorage,fastStorage/2013-8/842.csv,1473520,ba3377c192d66ace65b53bf266a72551945ba0b3665a963e88ac74cf32d5194a
GWA-T-12-fastStorage,fastStorage/2013-8/843.csv,842570,1f1a1f74394b008f5d306135e1bf737efccffe414a60e51981986fe49672c03c
GWA-T-12-fastStorage,fastStorage/2013-8/844.csv,1452944,621918b6df8542582ac7d9f94ab3e5efa51a459e9aa3671909ebfc4af1cf7024
GWA-T-12-fastStorage,fastStorage/2013-8/845.csv,1164210,9740433326c6231c1e630b9d72647159c04e306a6d1f32cb4ac605e27729e658
GWA-T-12-fastStorage,fastStorage/2013-8/846.csv,1117226,3e4b11f50409e8a552d38b18ff17d7ac4cce3edce860a85b3c14d0450cd21973
GWA-T-12-fastStorage,fastStorage/2013-8/847.csv,704011,bbf83737ba9ac501aafee4352ddb5c3fcc18c82333413750a824ab7761a660ee
GWA-T-12-fastStorage,fastStorage/2013-8/848.csv,956581,74e73e4b0ec6266ff9a26c41aefa9c7fec9c12e2a08bd6388eaaa4346755285a
GWA-T-12-fastStorage,fastStorage/2013-8/849.csv,867197,c03921130f2e6ea46d33e84cf394595c99ed0d40635057311c664ef95ac1eb18
GWA-T-12-fastStorage,fastStorage/2013-8/85.csv,1146187,79dc9343c52a58cff57837ff354360daf3fd29110d204536fa8174e05faecdd3
GWA-T-12-fastStorage,fastStorage/2013-8/850.csv,1286073,011986a7c6d9964eca9e2e36efe3c6954daca21640fc02e64e0cf8ae45894abb
GWA-T-12-fastStorage,fastStorage/2013-8/851.csv,1036195,7ccf078a65d7cfe639ff7a350b25cbdff255777d092cf269e77d794b9d933d65
GWA-T-12-fastStorage,fastStorage/2013-8/852.csv,1157684,c54d053f3bea3b93f33fcb93a7931d57c97a0fabd682260ee4e36c0d3b7b40df
GWA-T-12-fastStorage,fastStorage/2013-8/853.csv,1113144,3eb570f338ad5dd82f0809f2e001cc1c34d9d9040db5dc06f94e44956760eacf
GWA-T-12-fastStorage,fastStorage/2013-8/854.csv,1078274,137f06e5a9baeb0cd328bdfef22191793f4c6e61fcc89a0243a4c4078b1794fc
GWA-T-12-fastStorage,fastStorage/2013-8/855.csv,1120991,26f406936e6a87aa638d0591cd662ed970958263079d13c4ab4f49d4daa42163
GWA-T-12-fastStorage,fastStorage/2013-8/856.csv,1214425,430e2decbd0842eecbda401f0ae32c9ca9fe5ef7b29d56d1377fce7bb48c609c
GWA-T-12-fastStorage,fastStorage/2013-8/857.csv,1029666,0da2d96e8a8c96135b5c09d8cad0301c544ec639d142714c30543d541c2cbfbb
GWA-T-12-fastStorage,fastStorage/2013-8/858.csv,1220616,351b50ac95ad7258487a8711eeb486318b1c43ebafe9b833b6b4ebc9cb9699ae
GWA-T-12-fastStorage,fastStorage/2013-8/859.csv,940499,ec5c70bf8f2c3e3298462d19e951a711e9fda3015d6abcc10ec2139583950335
GWA-T-12-fastStorage,fastStorage/2013-8/86.csv,1165223,df957c77afd9a6ece2f694cfbc15a17ad3f8b105ecbf2a891c37d9e233fd102d
GWA-T-12-fastStorage,fastStorage/2013-8/860.csv,1087484,907031ccfb31ae6c3a4d458dd9460cd20f24ef9af8815e1440d39659ae024b97
GWA-T-12-fastStorage,fastStorage/2013-8/861.csv,1131944,d746558f839fd3eb919f0b415a0e4f6cd0a30c4d3e1c5be8f9ae85f563efb4a9
GWA-T-12-fastStorage,fastStorage/2013-8/862.csv,920679,07a2644a95461fb10313206e527c41f6e43770b80dcb2b52778734bd991b3962
GWA-T-12-fastStorage,fastStorage/2013-8/863.csv,949349,66fcdc014484956ed257b69d6cafddcafef84bb93f511579a0e8d2107fbc70ac
GWA-T-12-fastStorage,fastStorage/2013-8/864.csv,1183894,f2e6cdb3465f3dfd7632dbe14f4516211ed27ce0dbc59b1120444480fc8201b8
GWA-T-12-fastStorage,fastStorage/2013-8/865.csv,1291310,bb33139e9b179126c926c303d0e6eef5ab417e19eb423514d18e8bc6010d390b
GWA-T-12-fastStorage,fastStorage/2013-8/866.csv,903494,b9c5afe7c7a6fad8600340f0977b1bc7655a912919d880e552b3453a06b9ed8d
GWA-T-12-fastStorage,fastStorage/2013-8/867.csv,1285062,5445ae9b056313353fc11830c7255d6ce05e892084ec6a67a0c6589b9b913771
GWA-T-12-fastStorage,fastStorage/2013-8/868.csv,1281358,d1ccd9906b7ef07d5fd4a803c83176baf592ea634c24045af8ff8a6593fc363f
GWA-T-12-fastStorage,fastStorage/2013-8/869.csv,1278332,d329b8a5d32349a1ab8db81f71fff64b256695a680bdc1f810b0e892e04fb327
GWA-T-12-fastStorage,fastStorage/2013-8/87.csv,537563,2c256bb0948c73f9baf94a258fdfc64dd0221ff38f32315af62a1c94962c9451
GWA-T-12-fastStorage,fastStorage/2013-8/870.csv,1277419,5870fb289b7a0dfd6327f87d2773311ecddaa35975db2a707777c157f37415e3
GWA-T-12-fastStorage,fastStorage/2013-8/871.csv,1322729,1d6f6a0cfe1853eba4260fe3f787e6c1d74cfd2771aa1d66930c8138c63c2e84
GWA-T-12-fastStorage,fastStorage/2013-8/872.csv,1100505,ec215224fe0e23014f0d35d272249a346aa1a0b7958504bf52e9b5f78ef5ba07
GWA-T-12-fastStorage,fastStorage/2013-8/873.csv,1066126,e01f4b8ab2fad208e1effa19e8506427ce2b6f3fab9cfd50c9c419609eab1aab
GWA-T-12-fastStorage,fastStorage/2013-8/874.csv,1267372,9b159aeddd6e8ac75dac43607657f5e350ef9255a1677519d9fd3ef9b1d60330
GWA-T-12-fastStorage,fastStorage/2013-8/875.csv,1274250,5877ee8b464be9bbeeea71a9c913f09a08218477ee34d463ad279ca61be72507
GWA-T-12-fastStorage,fastStorage/2013-8/876.csv,1145882,37b539e290fa0fd292c76d3c5ebf05e4d07eb73d4a14930d1195d8853eea1be5
GWA-T-12-fastStorage,fastStorage/2013-8/877.csv,1178736,76735787304ed388dbcaea61c438b0bb7d226979d8d99eed78f5effe1a30cfb0
GWA-T-12-fastStorage,fastStorage/2013-8/878.csv,1036831,1c4d4f166061334f8486d139035a2b744e84e4cbd0f3d948163b33e29cace202
GWA-T-12-fastStorage,fastStorage/2013-8/879.csv,1288523,3baf13d4720ab159a7b64ccb7c0a4753ae645a4ec531dabcd4c7745fb0cf1589
GWA-T-12-fastStorage,fastStorage/2013-8/88.csv,1090186,e22fe3916401bea2334ee73a0f2b2ac2f69b70293f2aee2a469dcd62b9df1b48
GWA-T-12-fastStorage,fastStorage/2013-8/880.csv,1251846,81741290a98373a6908197635177490e58302680dea09488e187a505bb76f605
GWA-T-12-fastStorage,fastStorage/2013-8/881.csv,1281064,e8d15bff344d52817ca44eda59327df4b851b544fc328fd813a2889622e7cca3
GWA-T-12-fastStorage,fastStorage/2013-8/882.csv,1195098,3f80b98beae419097d5c3c073ff2bc5e6d939814cbbb630e970f9ef36ce12fa2
GWA-T-12-fastStorage,fastStorage/2013-8/883.csv,1006649,6d016051db98347ad44106d7060007da8ff2db7f20fb63cb59da22387c18b300
GWA-T-12-fastStorage,fastStorage/2013-8/884.csv,1303699,99b307d6c3dd18fffa27bdbb435ee9cf79641a06a272ea45902bebdb20216015
GWA-T-12-fastStorage,fastStorage/2013-8/885.csv,1239064,5198524d98b2aa7cf258057c1ea97d1ee7b72239f5963654e4fd866c1e43f074
GWA-T-12-fastStorage,fastStorage/2013-8/886.csv,1108497,e3f60d8b9d35d11a2c628219fdc96f320d21f4af8e324792dcacc53da8146ac0
GWA-T-12-fastStorage,fastStorage/2013-8/887.csv,738118,0e1f886a4a6330359fffdd0bd6581558822258c18be650b7e78a1b06784cd1e3
GWA-T-12-fastStorage,fastStorage/2013-8/888.csv,1009195,54612e17463d4acefea289d8c5378a51ce7851afe1ded7be591389a26d89dd52
GWA-T-12-fastStorage,fastStorage/2013-8/889.csv,944488,a21fab62d4279f2f6a3170a682802603b769dfaa4c6981a344ddd0ae67f460be
GWA-T-12-fastStorage,fastStorage/2013-8/89.csv,1103870,6321c8657ec15d8073f8f56692c579a0fa88d0c93d2397fdb202526465c6d198
GWA-T-12-fastStorage,fastStorage/2013-8/890.csv,1324474,67500906ca17a11f107c4a0a3654acda6f82c48e973aa1eadf4c8694a0346317
GWA-T-12-fastStorage,fastStorage/2013-8/891.csv,1180176,34613afda95f647415d5de7384fb470ad679f1525859f5ef368578291d491efc
GWA-T-12-fastStorage,fastStorage/2013-8/892.csv,1328682,1fb666b6342df5e25414dfb92b621b9c007754566694366535fabac0cc436cf3
GWA-T-12-fastStorage,fastStorage/2013-8/893.csv,1130507,d59bb18072cec573ec7487e07dcc04de589b9f5209533887c97dc4c3254f3f97
GWA-T-12-fastStorage,fastStorage/2013-8/894.csv,1285120,dbb3bc82a8f6f6f120739bfcafe41787cbd406ff9ef8c42b451d7df95ea7ecd8
GWA-T-12-fastStorage,fastStorage/2013-8/895.csv,1281051,fb0d583883b389014f8ffa145d4323be1b3154c6e9626c6e4bb1578cf53753f9
GWA-T-12-fastStorage,fastStorage/2013-8/896.csv,1296296,e8fa4560998fd8e1c4d67ecf87d7aa1b7d389fad70780def6001646e4db7eabc
GWA-T-12-fastStorage,fastStorage/2013-8/897.csv,955537,9b779377e30a13eac82d912d87a87f280252a9df5e19a64546f01b5ec96ed90e
GWA-T-12-fastStorage,fastStorage/2013-8/898.csv,895205,454abb1c71e1652f44c8c83caedb1e2812f1a4bfa7daf6868f48e51c5738cca6
GWA-T-12-fastStorage,fastStorage/2013-8/899.csv,1082027,1a9d7875fe982ff752153cc1ca596933acacc39453fba966c7f908b9f2336a2e
GWA-T-12-fastStorage,fastStorage/2013-8/9.csv,973807,48c63b49fe58a3c18d285edcf818a771e4aa920ffe4fa6d381554f948e397761
GWA-T-12-fastStorage,fastStorage/2013-8/90.csv,1022795,6374bec89a8f37c4bd3d183d7f941f85fe797ca547f87a6ceed752664ede4b9b
GWA-T-12-fastStorage,fastStorage/2013-8/900.csv,974547,daa39f1e832d1eaecf2de236565d1876e27b028cd736f4e43791147f2c6380d1
GWA-T-12-fastStorage,fastStorage/2013-8/901.csv,1023800,ba8b545d053e3a3109c844fa57bd864cb9d73a3934d6438b80a54289e6186c3d
GWA-T-12-fastStorage,fastStorage/2013-8/902.csv,923316,c59b2cc1ca215369410641d05c500353412c4baa01301bcfdeabba07d4990cd4
GWA-T-12-fastStorage,fastStorage/2013-8/903.csv,1099392,712371d773f5e07512390a4d567a2e8b5ff106f02b5ff796357a4725b67ecd60
GWA-T-12-fastStorage,fastStorage/2013-8/904.csv,941126,db8b14ec5357c2c405b373942c5bbc9816ac160bc9c12435c6a6eba9abb1ef70
GWA-T-12-fastStorage,fastStorage/2013-8/905.csv,746597,6b589aaca7aa8da68573bad9d84de8eb5dc4d4d01c2328b125b80c1c7f414b69
GWA-T-12-fastStorage,fastStorage/2013-8/906.csv,1017511,968c393b611470da9825cdc398f94bd64352d8778a71a0a70a40dd6b79a1f6e5
GWA-T-12-fastStorage,fastStorage/2013-8/907.csv,955288,f201f55f4a750300b49e8a263310f897c86b5088e9fd397a20234e86ff5e4ece
GWA-T-12-fastStorage,fastStorage/2013-8/908.csv,961498,23f835eaf2ccd9a3b97af53e0a92c20a289c81a17dcff9097b0bb0b9dc9cd634
GWA-T-12-fastStorage,fastStorage/2013-8/909.csv,1113650,ee22d8d8a08edf78e3ea499084c3955e99a779a4ff75ef581c6a3f899b144f99
GWA-T-12-fastStorage,fastStorage/2013-8/91.csv,1178917,471f6c8a4c21e3f7c05b339af59f879a6cc440a6e1416b0a92b306116fd60e18
GWA-T-12-fastStorage,fastStorage/2013-8/910.csv,831957,e95f192173292b51c4b08b681c8c85e7432af87259b76da8d0c421ebaece3a43
GWA-T-12-fastStorage,fastStorage/2013-8/911.csv,878524,abfe24044c5855267872432aff62edb18e6dff187dc603da526832ee8fbc2322
GWA-T-12-fastStorage,fastStorage/2013-8/912.csv,751320,0932f6fe6e924d9ec3221b1178219102978004033e40fc12c6ae853e0ca28827
GWA-T-12-fastStorage,fastStorage/2013-8/913.csv,788760,cff225eedbc7e2db6969439c99d0727f88a1542907b60482ca17dd74b1528819
GWA-T-12-fastStorage,fastStorage/2013-8/914.csv,846490,8048043792d668a67120f7c1a43a058482a462e3927c2fe9461becdf67a1f403
GWA-T-12-fastStorage,fastStorage/2013-8/915.csv,859968,4637ced9075ef625acfc4c99b211563b68ac05d71cc4e1f56214b76a7ff7c96e
GWA-T-12-fastStorage,fastStorage/2013-8/916.csv,868058,ba808a490b519c9d282ae87d1122d8015585b48de47d634eabd386f74bb03d2a
GWA-T-12-fastStorage,fastStorage/2013-8/917.csv,1092358,93eacf704650f40ac787323a5ff9f7c7b808c3a60e8223ea6f92770ea134dedd
GWA-T-12-fastStorage,fastStorage/2013-8/918.csv,873928,545363320a4fbd004c53406a5634b8a855c583c7361818d6dc8c8ce19eb9f5ed
GWA-T-12-fastStorage,fastStorage/2013-8/919.csv,896232,24137faa9f2522717196ccd07ff01b92d0ec99e3b69d9ed776b69129c16b9d51
GWA-T-12-fastStorage,fastStorage/2013-8/92.csv,1025796,2a8a045b230a10acf892b75888e6109e61b0b1e9e9f4411b67d69e30b046a7ab
GWA-T-12-fastStorage,fastStorage/2013-8/920.csv,856549,e723b765a1742d75f34a3a39498fb59ff6cbb9856fe0b1c4942f69ac65f0f0f1
GWA-T-12-fastStorage,fastStorage/2013-8/921.csv,915350,5d7e58ff1b183ec926199c53a8544da96d1b49ef339293986026414dfb1bb99a
GWA-T-12-fastStorage,fastStorage/2013-8/922.csv,870878,cb54a4738be1f33a9e750dc43f1ff9a45663bea12b8d81caee5b098d6db04040
GWA-T-12-fastStorage,fastStorage/2013-8/923.csv,1012474,27d1ed9cd7edec6b76904373914920604150b06d7e6b817ce83a5856d3e9143d
GWA-T-12-fastStorage,fastStorage/2013-8/924.csv,770116,7342d160b58110e1f2d5a11d5e755a4585d1ad1d0e9931043b619e73974fd9ed
GWA-T-12-fastStorage,fastStorage/2013-8/925.csv,904557,d78f6c7e1d97fb60cb65a3eb2002fe870f952df830994eb9ada4b883b3da4f2c
GWA-T-12-fastStorage,fastStorage/2013-8/926.csv,907395,1621331af9e62362ee5e685a2ea98da401ed0a22d192d38e4a129bf823f12d65
GWA-T-12-fastStorage,fastStorage/2013-8/927.csv,776087,4033c14a2adb1bcba4d63adf150a2958c07a8baa35bbeb8e07b30ce93ce83ac6
GWA-T-12-fastStorage,fastStorage/2013-8/928.csv,749172,af58f86def12ef6b3ba28df84f43e8db84caeb726d3429ee23b6c779a4350928
GWA-T-12-fastStorage,fastStorage/2013-8/929.csv,759987,f61f88d4068d7711071908a44115185bbe40bcb3df8ee90914bf56099004c941
GWA-T-12-fastStorage,fastStorage/2013-8/93.csv,1061393,449ef09a86f65d32ebd92726f52f9e6e05644d4edb84df8e30aeb6d4542e6828
GWA-T-12-fastStorage,fastStorage/2013-8/930.csv,909308,3ef6b8478dd7c5da04790494d1434f1172bb94789485bf30a4095489379dee78
GWA-T-12-fastStorage,fastStorage/2013-8/931.csv,912279,d0518925d60432fde5b57155524106659cd2836f8b40997e88331f22eefb968f
GWA-T-12-fastStorage,fastStorage/2013-8/932.csv,899907,bfd9085c6f008881e0ecc596ab3a17551a56f5ba370819e33406fb92d8198912
GWA-T-12-fastStorage,fastStorage/2013-8/933.csv,895473,e258518a92303aeac26cc721107709c242433a5af4acbfd9030fa9de798fbfa6
GWA-T-12-fastStorage,fastStorage/2013-8/934.csv,929173,d55e924a122e6cc47e1a117f5bad288af8db9358fd7ce88d7a09c9382ccc9277
GWA-T-12-fastStorage,fastStorage/2013-8/935.csv,856489,1a1e99afb732fe459ef43c75cfb6432505a8d2276e1b3490efe53eae76a146b0
GWA-T-12-fastStorage,fastStorage/2013-8/936.csv,160676,03e2996a37c1153e2a10ab5daec8f89d6df43c53dbabe95a941d7aaf5a55d446
GWA-T-12-fastStorage,fastStorage/2013-8/937.csv,159278,ee6602d0409aa275eb66a38a3055ccf0be90f88993f633ebb4b7d95b21c02efd
GWA-T-12-fastStorage,fastStorage/2013-8/938.csv,346521,b3ab230d18089b3f75e23ce38296a9a23c941e299c60d35241e5d38d1240d6da
GWA-T-12-fastStorage,fastStorage/2013-8/939.csv,1212277,e9113e97ef8957e31d68e56782ecfd0199d746f8a0f7d25b85f4e388a6a5fd82
GWA-T-12-fastStorage,fastStorage/2013-8/94.csv,1376615,9b0ac94aa12773554b2baa5e8ef451ca1ae85323aa99a37e9d7f8b92f6f14fdc
GWA-T-12-fastStorage,fastStorage/2013-8/940.csv,1268581,46df39ce1b8ecf9b906bff8ce87eab5953dc10e31364e423cac97699a6ca53e8
GWA-T-12-fastStorage,fastStorage/2013-8/941.csv,1182696,c0743d8fafaaacd3b79ed5ed2bda61993592b3185f57c7d594b18b0379df7c09
GWA-T-12-fastStorage,fastStorage/2013-8/942.csv,1286843,55e67d5f0e680cfa1bc3b405cfff8e84c1d955e047953e5c9814d7b96e6c4ef2
GWA-T-12-fastStorage,fastStorage/2013-8/943.csv,1374533,002bc554fbb666141093bccf47043e5a7bdb44536812e6e919af3138272ceb47
GWA-T-12-fastStorage,fastStorage/2013-8/944.csv,1223684,9a6e74c073b81caa9066bd2b118f846eb017a3ffd078620d84a708f685b04745
GWA-T-12-fastStorage,fastStorage/2013-8/945.csv,841331,c1e66b2e123e9d1d1c72ed18ca1f092576cb22fb92ac34589b0099b2cc0484df
GWA-T-12-fastStorage,fastStorage/2013-8/946.csv,921043,f5cab8635438d80c7e93b0567d3d15ac34b1f5e522e78f1ef9de406b80b59e56
GWA-T-12-fastStorage,fastStorage/2013-8/947.csv,890030,52e651058dba423ed27316411888d19868b9de4d392aae629b10c57bde53ac29
GWA-T-12-fastStorage,fastStorage/2013-8/948.csv,27644,04e680e21ca5e5e246987ae79224cc44573f4008592470bef4bc720d7230522c
GWA-T-12-fastStorage,fastStorage/2013-8/949.csv,1136323,8bb7a86ba0bd770b7387a523c9b2c574404330903aee97acc32d1bc3f9eeea1e
GWA-T-12-fastStorage,fastStorage/2013-8/95.csv,997707,b0794843ad1fa662741e0266d4070c70b2cff9b200875870d9516cbc96228dcc
GWA-T-12-fastStorage,fastStorage/2013-8/950.csv,632090,25be3b696fc8efccf8a6752d57359330f988c5dc55f9ef355ecd0eeed95a31c8
GWA-T-12-fastStorage,fastStorage/2013-8/951.csv,905078,8a486951327791ec255bf4be3f8b4648d11e57af383dbaa1a8643a33b56463a6
GWA-T-12-fastStorage,fastStorage/2013-8/952.csv,1006520,c7e75ba2065275a62eb0828942ed59f8e935a331c70777b4c1e797a9615f5605
GWA-T-12-fastStorage,fastStorage/2013-8/953.csv,955518,04a7685e0a4d3b309a1c14b491eb80823f78e87f1015f1440c4f05f4bced62f3
GWA-T-12-fastStorage,fastStorage/2013-8/954.csv,958034,bc45a3e544404050470fad049713ce78016f8ee4f0a4fd57d40d2b3297b83695
GWA-T-12-fastStorage,fastStorage/2013-8/955.csv,996404,fd85fb960aecfe43e4275b0842206a3b3a586f4426da653f065cd38ca5c6e369
GWA-T-12-fastStorage,fastStorage/2013-8/956.csv,827422,2f7df80bd7beea34a558934fd60d56a682d21d0ad2abcf571eece09ff19b44ce
GWA-T-12-fastStorage,fastStorage/2013-8/957.csv,980550,b4128795e27220f0810f79cb0ed6a1d4c6873ae303bcc24d0f84bd3cee5173be
GWA-T-12-fastStorage,fastStorage/2013-8/958.csv,1196497,b02359decb9b162c915c8ec06eaeaae1a3e806778cee532045205d002c85c7ad
GWA-T-12-fastStorage,fastStorage/2013-8/959.csv,969878,6338f2c08f47bc75eff2ca7649418a656f30502009cc5bd5f44a8cb028fa0a8b
GWA-T-12-fastStorage,fastStorage/2013-8/96.csv,436650,3b01c1e730561a2f0708d55260f3197f3e4fc71c095d49ed7226082aa129eefc
GWA-T-12-fastStorage,fastStorage/2013-8/960.csv,909083,620120266ef4d25885a8c7d888fce239de069e6168d2ae10d79c23c85a5a7755
GWA-T-12-fastStorage,fastStorage/2013-8/961.csv,920012,b8985ab6ff25088b88cf208e6c0a0ec8755d7d42f73e7785c65e3631a449d9fb
GWA-T-12-fastStorage,fastStorage/2013-8/962.csv,931041,9864c633e1042be4abff6db57b68d46314dffa073d2670ff897ac6d7e4056c48
GWA-T-12-fastStorage,fastStorage/2013-8/963.csv,910269,5971383056d09835e8fa56be4502d6a5edb840faf27e1b2d95ea446428a48f5b
GWA-T-12-fastStorage,fastStorage/2013-8/964.csv,895093,18a91c7e3f45a2859c7672647ee6b454f070db2358b20d76100ab268f6a0732a
GWA-T-12-fastStorage,fastStorage/2013-8/965.csv,984477,114335f14900f14d5aa3c5ce28271baa69d9e9f634b25ca44a28b29931fa4ac4
GWA-T-12-fastStorage,fastStorage/2013-8/966.csv,1052392,9826cbafa91f58ee626366fa7e6b0584f522fe95c9688effe37c60487baae65a
GWA-T-12-fastStorage,fastStorage/2013-8/967.csv,898992,2a0d7e9a2ee9c5dbb633609426d26d7a7b97f32c8cb8e384432e13c0c2462666
GWA-T-12-fastStorage,fastStorage/2013-8/968.csv,388252,882b22a59b36521d415b7faa56f8fb8df35eb7ecc91449021c64789479f5a71a
GWA-T-12-fastStorage,fastStorage/2013-8/969.csv,1082105,94e0e53e09396f1266a65bffc64f53814d52dcd20e0a35e30d77ebee395eb455
GWA-T-12-fastStorage,fastStorage/2013-8/97.csv,1449575,f8312f70c34706bd722eb09939a58cd9399b05f0fab43bc41397fb7759bd9ed3
GWA-T-12-fastStorage,fastStorage/2013-8/970.csv,1224521,e3b859fb61fb3ad3ab6a6bf15b31cb1cecb5b16286a994c86ace5868096b3804
GWA-T-12-fastStorage,fastStorage/2013-8/971.csv,1300414,ca8d8e1788c828cc13eead7ffd67eab42a3f1f38da782429294c494e89040bb7
GWA-T-12-fastStorage,fastStorage/2013-8/972.csv,1253862,ef12f3fc54b25f10d59eddd564df143e68ec31682bb7141e1bb5455cb13825e5
GWA-T-12-fastStorage,fastStorage/2013-8/973.csv,1241142,640f67f5ffad8a1e2e7e2fe8466962861f3763ff62496bfc07f162ba65fa5db6
GWA-T-12-fastStorage,fastStorage/2013-8/974.csv,1093844,1de380352e7f39d2cdd8631ad6b425cfa18b2153349bb8069eded92f36c1164b
GWA-T-12-fastStorage,fastStorage/2013-8/975.csv,965613,1e685d92087f2e6889261c673a8338cadf7edeaedc116d96c22af5be800ea0ea
GWA-T-12-fastStorage,fastStorage/2013-8/976.csv,1233071,b09b15f9972f5f8a0f217c631110149a95f381f727181b6085d539cc05f20055
GWA-T-12-fastStorage,fastStorage/2013-8/977.csv,1265724,1c2edfb5768702dcedea6432e1b2d6ca0252760efa32f829d69dea44cb7e0037
GWA-T-12-fastStorage,fastStorage/2013-8/978.csv,1275892,fd3362f8c7aad14dbbdd66ffff44714aa48d828855c1b431b1c74fb132d6bb30
GWA-T-12-fastStorage,fastStorage/2013-8/979.csv,1234634,7cd81c635398d2afe7a41a954ea6fcb4873ffa514d76fd54219c477925df530b
GWA-T-12-fastStorage,fastStorage/2013-8/98.csv,1117264,4108974117f58693021e76720bd05b8e14792bc21754cd7b49ffcd7fe08d084f
GWA-T-12-fastStorage,fastStorage/2013-8/980.csv,1271028,b3c1a076c9e0f277aaa55998d59d9cd5c0991660868dcb975beb19eb0d2f2b17
GWA-T-12-fastStorage,fastStorage/2013-8/981.csv,1223545,8b62fc56eef1c311a2d2adb0e17ac840178a7b45a969d446d4d11c25db6e968a
GWA-T-12-fastStorage,fastStorage/2013-8/982.csv,1192857,a14b78af3c8fccb275b6b5f00d5edf9eb8eb7746d74290535188ce84b5974d89
GWA-T-12-fastStorage,fastStorage/2013-8/983.csv,1214689,0888f1931aaf7609ca519910597abc8e70609672f72eacb1350da71009050f7f
GWA-T-12-fastStorage,fastStorage/2013-8/984.csv,1237246,659c8fae3630a22f43dec30a33f7a314b94e25465ea89b2d73ce9fc914a28e2c
GWA-T-12-fastStorage,fastStorage/2013-8/985.csv,993149,eea9ab66448e9dd17da523f5fed8f086ab6b92bfba4cf91e257ba8e2a5653997
GWA-T-12-fastStorage,fastStorage/2013-8/986.csv,991027,6f919686bd6858eb25485decf9a2166974dddff35dfe3ea75b9d0fe6763a1078
GWA-T-12-fastStorage,fastStorage/2013-8/987.csv,1160040,1faad0ec6982b234c3ceb446e82e68325a312000d990e1f2e666b79f90413129
GWA-T-12-fastStorage,fastStorage/2013-8/988.csv,963168,ed0e8e013f876f1b56885b278344d74acae42f8455354dd25003a5a4129c1d50
GWA-T-12-fastStorage,fastStorage/2013-8/989.csv,1014374,f587b045dd385e208b7630a11f42ba9b0247fcd79afeb9fe78eeee0cbf90bc7e
GWA-T-12-fastStorage,fastStorage/2013-8/99.csv,1010846,89ab899a39596ca5b95f6e1bd668f0ef1c675014cf5baca817b341d6bd77c6eb
GWA-T-12-fastStorage,fastStorage/2013-8/990.csv,1268390,a02361dadaef3d3000b0b63d1d7f147cdeda987e4e9d6b54f3cde08d2a84e93c
GWA-T-12-fastStorage,fastStorage/2013-8/991.csv,1211388,3500c40b17c622a47f6ac8c233ac8dec271179825fa66fccbe0a2f5b8afb8577
GWA-T-12-fastStorage,fastStorage/2013-8/992.csv,1080359,ed20e78b0f52e5e50f5648578bc48ff8dd3d40f53d326816447b0c2e00392497
GWA-T-12-fastStorage,fastStorage/2013-8/993.csv,1123075,b911979e177ed9a74899c00d721faedd8d3e7043cf64996e819ac3f18ae65863
GWA-T-12-fastStorage,fastStorage/2013-8/994.csv,1096781,0416aa8415e8bcc01712e0aa1a8b9954c9c1396d1929d1b3fbadc2abcba20e55
GWA-T-12-fastStorage,fastStorage/2013-8/995.csv,1033739,5081f8d49e1d9b6ed230f810a362902a1d6b0a3ed17ef1da4eb37c84a0fe04d9
GWA-T-12-fastStorage,fastStorage/2013-8/996.csv,1215052,f5a68246d3b81711707522ea9bedebadd698f7fe0952a6471b08a801fe5588e3
GWA-T-12-fastStorage,fastStorage/2013-8/997.csv,1330886,a3e77108d33670f0df73cea30612c8a949e79ec5835e208f6b533868171594e1
GWA-T-12-fastStorage,fastStorage/2013-8/998.csv,820532,3e7af567988aa44fe4b387a8eb1cd45b85d7be1b84c7f7805c9de7d725eeae01
GWA-T-12-fastStorage,fastStorage/2013-8/999.csv,739816,7b87e2179a16439282f61a68267269705eb17b9e46ad25742e51bdcc1e2ed36b
GWA-T-12-Rnd,rnd/2013-7/1.csv,1064082,7f16c4aecc3ed3707bcb00aa321339c5dc148fd0286dca67f6a2a905fee2d331
GWA-T-12-Rnd,rnd/2013-7/10.csv,1178214,a4d103b3e5c3b32202d13fb4fe14ea736f474169603bdc06f13614af2af0eaed
GWA-T-12-Rnd,rnd/2013-7/100.csv,1000309,6369f4386d0511d6f4fe867a58a3d820fd6c57d801a2a5b3913bf815f6b25c13
GWA-T-12-Rnd,rnd/2013-7/101.csv,1002337,9e7dd10a32bd621511216bc4cf0646a42af1715d3761be5fc7e1167da1aa8444
GWA-T-12-Rnd,rnd/2013-7/102.csv,1089287,2777c3d3c5610d2d3c183e9eacb0af41d38c544d76ebe38e42e28c9ff8586ae0
GWA-T-12-Rnd,rnd/2013-7/103.csv,1065006,e8c80ece0ecd6c096caba00accbdf17832829a939eabe185a4210958e3b1627f
GWA-T-12-Rnd,rnd/2013-7/104.csv,1081248,74c2d23dcb4351a7333db69cda7939a057bae6e0d9843b819da791fb328a36b4
GWA-T-12-Rnd,rnd/2013-7/105.csv,1062032,f0fc624b5ea9a5bb904edaf3257ab062e552dbb62ce219c0014d935f945d3868
GWA-T-12-Rnd,rnd/2013-7/106.csv,1066884,e84a831582e2af0a6648e5af10e3bfd1314935312ebe9768da4ad979c2b086e2
GWA-T-12-Rnd,rnd/2013-7/107.csv,1070877,adbe53a336295f671558a9b0da32d600923f606e536c965566b30eb750ac9173
GWA-T-12-Rnd,rnd/2013-7/108.csv,1079860,e134c40cb3e16a78277df645a917514dc2f16460b3631d2987dfd4f2aecafa80
GWA-T-12-Rnd,rnd/2013-7/109.csv,1071072,5713271b0e26bdd61219287783748189823a9c92a2691133412006eb2cd5be95
GWA-T-12-Rnd,rnd/2013-7/11.csv,1176987,a760e1b792477d84ef4af7fd74e85e709094962d78fdb0bf9b5b4a5e1476d16c
GWA-T-12-Rnd,rnd/2013-7/110.csv,1089833,6c8dc41ed6748e4b7c27c82609da4673063556e6c1cf22bcc019fd0a43d75731
GWA-T-12-Rnd,rnd/2013-7/111.csv,1089982,561fafca89fe0064f8db9be0c0d3a2d620fcdaee5b05786db401ae586d5b88a5
GWA-T-12-Rnd,rnd/2013-7/112.csv,1085321,2610f89379fc1b83222da256fc21082e1d6960aeaf5cabf3a38a6e328b5df235
GWA-T-12-Rnd,rnd/2013-7/113.csv,1075301,9086087fb03e4e9f606f277040d1c0e48573e9b92b74abbdfe6b99c965521335
GWA-T-12-Rnd,rnd/2013-7/114.csv,1016711,ed2bba3d14bdc40e389f95e18b931776c33008bbdebebea95fe13f2e60243b2b
GWA-T-12-Rnd,rnd/2013-7/115.csv,1030483,34ba0cfb7ea53b63a4ae2ec973a1bcbf6ee175cc6bf3058ec17301bd5d1e745a
GWA-T-12-Rnd,rnd/2013-7/116.csv,1017122,48ebbaf848e201867943eb8db06e32d0cc7f54dff98eb575cb58b896543d3bc0
GWA-T-12-Rnd,rnd/2013-7/117.csv,1036120,27f1ba70edad04dcb9ae00ad163c2a11a970c947e95c8327e6940b97afcd8085
GWA-T-12-Rnd,rnd/2013-7/118.csv,1033580,7705cbba6779b7de9b83f6bfaed3fab6817205de92c31af3d85be9e4f0c08439
GWA-T-12-Rnd,rnd/2013-7/119.csv,1042852,3f9fa21498f27db71e9a084b5ccd994ff0964511f56dc121fce37b5f044ab8db
GWA-T-12-Rnd,rnd/2013-7/12.csv,1156929,d43f66e724c9d4ac3b8e0bcb7574131b0a66a4eb15550b1ce5a864bf797efbb2
GWA-T-12-Rnd,rnd/2013-7/120.csv,1030268,ce0695330b5c797619a8793a225d82047c70c6ac1dd514bf6b62b09841e7e864
GWA-T-12-Rnd,rnd/2013-7/121.csv,1032506,8f38be7af5a97878909bca52d40aed40db412e5a84bee98162546068fd990926
GWA-T-12-Rnd,rnd/2013-7/122.csv,1196118,4a1eb2a2dc0eb449ed22fd34337aa62e50b4826fac26ba7451f9fb2e9a16f2d2
GWA-T-12-Rnd,rnd/2013-7/123.csv,1266767,2de57fca08465ff99878ae2073c7381ea8baec1d07eb3f4ae4d621642476bb49
GWA-T-12-Rnd,rnd/2013-7/124.csv,1261090,4a4259d84f0f38d8695844eeaad3d579d2ba66c4621a42b4ee4d6cf3fff8618b
GWA-T-12-Rnd,rnd/2013-7/125.csv,1274440,aa555f047f1f6d41de34638c6fd8ae6ef51eed122f668b2601a800de7df1e4b0
GWA-T-12-Rnd,rnd/2013-7/126.csv,1455942,dccc368ed7b52b82df2a7a7f6e36c6557e6d7b222c9302c4db1905493931989d
GWA-T-12-Rnd,rnd/2013-7/127.csv,1347112,ea71f0c2c6f8ea14fa47c1bc02543e25782bac80bcc3cd45b62cab7f0046946b
GWA-T-12-Rnd,rnd/2013-7/128.csv,1035046,b04bd8b2fcff2ae2946850d357167dc207d27aede579f222ce04f3ba0f2e0868
GWA-T-12-Rnd,rnd/2013-7/129.csv,1043630,995c76ad3dc61d5aefbc23a26c453714e8e47f4ef8bb12bcb40149ea522d265f
GWA-T-12-Rnd,rnd/2013-7/13.csv,1088343,d60526691d1ccab60082295a56f5af3f23aa6a29d0e384e5a66ae20b042d2f81
GWA-T-12-Rnd,rnd/2013-7/130.csv,1013063,da1cb05441b64a89f45b2ad3b9f12d24ae89e20c01761f751511911526e8dc8b
GWA-T-12-Rnd,rnd/2013-7/131.csv,503480,d5c8d3838dba6aecb9e1c52f380512bc0bec624d873f5d8142bea119a837e760
GWA-T-12-Rnd,rnd/2013-7/132.csv,501879,37c0fe2cfcfaa990a1d1823d3d5b5ba42c3a89c30a405cbb996fbe3b8085c393
GWA-T-12-Rnd,rnd/2013-7/133.csv,507694,20756635d0b20217358a1aff79343a16d365eaeccb7bad3313d9ea2588f55b64
GWA-T-12-Rnd,rnd/2013-7/134.csv,504413,5c706a03bf8bd66a01ed20c788ffa97a9b1f52d838fc15341346c649cce1b6c0
GWA-T-12-Rnd,rnd/2013-7/135.csv,498231,8c5d3cf30b99830eaecd72b5fe97480bbee6a3a6e1088f24173b0807125a1c8e
GWA-T-12-Rnd,rnd/2013-7/136.csv,502548,028e7dc29b2521d90a2e65dd66dc1bc936de2a610d46942f5d73396582427bae
GWA-T-12-Rnd,rnd/2013-7/137.csv,488643,633f048ef902cd5ae8cda625abf28f6a3dea535832a7760712a3a500fbbb6385
GWA-T-12-Rnd,rnd/2013-7/138.csv,478517,56a1e5b87192292c1d099e244850e8dadce2770e7d07edaa0c5bbd99f77cc3c3
GWA-T-12-Rnd,rnd/2013-7/139.csv,468852,3d772ddcc6e508399221571aa804a26b270596009ff532e2863857c370af6fc7
GWA-T-12-Rnd,rnd/2013-7/14.csv,57673,09f8b67449cc167d48bf19a26293f0181dfc78d488c95fe1188c5f68d82c4e1b
GWA-T-12-Rnd,rnd/2013-7/140.csv,471355,170ad90f6f8a11a0885d25855bb2b8f72713dce9e4b0d1f69ff51718fd3b7bcb
GWA-T-12-Rnd,rnd/2013-7/141.csv,491059,cdeeac06c0c93057b5b46883fe17aefe94dc048f7e016be294616b2ed6a6f982
GWA-T-12-Rnd,rnd/2013-7/142.csv,477239,9d11959ffa480ebef5221949db6d8f642713f6c204223066249872c29529e50a
GWA-T-12-Rnd,rnd/2013-7/143.csv,472790,b47a7da50b01a4653d82217f90c0fd26dd27b9be2c70f3d785ecdb8680b39e55
GWA-T-12-Rnd,rnd/2013-7/144.csv,481877,5e4e30bde237d6ec91589d49efdd9da1af4675560e06914add66b13da934ef3b
GWA-T-12-Rnd,rnd/2013-7/145.csv,482659,ee4a2dd335d86380a0cec46d2ab34657235a515d1d64c5de4ace6ca26bd124ef
GWA-T-12-Rnd,rnd/2013-7/146.csv,473350,39921a751806d3a518966599829121f5f4bc0bce6fb47d58ece826fbccf5454c
GWA-T-12-Rnd,rnd/2013-7/147.csv,476141,82057fd9cd82165e8064a0d9a5ac273dc36c0f9f64aa42a8d65a49adb15cf339
GWA-T-12-Rnd,rnd/2013-7/148.csv,467062,0c89a56f8eb3b107a720574be3894f7f7049cd2cac32c4b6741e5dff5a0ff87d
GWA-T-12-Rnd,rnd/2013-7/149.csv,470816,fa69c16af775ebc108e09d35ca538e13317172d0445f83ea93342c88a469681f
GWA-T-12-Rnd,rnd/2013-7/15.csv,1092314,d93b0fa3bc8550a625ab1915c22f2837897fc6ed3f00cd44e56c14cc8fa548cf
GWA-T-12-Rnd,rnd/2013-7/150.csv,471223,35f227c32b5736960411f13e781a5d8c79e0f3be80658bcb8633444306c3796d
GWA-T-12-Rnd,rnd/2013-7/151.csv,478376,be85daf499fe87ca7e8de1a8bac69c7e563b8028c3f77c0aae5aefa612201a71
GWA-T-12-Rnd,rnd/2013-7/152.csv,470459,3d1eba4c2cae293759c04c082d1387f99adef2dea30fbac64f693b27a2d6437c
GWA-T-12-Rnd,rnd/2013-7/153.csv,461467,e4022568916879607db1efe83764960037c13a28992fd7c2f14af1ca06399515
GWA-T-12-Rnd,rnd/2013-7/154.csv,479014,5a9182db48465bdbf1185bad9cfb21495b8b47a14bd843aff74114b8b0b7042f
GWA-T-12-Rnd,rnd/2013-7/155.csv,478311,5cb429183152e8c3a42a07e37c39473727882cd3e4a4c8372b6e6f258dd46b54
GWA-T-12-Rnd,rnd/2013-7/156.csv,471845,4fdec36895c17d67ef4e347bae42f185ddeebc5ab768199d934f1edc678ad15e
GWA-T-12-Rnd,rnd/2013-7/157.csv,474023,339f1eb3b24af0c4b0a22921e71763e05752da2ec6feb59afbe98c667b07605f
GWA-T-12-Rnd,rnd/2013-7/158.csv,469997,ee3e4272f42388fa29321af55486908347596d768210e6737ddfeaf9d6dbd397
GWA-T-12-Rnd,rnd/2013-7/159.csv,481873,934bd78b3143cf708584630303f966b5b73e1b3e5422da548fce49c7ed5dc2f2
GWA-T-12-Rnd,rnd/2013-7/16.csv,1062946,44dc1295f28604f865e77b6b97d8a296d1d986b20f3758d40443bc687fce9681
GWA-T-12-Rnd,rnd/2013-7/160.csv,1026707,ad83a7b92cba700733a8179fe8c7d252c62077ac1bf518f40baa98426cdd5df7
GWA-T-12-Rnd,rnd/2013-7/161.csv,697938,077ca5d7e8937ffb575dd0b8af1756cf7ce72a41237bb6cdc0f70578ca403b86
GWA-T-12-Rnd,rnd/2013-7/162.csv,721592,84130e9914386c18c2b39beff442c88941806889653d75482cabf51a3d074f62
GWA-T-12-Rnd,rnd/2013-7/163.csv,1143427,dad7b664494eacd29875617379e4b60c20428a1e4610280c67f2d4ec5a20210e
GWA-T-12-Rnd,rnd/2013-7/164.csv,865568,8a71adc54184c294d75d30120a0600bb89bb578691e74555f0b979f96a1083c4
GWA-T-12-Rnd,rnd/2013-7/165.csv,12675,5dc2083cc06b67713ef05890142486bd284367ac1c6b353e169f65025b5de18e
GWA-T-12-Rnd,rnd/2013-7/166.csv,12191,79c8c1d3012c0ace6826860ae746b9302fd2cc246bbbbc0b393d832a5d7ea9ad
GWA-T-12-Rnd,rnd/2013-7/167.csv,1039085,291d56ca34c71bfe1136afb61fefba1206c68aea8557bf3f362bbf648d3b4d48
GWA-T-12-Rnd,rnd/2013-7/168.csv,1102265,aa9e2e57084333f9e248b4b2e5ef0b3f3f1d9101708510410e5c18f1c5db4055
GWA-T-12-Rnd,rnd/2013-7/169.csv,763332,3f6e83e38098f30992c7e4dbab43ec4adb97f331b530c8f296d768fb423cdffb
GWA-T-12-Rnd,rnd/2013-7/17.csv,1095483,50842ddafb100bcf146c1348a6a76f5a5f968b89d18a668992fd560770e1f8a2
GWA-T-12-Rnd,rnd/2013-7/170.csv,1048897,6db94eb135716663b58432a7044c87b4324437281e3ade3556e14fc052fdcab8
GWA-T-12-Rnd,rnd/2013-7/171.csv,174393,dd23c3c4cbe240c5b47f39dc5ef9d8c36088895a4bb013bf15eb65f3e30e40fc
GWA-T-12-Rnd,rnd/2013-7/172.csv,176715,61c32948387b586e072599fe964eff18c67a8d22867bcac77305f6be39e3292b
GWA-T-12-Rnd,rnd/2013-7/173.csv,176112,7cf35878562b42c122ae9aa867a7c9f61c705679f1c5c1d954995ea50ce42a18
GWA-T-12-Rnd,rnd/2013-7/174.csv,54341,b062c3a8d568e12ee81fb7c0b5a998fa814b6c83aacd79aeffbee775523cd15c
GWA-T-12-Rnd,rnd/2013-7/175.csv,53091,6d3848d7c7c4634effc117dd8ca8a11f848933d2d59de500db20c9272b1092f4
GWA-T-12-Rnd,rnd/2013-7/176.csv,53429,bbfc45a1a5fa71d87596a4210d89e7086ba9577c75993b04b01a27973411001d
GWA-T-12-Rnd,rnd/2013-7/177.csv,992049,bfedbf58937e855acd72c360dc73f1e3b4126add920e54d34fa328e71bb51890
GWA-T-12-Rnd,rnd/2013-7/178.csv,696838,9c9d1685dc7c8378a9373e5014bc6d4da2fb66da8e9bf16e29626ccfd07ae44b
GWA-T-12-Rnd,rnd/2013-7/179.csv,978811,a53212943d0fba718b95295f1be89a32a8b757a8473c8ad2ecbf6f69bceeeefd
GWA-T-12-Rnd,rnd/2013-7/18.csv,1030840,e0079d7206d8856e4554b6f048751a798c23cce195c7117767c98a329861fe93
GWA-T-12-Rnd,rnd/2013-7/180.csv,757098,adcc00017718c31041c47f11227649f042901ab88077e6e0b2809387f1360418
GWA-T-12-Rnd,rnd/2013-7/181.csv,1027090,45c6f6ce90b98bc393cbb7c44ff3f5df5fefe7e1306f563d9e4dc94af0dc6a06
GWA-T-12-Rnd,rnd/2013-7/182.csv,211183,be89d83e776c52685112d19d65dc67177cd72e8ec3fdafd883475717446e3459
GWA-T-12-Rnd,rnd/2013-7/183.csv,929197,9fbd90ab7abbf977ad82c31945da30d73df3f2d4d17fbe04f185bf9850a033f6
GWA-T-12-Rnd,rnd/2013-7/184.csv,787024,f872edf3f77daebeaa9786606babc4be460d65edeecbb60ed9eaf467a36cc526
GWA-T-12-Rnd,rnd/2013-7/185.csv,1008120,1428f7d8c84ea64271f4a841efec3cfb76b3f41fcd392a8ef3a9d727473910cf
GWA-T-12-Rnd,rnd/2013-7/186.csv,966836,b76daf4081d387c3ae622aeb664a2ef51b3c71f92a3b75b4207547a2d58196a6
GWA-T-12-Rnd,rnd/2013-7/187.csv,938907,10183b36fc0266eaf84d68b7a790efb205d345c44ba8db6bd0bd7261d8342ea5
GWA-T-12-Rnd,rnd/2013-7/188.csv,40056,75fde6e00d09c03b00f4d4532cc48c10c69b98dd96ef1a57114c498b9306c685
GWA-T-12-Rnd,rnd/2013-7/189.csv,202341,25d056a33d83324642686e570ca8d038dbbda236721d1788cd736e12d4b5e023
GWA-T-12-Rnd,rnd/2013-7/19.csv,960732,09d11a779c88660f0ec7078c4fb9aca93f2441321b3c9872ff1baae88ce8be61
GWA-T-12-Rnd,rnd/2013-7/190.csv,622393,a0430d8d5e658ef3544225a8902d12ccabb3d1aed522aaa1f1bea0de01fb3a83
GWA-T-12-Rnd,rnd/2013-7/191.csv,189076,eeef645ebf5b829eba92521bec4eb5f740d0e23e7a4272552c88f5d6f26f3f80
GWA-T-12-Rnd,rnd/2013-7/192.csv,1083223,8c497a4aa43730686db639d0c02af6bf237c437ecbd94bed2a98e5ad2bdc6bce
GWA-T-12-Rnd,rnd/2013-7/193.csv,1000220,3747f887204f5443e620e07afa6156cb48cc8dca857b17d6ac1e1de7ce24287d
GWA-T-12-Rnd,rnd/2013-7/194.csv,1817758,2591ed4a076b98d75a187baa36f1faa1a7c8e562aaef062634f33de39f302efa
GWA-T-12-Rnd,rnd/2013-7/195.csv,1438028,5727edd262cdf8de0fdeb701e35da5e63f2e5c446626bafe43a71de0f5878e59
GWA-T-12-Rnd,rnd/2013-7/196.csv,1449835,bce14e34fdad3e892a22fd5d76bb9db20b5a8d3729555723162c2498222c2b0c
GWA-T-12-Rnd,rnd/2013-7/197.csv,1439083,fc8417545becb2a8cc7c9d5576187137f099efa1e7cb51faa045e6847f626a8c
GWA-T-12-Rnd,rnd/2013-7/198.csv,1130092,1819d26b159c869447de208512a7c3e869c723899246cb547a0a9eb3acd79f3c
GWA-T-12-Rnd,rnd/2013-7/199.csv,1051254,b41531b1e7150513b16dd6e2b1ec5167324d321981e098509176798e4e61db9e
GWA-T-12-Rnd,rnd/2013-7/2.csv,709855,7527336bc2e9b284fc6798a27e019dff372f6a114d7014938624aa01b27de05d
GWA-T-12-Rnd,rnd/2013-7/20.csv,1381866,4a83167ba47bec11be74a79689288b946c263b990fbf1fff6a78af7076b5f021
GWA-T-12-Rnd,rnd/2013-7/200.csv,1047636,1cbd45ae4fbabe652e911ee15aa0818d5b4e56214068b7b266a4af027df3c7e9
GWA-T-12-Rnd,rnd/2013-7/201.csv,1067098,4d96affe02b05493572961c31086377a0002a9f822aeecda88e67e6895e651fd
GWA-T-12-Rnd,rnd/2013-7/202.csv,712074,0d88748f91b829a1569acac17fbb4c6893df880fce6365897555e19c941067d5
GWA-T-12-Rnd,rnd/2013-7/203.csv,41563,957f7a650d3d9962a556e60f59adf1a1184718c34502ae9b236711ef6f2734b4
GWA-T-12-Rnd,rnd/2013-7/204.csv,1078254,92277093c22e7c55c36cfbe48013e6226a00aa63d0cfab6ab80ddf93af59b1ac
GWA-T-12-Rnd,rnd/2013-7/205.csv,40459,5b4a5a923c97b3065279cab63eb8db9f706fc1294ebfcc491f833c28454cf935
GWA-T-12-Rnd,rnd/2013-7/206.csv,39793,1b899cb68c15f90a38edc89bfdf4a8e0a9a77493e5a08abb9fc8f42629f81abd
GWA-T-12-Rnd,rnd/2013-7/207.csv,862320,9531729f49f91d160c82e3c1d45fd4eccdeaaf455ca4ae95d367fcf1112e31ec
GWA-T-12-Rnd,rnd/2013-7/208.csv,981593,f9873040c05905ebfcd54a1d7886bd247a544522b87b92c382d8caf92c6b21a7
GWA-T-12-Rnd,rnd/2013-7/209.csv,1063056,85dc11f5b10af32e5549ad1d37514369be4aa0e2c2c3ddaff9c92fb19e8f25e1
GWA-T-12-Rnd,rnd/2013-7/21.csv,1008869,7a336f5859038ae855e7017e051ca6f643bbea8df6ad2af2a6a8e653a5d67b60
GWA-T-12-Rnd,rnd/2013-7/210.csv,1024250,03ea12ea2d0a1b546d2f5401f14476988c871ebac44eb32affe03cd515c754e6
GWA-T-12-Rnd,rnd/2013-7/211.csv,17456,9a6252bfe422745e26ca9c32418c674ee26988618a54f9c9cbb54da137ed2830
GWA-T-12-Rnd,rnd/2013-7/212.csv,17291,4fcd00139ce799f5a07169b390ae377055328225686758880ad69a3f97dfa382
GWA-T-12-Rnd,rnd/2013-7/213.csv,984072,a59e435f1f9e9e45ec0804ac710b7b2a1a596c0cdd8d380f521c43d41cdbb09d
GWA-T-12-Rnd,rnd/2013-7/214.csv,723053,0c3f0cb954502de86d37f306ed1fddb9e3691eeafe2ee89b614efb6b95443e4e
GWA-T-12-Rnd,rnd/2013-7/215.csv,849026,a0058fe10f775ea6e29a4d74779adb04d89091d7087af372e36e4926aa61ee2e
GWA-T-12-Rnd,rnd/2013-7/216.csv,977731,446815bcb141e3f17630105ff743afdb8dd6a56b651d381a77012ad0177a19b9
GWA-T-12-Rnd,rnd/2013-7/217.csv,924980,b43abb921de786a92cbaa9564e053d6cad8fd331dafdc256efb0cdcc579b5a1d
GWA-T-12-Rnd,rnd/2013-7/218.csv,1121589,356b8738623cb44686b289c8c6effea2af2ab0fc6acb88284ca5ca8c6f24368a
GWA-T-12-Rnd,rnd/2013-7/219.csv,1188749,5ff1f286084a22fcb6a22d46d9fcad1f87ac981c90d48745655076b543f3edad
GWA-T-12-Rnd,rnd/2013-7/22.csv,1130369,36aa197a59b0bf0e765b9b508f50a63b20e005baf90657804ce51d74b6afde77
GWA-T-12-Rnd,rnd/2013-7/220.csv,1267450,7daf1b148e5cdb7cc5e5ecf84d5f827686b7f13a0cc7849d917cf082845a3a03
GWA-T-12-Rnd,rnd/2013-7/221.csv,749970,9ed262f36c4c0d440edeede832fcd18860f85eb1f179b7db24c994f3775b15fa
GWA-T-12-Rnd,rnd/2013-7/222.csv,1180350,bef15830964d0b961ba75ad1e0b7a0b2eacb6113ec2c93275709cb693d3ae444
GWA-T-12-Rnd,rnd/2013-7/223.csv,784771,d903bdcdc1802e9d115ab9ff054c46e3987ae9760e7e8b85e540b3fc7ec422dc
GWA-T-12-Rnd,rnd/2013-7/224.csv,818249,46db132fbc58315d0711e621f6f1da17fd9f9fae3ce6a788838293bf02bc5689
GWA-T-12-Rnd,rnd/2013-7/225.csv,920878,9017cb718a6ce2f8db4f2dd00278328291753443a27ac1d63132b1b2b33341be
GWA-T-12-Rnd,rnd/2013-7/226.csv,1102629,2ce5fa5523424d7a59d424890d6e3b9290e10306f2adf05510cb7aa13414bfdc
GWA-T-12-Rnd,rnd/2013-7/227.csv,808487,6fc4ced3b4263356dc0c3ac66ad02fab916b2846fb3d7fe499b039a50c806b7e
GWA-T-12-Rnd,rnd/2013-7/228.csv,1111249,32857c22c30a26a487e42fa944a21573c3ca281285fbe2e7866837ea08d4f1ef
GWA-T-12-Rnd,rnd/2013-7/229.csv,1055062,923e0a7587e7a5c30bf2548d5edae54d646944f2a19f4973b64d7ad86d77c10e
GWA-T-12-Rnd,rnd/2013-7/23.csv,1047935,faac9011fd45db64080822eb5978a019c436fe898f718859aad37c3c9a6bda89
GWA-T-12-Rnd,rnd/2013-7/230.csv,1049449,0b0446ab4b521db5dcd4ac5f45c96324fc6bc856d588b2f393745f59713bb31e
GWA-T-12-Rnd,rnd/2013-7/231.csv,1156961,b4a4934a414a3abb551127fd86888d104daa52d3f627731750b3896d6aeac14d
GWA-T-12-Rnd,rnd/2013-7/232.csv,899224,6d98ca5fab1b00c3e60ea02032d2394d10872ea32ca20319614433146c2ca9ae
GWA-T-12-Rnd,rnd/2013-7/233.csv,907586,dd692cf6c515e362710c3832379de80a0b1f26f1968d7883680b5fa4de444f75
GWA-T-12-Rnd,rnd/2013-7/234.csv,894319,ba54ee64686ef69a5183015f0e8cc8f54f17ee2df4b9ae27554561e0dba55313
GWA-T-12-Rnd,rnd/2013-7/235.csv,860305,eed5ed22a11a190fb6a46bb87387e4b4f89760563e6596b785ac6138b8c9793b
GWA-T-12-Rnd,rnd/2013-7/236.csv,1052570,60b79a22b80141474ded35176782190907fd93e397975dbb81acce7a0428616c
GWA-T-12-Rnd,rnd/2013-7/237.csv,1235413,745331da4f6d4d470894bf1d39cf8d8d614f39e31a051ac9d117fa9b1f810dbb
GWA-T-12-Rnd,rnd/2013-7/238.csv,634875,cffc71c8532020c4e49e65cbb4473a83cf72fba60d2b672911f8a83e2a971e3b
GWA-T-12-Rnd,rnd/2013-7/239.csv,848981,af3cee8e0e3d1e613c5392df91783f8d0581ca69d4de117a2a84e1725f6c64c4
GWA-T-12-Rnd,rnd/2013-7/24.csv,992891,3947d4600c6a4b7e1213976cec0de5301718a7dfe0cf77a07dccf61315768f54
GWA-T-12-Rnd,rnd/2013-7/240.csv,631000,1f4f5ed62b2d187dd8ca1951d8ab00c21ee1f7c4be898ac0ed8ec6433a462ddf
GWA-T-12-Rnd,rnd/2013-7/241.csv,1105942,238844ba2b53a29eab163de2f11198f7df19b5596652c9d29f986deaa972d089
GWA-T-12-Rnd,rnd/2013-7/242.csv,1020804,9fc0755b67f007b2c462941c3b888244f89c7ee916a46319c9fd16bedd75b90c
GWA-T-12-Rnd,rnd/2013-7/243.csv,1103345,c230176ad52ce73dd72acff54284953e23fd03a4fd01c5f7b07f974dce8d0fd5
GWA-T-12-Rnd,rnd/2013-7/244.csv,1086131,f3357e443d4448902e07863750e936bf12f1cc97accf1bba454eb06386553182
GWA-T-12-Rnd,rnd/2013-7/245.csv,1083501,92c9d77083ebd1812750e3a0855ef8506dec1e71a57f67ecb598af34c3871206
GWA-T-12-Rnd,rnd/2013-7/246.csv,1085829,2dc35c49866be60d72b7aae906593da02bc400a3a643dbaa294cb843435fb135
GWA-T-12-Rnd,rnd/2013-7/247.csv,1099063,6c777fbc378ae1d9831d6f464aa082d52dc02e8cd77606f91676987b1e9a581f
GWA-T-12-Rnd,rnd/2013-7/248.csv,1096010,3e6390ef7492f5fad36e3206415a712953da8c176f8504804f94ca194edce5ed
GWA-T-12-Rnd,rnd/2013-7/249.csv,794647,45e2d0623a5b8eccc1208da21a1bed1e213d369d42daf321b358284abee30ea2
GWA-T-12-Rnd,rnd/2013-7/25.csv,1006615,562423116e7331269c189869640b58d9f8334eb886e6d7e4a1c30b28368f83db
GWA-T-12-Rnd,rnd/2013-7/250.csv,717131,396afc852cae243f98027aa6b5546188ec3e1dd94b860db5e02477d9ff38a482
GWA-T-12-Rnd,rnd/2013-7/251.csv,903623,92e774fcf8d601deb3e139f5baa4bfb9d46b32fa64d285ae786639a565218024
GWA-T-12-Rnd,rnd/2013-7/252.csv,1037612,272ef52428079769756ea4e45573cc5107d5fcac78f1973ea06aec7503965b59
GWA-T-12-Rnd,rnd/2013-7/253.csv,1014415,6ad76358994d9adf0f6e2f6fabe70f681a5a051e6b6e4b7bb9bff7a51366a4db
GWA-T-12-Rnd,rnd/2013-7/254.csv,754198,2503024f5fe35290fa3a11a58752f978feeb8af3d2ceb589d757896ec1273515
GWA-T-12-Rnd,rnd/2013-7/255.csv,957487,b76c57e4612f167644beac8d9711fc932b65874dc68efd80f20b0e39a05131c3
GWA-T-12-Rnd,rnd/2013-7/256.csv,935822,468319e56c2466ee485c5f88f107a9cb70d1eb17e6bd6cadf0d5b919b68f8232
GWA-T-12-Rnd,rnd/2013-7/257.csv,993846,abcbc557300b6194b9d258ec3975f1dd49a61722b04807c8f6276d537e7315bc
GWA-T-12-Rnd,rnd/2013-7/258.csv,209002,215f07c3984058cb9d5177754b29fe521cf5999df1751f98f6f3af99c10602e4
GWA-T-12-Rnd,rnd/2013-7/259.csv,1037131,72e997775977e80bc7705b274ece14e004cbc14d655a34212477f6d05a186e5f
GWA-T-12-Rnd,rnd/2013-7/26.csv,1095864,7d9c5c83f77fea7f2e15c300a45c27f222af18749844ea592e217589802a5236
GWA-T-12-Rnd,rnd/2013-7/260.csv,966478,bdb86d83feb559f4609a6b5377237afac270ebab3d4835a28be20a1b0909eb42
GWA-T-12-Rnd,rnd/2013-7/261.csv,1178727,9aaef262ad9a587a8566ed16c372f559ed0324dfc17130451435c060a301586b
GWA-T-12-Rnd,rnd/2013-7/262.csv,1055309,10c178b84943797e2a42f6133c3c41dc0386fa4a848a4aafa3d46d79794772d1
GWA-T-12-Rnd,rnd/2013-7/263.csv,868368,243d6fc6abd5dc39403ffc0e83d8ce8a08fc4d9c30d235d9d9509cca21995ec2
GWA-T-12-Rnd,rnd/2013-7/264.csv,811437,81e5b0a3a43e6d87e7f0aab9fba9ba7bf1523f9461f808efb338c87d917df0ed
GWA-T-12-Rnd,rnd/2013-7/265.csv,950862,2eb49b7d444a17327975790df3827350c561227af0bf32ef917c22b8ff707d49
GWA-T-12-Rnd,rnd/2013-7/266.csv,1120160,479b4af437c327aab56c5b344ec0ee1160a90390b6c7fde5a52a856af5a06c7b
GWA-T-12-Rnd,rnd/2013-7/267.csv,1087099,a52dc3d03999c5acc1d426441fab34f4a0891489a5f4253315ecec1cbdbb1e40
GWA-T-12-Rnd,rnd/2013-7/268.csv,1078710,e5f0e8eff97137a9267faba7f8a783036f0a89c3329795cad3fe90af6fd4ef2c
GWA-T-12-Rnd,rnd/2013-7/269.csv,1100773,d02214c8f5f1c959a5f72ee3c89e4c03c85c9d8c1f64cba07bb0f0b338a4e740
GWA-T-12-Rnd,rnd/2013-7/27.csv,1096656,617fbbf25ef66afeca15fe99977fcd01d7ac66b39f9f75611d026c7b728a928d
GWA-T-12-Rnd,rnd/2013-7/270.csv,1082923,21907d0051063c7b5318725876218a8bcd8de83a1e34bf6e486f25c16410fe19
GWA-T-12-Rnd,rnd/2013-7/271.csv,935583,a75f4f826592494dd6848ed625126d39312ed792fe590bdd7d15becb0cca802f
GWA-T-12-Rnd,rnd/2013-7/272.csv,886607,abc2d42f88b0c7a781463926713eabf924d04117b1ba189939343d8e2d2b8a49
GWA-T-12-Rnd,rnd/2013-7/273.csv,965607,839aecc054c462cb54fa1750c14a532ee63e77678bfae2b49bd1ff18b05f10db
GWA-T-12-Rnd,rnd/2013-7/274.csv,806262,8bcdd316bb73bb2d6bce929cb4561e2da2ca4f4ece9c521668ae317e2ec17397
GWA-T-12-Rnd,rnd/2013-7/275.csv,1170562,de67e584d0ef8059bbd5749f86fc6be3ba41f8d04d100fe564e851eaa7381bf8
GWA-T-12-Rnd,rnd/2013-7/276.csv,926636,7ea212d16eaf59e59a290f6d573ff4db06d757e49e2ff062db7b5e1f17873bda
GWA-T-12-Rnd,rnd/2013-7/277.csv,996295,889f82d6c0780ab459899d75d7869efc98f1de806df04520a286c555b237ac1b
GWA-T-12-Rnd,rnd/2013-7/278.csv,900354,669d7fec89e850628b2bdb26ebf870234396170859e4fd2a90c6c7d8955fa7b2
GWA-T-12-Rnd,rnd/2013-7/279.csv,920459,a2efc4b31a007d012bb53d6a5f6d9541699686273aea821c619cecb9ddd79481
GWA-T-12-Rnd,rnd/2013-7/28.csv,1127155,1a6e5b66c6ac8e8b5ecf0ba15ace886f6924eb41205593d2eea53bdbe0122228
GWA-T-12-Rnd,rnd/2013-7/280.csv,1225593,647a61fe28c1bd1dacd438f52f07adb3760e24b5f5d7eac0dc36d224cb566b87
GWA-T-12-Rnd,rnd/2013-7/281.csv,1087337,e0c61749771b7d200cb6fdbf8d40a88e708de1c0afb0ba12f2c3f55501578968
GWA-T-12-Rnd,rnd/2013-7/282.csv,1070425,04bd2fffd90c7c277ab5447a29f1fa1ff84a52da53adbc8e84d9b141fe36b625
GWA-T-12-Rnd,rnd/2013-7/283.csv,934148,cc20d64c1bcc825dfea686ae49c108b97a058b4546d4db1f97a6a55be52ae5b2
GWA-T-12-Rnd,rnd/2013-7/284.csv,1023197,465b5276169ea42b7a614f50a761c813acce197193e297070698b0763f47faac
GWA-T-12-Rnd,rnd/2013-7/285.csv,1043326,ca1b06a7bfed7e84fac383da1606a2a4d1b55abbed6547bb3e187a657ca663e5
GWA-T-12-Rnd,rnd/2013-7/286.csv,1112184,5935374ca211ba2c35553ff4bef0ad370462de617e6ba06790eeaf137fd26cc6
GWA-T-12-Rnd,rnd/2013-7/287.csv,1198454,ae6b3b048b05e01758cc03b13f6172d0dc6c38bf2818e733db06449faed7cff9
GWA-T-12-Rnd,rnd/2013-7/288.csv,1136473,188c93f98a78986131ed31a237d9276dcaa428c84a6e7f0ffbbda1ac06960322
GWA-T-12-Rnd,rnd/2013-7/289.csv,843412,280a9983403e19226738c40e74dbede6eb57c2ebac0beb8ca6ad618ded279c73
GWA-T-12-Rnd,rnd/2013-7/29.csv,1025969,21d23f956d1c92c892a2fd5c1139d5813b46da4f915d0ed5cb80ffe1ecd0a5ca
GWA-T-12-Rnd,rnd/2013-7/290.csv,983660,a0cb8ad5463ffc3147c7cd4c0ef5644e970eed84df357d1a1e12053aa8d29155
GWA-T-12-Rnd,rnd/2013-7/291.csv,974777,990c7f7f3df72d334942811563c36153d2a18e9152253f152da3826a4a557820
GWA-T-12-Rnd,rnd/2013-7/292.csv,1163388,cf413a0f00d8c9d0d350599e9d22ee80883c452a92064aa9b2b5fe7f105eac38
GWA-T-12-Rnd,rnd/2013-7/293.csv,1142029,df22305b3551eb67eef9c8bbd0a0ab46afeee5fcd83f55e51c3e9933481db0e4
GWA-T-12-Rnd,rnd/2013-7/294.csv,1042249,e52fbd7d5c9e1ebc94efff0f24ac4391e8f8ec9f470f48ff992286361e964d23
GWA-T-12-Rnd,rnd/2013-7/295.csv,1069209,26618925b95f7542e493fc3a101bf8b925fae4e2e0753ebc45025caad7349a21
GWA-T-12-Rnd,rnd/2013-7/296.csv,1098578,bc4d479ecf27efb47ee3d483ba8cf23d5e6249e234c122b7587951c1c2cedf3e
GWA-T-12-Rnd,rnd/2013-7/297.csv,1200802,86479c33d9acdb719464d39ae18cf94bf7623c6e8a7aa70db4396b9e96b16c62
GWA-T-12-Rnd,rnd/2013-7/298.csv,1087768,60f4d41b4d662ca40e66f4deab559111d6c9a67649d44d85d137b80bd52ccf99
GWA-T-12-Rnd,rnd/2013-7/299.csv,894084,d93288e36588ed09ac081d8d03938e7b4c5d999cde12fec714e8814690d88642
GWA-T-12-Rnd,rnd/2013-7/3.csv,908927,fc16a9db5ad0b67d91e1c161bab15e617277b4a4d481fcdd423779af9d7b4f11
GWA-T-12-Rnd,rnd/2013-7/30.csv,1100875,73ac56837085f245790d3be98e51d1b4142f73b61fa138a0f3290f0b88a24754
GWA-T-12-Rnd,rnd/2013-7/300.csv,843944,061b341ac4b32e920a4e36751ae3c1071b660d06ddb2e274ee1dcb979cc62792
GWA-T-12-Rnd,rnd/2013-7/301.csv,933838,194a4cb03aaa37e0ef61916bc0dd755f9a2ab5f6be9b7ef1c39d39702eb9b4b6
GWA-T-12-Rnd,rnd/2013-7/302.csv,864036,f5b480e3151661ede7e37e9d6a5730dd92abe62368d5a9597140277276dfa7c1
GWA-T-12-Rnd,rnd/2013-7/303.csv,1143153,dffdf9be1478d5432a9152a3b6f82d773d077bd3cefe0d00caddc9e657013cbc
GWA-T-12-Rnd,rnd/2013-7/304.csv,1124990,8d72e6ebe3fc6f67a60c7bec34fc45519b3493919403eec43c970302094129e0
GWA-T-12-Rnd,rnd/2013-7/305.csv,1081108,1123024490ad8f2f861415c1c34ebd4c863441fbe9a95b904eafaabfbc2b6f37
GWA-T-12-Rnd,rnd/2013-7/306.csv,1076593,74100612d0eeaa35845fd4f884ac106251579e4f48d2a234cd39957f48b630eb
GWA-T-12-Rnd,rnd/2013-7/307.csv,829428,8f584caec1fdc1e9bfab346c2627f6ef0c01b68a9b211f0bd94e249182cc53e2
GWA-T-12-Rnd,rnd/2013-7/308.csv,1145586,89f133953c93c25a9445ad5b6864276b2d16d1aadde2d43f5e6aa0a140b7a1bd
GWA-T-12-Rnd,rnd/2013-7/309.csv,1011709,6968bff06fce3e5cd098c6ffe775c44d7d89688fdad70ad47916bcbe810a3998
GWA-T-12-Rnd,rnd/2013-7/31.csv,1059084,cd52d211bb5855c0dfe3586820de582fb82dd557fc47d6af8e1dec6c309b4f58
GWA-T-12-Rnd,rnd/2013-7/310.csv,1242693,10e7329e67de6a0ccee8bf078d8f94390e33dd1b58d6a2d60902c14c6b55920c
GWA-T-12-Rnd,rnd/2013-7/311.csv,1151873,4f8c70f46f1f6bfa4599fb48975767f4a095809ebf37fe6c1bbf1d183e6690ef
GWA-T-12-Rnd,rnd/2013-7/312.csv,819532,6e9c07f373c7c6dc4b7ef779c219f77fe65d005062522b514cdf7fb9745738a2
GWA-T-12-Rnd,rnd/2013-7/313.csv,795850,dd21a189def56a8ebac5e62e1c3ae2bfbf27b0ae8c42d40f3ebd20dcb1f7f34a
GWA-T-12-Rnd,rnd/2013-7/314.csv,1005306,e33d5243ab63ce694675e67bc4303ed402f2b5a7ae698c98cd46e71b9f2bbd57
GWA-T-12-Rnd,rnd/2013-7/315.csv,1124386,e0f062abb2535fc7e21b18aaec5bf3e9462116270cbeb9c0cb5ed6b6ed5456fd
GWA-T-12-Rnd,rnd/2013-7/316.csv,1227378,b3f1e0223e3102551e73b38505fc2099954c23468454e2f627319641f27c8a22
GWA-T-12-Rnd,rnd/2013-7/317.csv,1248448,7b9e505c69870406ac0abb32be6aac3e5f24ea0a0a8d42f1eb2ad0af856ac9ce
GWA-T-12-Rnd,rnd/2013-7/318.csv,1111121,d7f83ab5602d2df4aec9050a2de06f44527abc5ca5d58ffe7517ecedbf97c597
GWA-T-12-Rnd,rnd/2013-7/319.csv,291117,4a38433661fd37b22dc4b32fe9bbfdc58c16a918fa3a17f4ec1aba43bbc2b957
GWA-T-12-Rnd,rnd/2013-7/32.csv,944296,853c3badd1f5000e81bfba0c83c9aea29c8e4a87e33c7c26f1b51af394b2c139
GWA-T-12-Rnd,rnd/2013-7/320.csv,252175,ebdef93724babaac5bd1149ef03c3033ce2c932a7c3508f48f72b46333fbc908
GWA-T-12-Rnd,rnd/2013-7/321.csv,240636,fcd6891a1228b2f7d57c20cc5e6d49891f00bce3f4711bb588338f9842e446a6
GWA-T-12-Rnd,rnd/2013-7/322.csv,1187214,7842a3e57e5b7548f2db457bb90a90b12f305a9d32b4de3bb2cd92c754b71eb0
GWA-T-12-Rnd,rnd/2013-7/323.csv,1199482,6d43064e8aef820bc4fd8a4ade16f50a3527b8a62f2bd3d256db6c111bf601a1
GWA-T-12-Rnd,rnd/2013-7/324.csv,314788,9c178e978d455b7dee27aae0a5e395a319f69d75ee13b5b901024097e7d3d456
GWA-T-12-Rnd,rnd/2013-7/325.csv,320955,71e630b42cde53e15b12a3e3c161ce2c39c577eb71d6551b7964831b794eef10
GWA-T-12-Rnd,rnd/2013-7/326.csv,1001510,4ab7927c25314514043bbde05faa727c89ececf770f76cf1dd604d51022e3ac0
GWA-T-12-Rnd,rnd/2013-7/327.csv,995785,08a6b66d8ea0e8c5ba0dacf6b418032203386f80004f6b73d0e9214d41b82e14
GWA-T-12-Rnd,rnd/2013-7/328.csv,1071571,994b0f20c2ce22a83aba98f16c017ccd531d0d153d55fd137f5a14c3dfd534af
GWA-T-12-Rnd,rnd/2013-7/329.csv,1036421,3dc5dd048c785aab83cd1cec9deeeb37189d09aaa21989d4bc35c9f63a348e6a
GWA-T-12-Rnd,rnd/2013-7/33.csv,1110825,7a1e34089400a5b4933bb295d9975e4ce374679a2f3b721de304765a2fbe3389
GWA-T-12-Rnd,rnd/2013-7/330.csv,1168557,6d8b05c866be1cb2289745a83643131ed7fc38919a622ceacc080f7548164f8b
GWA-T-12-Rnd,rnd/2013-7/331.csv,1107697,752fce571b4f7cf55e59f769e6f9ec264d86d6758b39898682fbd0207f3c2845
GWA-T-12-Rnd,rnd/2013-7/332.csv,1114166,fc8ec0776acf584111fe016b20a1343ed36aca3acb1e022869e3b8ced8707be5
GWA-T-12-Rnd,rnd/2013-7/333.csv,1202861,1a800abd5eaf74ae5160872ffad7602bd70899745701355608a9bd08040d68f6
GWA-T-12-Rnd,rnd/2013-7/334.csv,790775,494ad00a4acf105013dc2861046cc9acfbed1c3d88a962a27022d95134c58f92
GWA-T-12-Rnd,rnd/2013-7/335.csv,936101,bd2accff7588fa384e70fafb2e65d24ff43efef6ccd25906151253cb5c82b05d
GWA-T-12-Rnd,rnd/2013-7/336.csv,859708,a1fdad2d75ff9000a5fad3dc52b68694f68142ef8e42b449f3ddcac7b488f4f8
GWA-T-12-Rnd,rnd/2013-7/337.csv,881863,9f336f8d86c997c575fe658ff0d0bb645445efc89e67b9b845e3ce78644b242e
GWA-T-12-Rnd,rnd/2013-7/338.csv,1116325,0ad0f862613ac4c328e98cb0692d6634fefa200a58c7b350ba52f98ffadb6889
GWA-T-12-Rnd,rnd/2013-7/339.csv,634114,7104d923fc1708f3b83ec7bff66c14c5aea12c715ddcacfc51e5ecb0d3f59be5
GWA-T-12-Rnd,rnd/2013-7/34.csv,1084620,b430973b8f88a39473c0c72ed46018fa6a7f63c3d656b35e0d06d00a731bd49a
GWA-T-12-Rnd,rnd/2013-7/340.csv,2155565,81e56f77e97cb9866f6cb068947e224ee0694fe99286b20b96f4f787870267f9
GWA-T-12-Rnd,rnd/2013-7/341.csv,859962,14be869a1fb736af30991b877076699263349819755b1dcabc622d5e0f0b6c89
GWA-T-12-Rnd,rnd/2013-7/342.csv,847657,470748cb515b408e1aabb9aa2db8d9576b2c268725d01238a2e190f1ee2631b8
GWA-T-12-Rnd,rnd/2013-7/343.csv,643820,5ebf52e62da717a0c4064fdb8fbec8a7396c1909e20ab9152469e63896325a08
GWA-T-12-Rnd,rnd/2013-7/344.csv,654076,b88141d7bacad1451665defa7a59fe54ef6507d075fe983d582e4e068380a943
GWA-T-12-Rnd,rnd/2013-7/345.csv,659158,9428df13609aa5a5524ce0145b00884c2948580d42d6f174e3decaebceaf828a
GWA-T-12-Rnd,rnd/2013-7/346.csv,696801,041ede5ce4329cd8ff0981acbb2072eddaa740178bf9e821ce2b143a4b3c3a59
GWA-T-12-Rnd,rnd/2013-7/347.csv,1001376,0c5011fa594133543f984cd084e8606d3ef735201c133e3a3e4e559c11c4abf9
GWA-T-12-Rnd,rnd/2013-7/348.csv,971662,c612be4b01a9d8e0143df6dfb53c17b9c89fa801667b997d2f60b93ccfd939ef
GWA-T-12-Rnd,rnd/2013-7/349.csv,891867,e68d518843f34c9a303fd4bad48427741b71d21860bb34bcda1777edaba94620
GWA-T-12-Rnd,rnd/2013-7/35.csv,1116103,cf87575f93670c720a2c8fb5d7dc78ff475ce4a0e89934b7082ccaa52e0d0a6d
GWA-T-12-Rnd,rnd/2013-7/350.csv,902792,caf5d96bb41b32732a16a2beee70bb31f8f2bd26573641e6728c8264a89935ad
GWA-T-12-Rnd,rnd/2013-7/351.csv,708058,8f7e02bcc2d10f854083b16f8a1e1150daac788948afdaad073d0eb043963d0e
GWA-T-12-Rnd,rnd/2013-7/352.csv,913951,a26f853b32c829e12d6a2f2df6a681eeb7f46698bf41ae8436e53e329945877b
GWA-T-12-Rnd,rnd/2013-7/353.csv,911608,bf8b01d0b2a8560b24e7f733055028b3248f627d979e61dd953d7d6614752ac5
GWA-T-12-Rnd,rnd/2013-7/354.csv,863796,8a7c3f623a6847acef5d8c90fc5dc71eafd3ea98e56c712c490a5fc8ba455e35
GWA-T-12-Rnd,rnd/2013-7/355.csv,1089717,a012e800311f087b59a4cbfcdb417fc7b8f3a325c199c090490c0afecc8fe9ce
GWA-T-12-Rnd,rnd/2013-7/356.csv,751248,03a5637ad7bb373b2a67c1de7fa22217c90d498076787e549b62e8e52d53ea2f
GWA-T-12-Rnd,rnd/2013-7/357.csv,725470,7305af8270b005a0408dbe17ebc5f633801717c3836f71be4da93dcff0ae0b1a
GWA-T-12-Rnd,rnd/2013-7/358.csv,691600,3a87c76d58c8a8c17f75837c9ca34b4d446529556f120f1f23acb9396195a1ef
GWA-T-12-Rnd,rnd/2013-7/359.csv,886948,826decb2fafdc2f3c6d017600cff01da5be775b66e346b31e1cf6b1b2eeb9912
GWA-T-12-Rnd,rnd/2013-7/36.csv,1119477,639d051dd0e21ec51ea997cf6dc01fcc08f0c30cfb963c4189388fe482971a58
GWA-T-12-Rnd,rnd/2013-7/360.csv,993663,beb051b24791e58bf58e402c551b9d6744c391885161ae71026b1e2d477b90d7
GWA-T-12-Rnd,rnd/2013-7/361.csv,827858,e3e40ce5f525be148013a0765f5ae5f6b774a98f6ef46a7fcdd4618bc1054c2c
GWA-T-12-Rnd,rnd/2013-7/362.csv,785523,3a91cabe4bda76ce0578eccbcbd5260373680b56c22da59a61a78816dbad02c7
GWA-T-12-Rnd,rnd/2013-7/363.csv,697979,a27a812e996d31bd265b3877f5f4b2fdf148c9a755c49550088b2421cbf0816a
GWA-T-12-Rnd,rnd/2013-7/364.csv,776977,c0c1237292cf3c28456d3feccf343d4fc94f434dc04cc7f3e90e536c4fe4a434
GWA-T-12-Rnd,rnd/2013-7/365.csv,727500,7e8e6110acf53e96f438cb89fe1a5eafff5a6908eca5bb5518e509874f414c24
GWA-T-12-Rnd,rnd/2013-7/366.csv,828165,1191bd50247e49b19f41299530ce34343e12e897059b0b7481034eee0a617e0a
GWA-T-12-Rnd,rnd/2013-7/367.csv,875865,49d6955e6d2c1724864fb4457cffe8703098602809099e2cf0e3ea8bbefb758b
GWA-T-12-Rnd,rnd/2013-7/368.csv,698148,ad643a3386ab7595279c11e0326ded3615558575417c5c5affc409ddd2861949
GWA-T-12-Rnd,rnd/2013-7/369.csv,867462,40bb35477df49763637773d421290ab933eaa2fb61994bebd13fe6d8d2f12c3c
GWA-T-12-Rnd,rnd/2013-7/37.csv,831249,37e4ee0c44aac3ae097f3dec7382ab6c766fcfa60e10dcfd1b80069e3be5bf1a
GWA-T-12-Rnd,rnd/2013-7/370.csv,454653,dff55fa2a2e257c193b4b53dcc7fde714976bd94f2bf3dbf1ed8dec23b9184fd
GWA-T-12-Rnd,rnd/2013-7/371.csv,199067,91b0852479ea9ade7cfeae4a7a808593a2fadfda0f826dd1184da88fa13149b2
GWA-T-12-Rnd,rnd/2013-7/372.csv,42619,36ff90dcc95e0efadb149e1104a47cc6bb2780c26ea6fb7baa487cbd58b075e7
GWA-T-12-Rnd,rnd/2013-7/373.csv,1088829,d3b3437c6d765987aedc190e023e00fa0102a702e2d800808113dc9e57a83abc
GWA-T-12-Rnd,rnd/2013-7/374.csv,1109469,8c174c609c0066bd74f10ff42d99417557c26a31941c49785b8f251b122031af
GWA-T-12-Rnd,rnd/2013-7/375.csv,1134034,2e06cc800312860c7891b2358f2db1c663f2e9828880391f79b99a541bf49ad1
GWA-T-12-Rnd,rnd/2013-7/376.csv,831594,a76ba4328d95ee1bfaf444311073d4cfb97fb20d4b13355eb1be4c036bfe25af
GWA-T-12-Rnd,rnd/2013-7/377.csv,1030039,a9fc9676e0b30a973b0b612d383adfa235b97a8e0781e2d6bc70911d4ef867c7
GWA-T-12-Rnd,rnd/2013-7/378.csv,897612,548e8d4912e831e5c7a1ba98dc2edb6dd5d9c671a3c21eb46d86b1e4a8a788a0
GWA-T-12-Rnd,rnd/2013-7/379.csv,1151685,1a546cdcccc510e09da160f52c9a2df3b3fb895f50d8243433cb6dc73891730f
GWA-T-12-Rnd,rnd/2013-7/38.csv,499038,6ed9517d8cee648582292c8b4515c6ca510a4902cbfff716373318025c4b0f9f
GWA-T-12-Rnd,rnd/2013-7/380.csv,1176112,a8af6f83002e2e528e9c07290bb470171f2cc8c5d5cc44e9df2706f13427f4eb
GWA-T-12-Rnd,rnd/2013-7/381.csv,1156218,6c52268c749c8e2d0c9d4c906798c055f147cbd29474d11c8196ec5366d3d4e4
GWA-T-12-Rnd,rnd/2013-7/382.csv,762664,a168d017700c4958fbefbcebe8fb595ab6e237d4160e9d10d20e2e69b08fb616
GWA-T-12-Rnd,rnd/2013-7/383.csv,1234588,0e40ab65995ab8c4a7a9a90ab1fa3506bcd687f27cfaa2ea5308313419bb0186
GWA-T-12-Rnd,rnd/2013-7/384.csv,1242837,521d3f938e3b79a8cfecc3f843507223388ebcd7f89a1b369cfde78745d0b238
GWA-T-12-Rnd,rnd/2013-7/385.csv,1104780,f3768cc45ebc673bdb8cd54d2126d8674fa1caeb3ef5f024b79e977e0644bd90
GWA-T-12-Rnd,rnd/2013-7/386.csv,1303495,4c5cd92141bfc1283f342b3b418bbd31d91b7872cc0bc765cbe9d0ee163ba68d
GWA-T-12-Rnd,rnd/2013-7/387.csv,1170832,71467b73d7764813a6f12a9a4fc0504f3a59d95c0fc8d34ac6d18b93cd1dd764
GWA-T-12-Rnd,rnd/2013-7/388.csv,876204,5f67ccbe961c6295ebabd5394ce9e6b1b5321b1c4863e4a40fd802f5dfb3eb47
GWA-T-12-Rnd,rnd/2013-7/389.csv,749035,8261ffe450e9adb8d43de2b29b9b2506fa74306b795a52c682f98e6aedf2d566
GWA-T-12-Rnd,rnd/2013-7/39.csv,853452,5f0590143dd1d2bfd43564f732293ad895aded263729e5951801b7238e1981a8
GWA-T-12-Rnd,rnd/2013-7/390.csv,247000,b1851be852881e031db808dece893fcc91f91ed15a4a5f2ec3dffda4ec45d50a
GWA-T-12-Rnd,rnd/2013-7/391.csv,634523,cc358b114ab7478886ce77c02e90962f0426cf0d5926b4cd79773a4e4a515d9f
GWA-T-12-Rnd,rnd/2013-7/392.csv,1225551,bbac81f96f7d36c91172e9770c998553a2b3f75d9e95b999e5c8b8bffe8ff4d5
GWA-T-12-Rnd,rnd/2013-7/393.csv,1105236,e964a4aa04b87fd77348d02420c528dae4d26e75ef77906873d8f968b3f76946
GWA-T-12-Rnd,rnd/2013-7/394.csv,903270,27f4985367740299d98a3799e8439b9f4652f886e03759350ca8f10e88747942
GWA-T-12-Rnd,rnd/2013-7/395.csv,576036,ad9f300d646f4bec0cc8e307a48a2be59a262c3bef8f10804571dd3bdd7fe15d
GWA-T-12-Rnd,rnd/2013-7/396.csv,464285,37244a66c05663110d223b8f8606ad2e506d24959a756b47506bf1630dba8af2
GWA-T-12-Rnd,rnd/2013-7/397.csv,46527,1ca7765961a65a4c02047070eef04a979f5aa8db6e453eb3f304c27a7de96fe1
GWA-T-12-Rnd,rnd/2013-7/398.csv,45877,5388b76f340c05a1d76f03ed5c39f2b9ef0ad1b36adceb656e129900ab9998da
GWA-T-12-Rnd,rnd/2013-7/399.csv,1080070,6d902d6622a278b53c9202637d5429f5ab18bb1747d3f276586ece1a35e9ab55
GWA-T-12-Rnd,rnd/2013-7/4.csv,1008522,ed0265c86cb4f62ee3515544e7398cd3ce5366f08298fa05516ff6667842a304
GWA-T-12-Rnd,rnd/2013-7/40.csv,820030,85230338a11e569b7d3cff5cd3aab304518dc622e4248e8e4f22666a687a13d2
GWA-T-12-Rnd,rnd/2013-7/400.csv,919457,36b3eb787ff602c5b70419b677cae1bf7457210bf5261cb62aa0f367b116acf9
GWA-T-12-Rnd,rnd/2013-7/401.csv,912918,3851aa3ccda471cb1e074cb52a26d858c1032ed8e04fa4b106afe2cdd4f9b97a
GWA-T-12-Rnd,rnd/2013-7/402.csv,892488,f18aca1d0c2f125121a0dc6aa3324aa00e79d7edd2bb1033f04bf9065cdaa142
GWA-T-12-Rnd,rnd/2013-7/403.csv,851113,86d7187ccddf40ddac63074efa249702538504c6706af32ef9b608803add417b
GWA-T-12-Rnd,rnd/2013-7/404.csv,868136,65fec3fd5c92586658e6a6ebbc1847e585f41b251d8715654b12d4bb5ead5d50
GWA-T-12-Rnd,rnd/2013-7/405.csv,723884,39f2e7fc1b994c3ec784c1303fadce72e7a551d0a9814342b3caa3fa8df85615
GWA-T-12-Rnd,rnd/2013-7/406.csv,1097806,51e873b22d63d5d9cb9024dd82833ec1cb6be73f83a52a968091b06430db6128
GWA-T-12-Rnd,rnd/2013-7/407.csv,1220503,33cfd291a88ee4a495e1b145564994b3fc3d7c891d61d29dec15a24a2bfbe0d1
GWA-T-12-Rnd,rnd/2013-7/408.csv,1263697,b8443d86342f84eb8c3f4ef58aed2712e2b1ebd6c2519fa7904ccedd7629d3d9
GWA-T-12-Rnd,rnd/2013-7/409.csv,1022769,a5c14fb78e9dc0757b7d9a27a2b8d4e58fc3240109f5d5a77abadd1347aa6d9e
GWA-T-12-Rnd,rnd/2013-7/41.csv,1049061,66e4d37ecbc43ada306caa6fed98fee1e1e2a2d06a6e07a4c4986d42de072d59
GWA-T-12-Rnd,rnd/2013-7/410.csv,1162332,cec1c91a70e6ccc2799d877b1d9ebac1dbd721e3f80ce6101e19a04c6557c9ee
GWA-T-12-Rnd,rnd/2013-7/411.csv,1266472,ee45f82ad879ef74e6306c16e52611b0f07df1b0a3e7ebbc52e3f2793c1bdf9e
GWA-T-12-Rnd,rnd/2013-7/412.csv,1299856,464bab9da98f23af090b92ee3af54c98703135c6e75d0cda3bc004234f629d19
GWA-T-12-Rnd,rnd/2013-7/413.csv,1214728,cc382fcc376e1af8a27d132789ad1d8054942ac71ef06b6e05ec6ac84242d3cd
GWA-T-12-Rnd,rnd/2013-7/414.csv,1044139,f6d0e2eb3bd8086280421892c3ae84d2cdcc1d3221179f5ba2fcba9e8aef8256
GWA-T-12-Rnd,rnd/2013-7/415.csv,1290101,319effdddaad1ea1d440a112fdff8b71f6902399690409e554e2d1ce86519853
GWA-T-12-Rnd,rnd/2013-7/416.csv,1206588,72323c760242e260f7e12c1553555d7c53821d2c34599a241bb336e2f9399db3
GWA-T-12-Rnd,rnd/2013-7/417.csv,1194522,601aff7abcf7324fff17b19f8deb82c9f0a9e959ef56ba53873e9e0caea993ce
GWA-T-12-Rnd,rnd/2013-7/418.csv,951362,339cbaa2f703e20c109ea262d9f0ec1522e39bba2470ab0ab96a24efe623d2f9
GWA-T-12-Rnd,rnd/2013-7/419.csv,1162662,c1aec91f7e616bd5386c4029b6667af463f2c37eb77f5edbad3e44fa42e6a3d5
GWA-T-12-Rnd,rnd/2013-7/42.csv,1029874,68abcb51f7813b8fc7f018ad7f72299ef96654f198d5dbd81e7811649ee5b9db
GWA-T-12-Rnd,rnd/2013-7/420.csv,1179962,07218ebe2e6eba2b7505ca3f2d7eeca4aa7899b4246bee79ccecb392eaac8266
GWA-T-12-Rnd,rnd/2013-7/421.csv,1197575,689e57f67e229b6048638e5d86081cb9bb7804bd247bc300f3439c142e745807
GWA-T-12-Rnd,rnd/2013-7/422.csv,610626,56657122b3c8b1319159e73b75bb9a3e98bfbc5d1edc7831051ade1659e402bb
GWA-T-12-Rnd,rnd/2013-7/423.csv,886798,e0441bd32e0138664dc6f914eeebddff7abcfa577701bcdd91d0ae666746b0be
GWA-T-12-Rnd,rnd/2013-7/424.csv,879374,996803eda205cee7a893c454cb8a88a672dc87d35594e863a9dce9c058c6d76d
GWA-T-12-Rnd,rnd/2013-7/425.csv,681258,4d9dfe91a2193ca895e33a67d1c3a7a2993953032fe05b2b732c6584512c6313
GWA-T-12-Rnd,rnd/2013-7/426.csv,1051807,86d1ee37538f070fb376666145883984673d124518ad27eb33b20f9e88e62fbd
GWA-T-12-Rnd,rnd/2013-7/427.csv,630113,c3d1032dfb937da7dfea92c70430e6d645064400b6586537e985d7641af6619d
GWA-T-12-Rnd,rnd/2013-7/428.csv,1030290,33672e0fc36399d6a2aedf5ab984d1e90e99159daaa04d29f09841efe7142ee9
GWA-T-12-Rnd,rnd/2013-7/429.csv,883160,2ef5477746dc39fc17ca91a3cc9cfa71223a99067ebd53732b7dba0f259f5a12
GWA-T-12-Rnd,rnd/2013-7/43.csv,1035389,5211d70fba545111a21a1ec7f75e55d2dd2c7035a8c192abc2ada8310742b246
GWA-T-12-Rnd,rnd/2013-7/430.csv,1080414,acb7a5fdcbe4f9f744e0de267ffc98dce9e274ad278480ee159d232f257e33cd
GWA-T-12-Rnd,rnd/2013-7/431.csv,912115,6a679339c5e20210f01a27fd6e1518d05118550cb68c8cd0507d1d4f5c5174d5
GWA-T-12-Rnd,rnd/2013-7/432.csv,1038875,997197e8d2efe4bbded14989c003d02652585c616829a155cd20fe2a7af78a4e
GWA-T-12-Rnd,rnd/2013-7/433.csv,1049220,5538a9cc511cce510c757116993f43a463d056bd54de579a05ca605d46d64690
GWA-T-12-Rnd,rnd/2013-7/434.csv,1029114,ef26f555436c03b4b7fb18315ec7c29d5223001d8ea31cd200a1721ef6f2d845
GWA-T-12-Rnd,rnd/2013-7/435.csv,582866,aea09ef7f7283f8d2b07febe8ce0cc42917131e1866974309b442119c5c714de
GWA-T-12-Rnd,rnd/2013-7/436.csv,1090575,43d0385b759f79935d04d67259ab9bcc93f6a924b77bbf0bddc7c8c861c1d06b
GWA-T-12-Rnd,rnd/2013-7/437.csv,1042686,27e12984c92505fd635df7e44fca72a280932ea585fa761d4d3dde2aba94a581
GWA-T-12-Rnd,rnd/2013-7/438.csv,880373,529eb501c03b39a5d7a93c80d418024578e0fdbf3ee5acbdc97806a31b759dbf
GWA-T-12-Rnd,rnd/2013-7/439.csv,922477,783f0f58a06cc5d1f4d535318141db039ff4ef390ddd117643657683be042eff
GWA-T-12-Rnd,rnd/2013-7/44.csv,960933,4fbd127d75f0dc9e76c57ea9ee646d748b0381f2a1c66810d628f69080da4a44
GWA-T-12-Rnd,rnd/2013-7/440.csv,1078114,c1bce7f55a98fb8ce4e76d36b49fb62f6f5a12edb031bc1df3c27c7b2e217954
GWA-T-12-Rnd,rnd/2013-7/441.csv,247745,b5a919d2455a3494a94d910ca9f969707f4bca946318a070dffb433e50e51667
GWA-T-12-Rnd,rnd/2013-7/442.csv,928686,f0da7d493975943500c36648c157b7e28d5a063cb358ec4073043d2d2c11ffaa
GWA-T-12-Rnd,rnd/2013-7/443.csv,933152,f5ebe444db60a7218fb14f156d2deade5ded26a31045249a5b48b8c9d3a6ea9f
GWA-T-12-Rnd,rnd/2013-7/444.csv,52188,db304a5cbb29de56e712ce27972792d59bad2d5625d9da60b0be01d38911b53e
GWA-T-12-Rnd,rnd/2013-7/445.csv,424627,10caed039071ba26778897a9914c568dcc9fa49b207c2feb5eabe3f6789e1011
GWA-T-12-Rnd,rnd/2013-7/446.csv,1092212,d6fe1f553aa780de64c61d7d72c65712383e51013db8880e28963b92cbf1c0bd
GWA-T-12-Rnd,rnd/2013-7/447.csv,48497,b90000fe9ce4d339e92566d066f821f960fcd887fef7d2169ce03c7e6bc4f511
GWA-T-12-Rnd,rnd/2013-7/448.csv,428746,5f6f6d1466dbe20f802019ebae34e8bf555952184f0e5d86d366bcdc83d6d368
GWA-T-12-Rnd,rnd/2013-7/449.csv,1061258,6b81710493f231b1393340226a5772146a37c13abf020624f7911ea414ae5550
GWA-T-12-Rnd,rnd/2013-7/45.csv,957620,317281da5c79a2c371557a9e707263f57d0acf1e21b3c60415957a2d09449b7f
GWA-T-12-Rnd,rnd/2013-7/450.csv,905015,14a263b81f438040eba8d367df5f1d02a74c23a027714b995588ad5ec17b3f47
GWA-T-12-Rnd,rnd/2013-7/451.csv,1095440,757a2eca0dfe64d9ae591c04bb64b3c7a1ac8978f3ee9078991776d026b0cbf0
GWA-T-12-Rnd,rnd/2013-7/452.csv,1016709,b94e51aacc9e5d171a6e65c587848d6dfa4f963bc76fb97842f9d40f1156c780
GWA-T-12-Rnd,rnd/2013-7/453.csv,1049717,9aec036a31c2889242ab1806ef4f5df95dbc8fc9d6d72ba9e6c73022059caae1
GWA-T-12-Rnd,rnd/2013-7/454.csv,892805,e2a16381a7515ac740b1b34011ee99857fa730c4f91c7e88063d4a5a75c9574d
GWA-T-12-Rnd,rnd/2013-7/455.csv,879968,1012c66d1ff63fc020065852915e85da1f6ebceda2f48fa87858049ad653fb7d
GWA-T-12-Rnd,rnd/2013-7/456.csv,885130,14fafa483ae2e8f36c3b39a6430b4cbdd7e6814928c234318b0b93a0270cb157
GWA-T-12-Rnd,rnd/2013-7/457.csv,925847,51eb9b300882ce88479e3a10fc7256beb538312ec50493d0408974aff7d0a7e1
GWA-T-12-Rnd,rnd/2013-7/458.csv,879937,0c0f51bfaf3a265f0d2f1a4b75ab5053583af149d29c783479cc51d16926450b
GWA-T-12-Rnd,rnd/2013-7/459.csv,888089,1b7d14a4d05bc84cdee1acd60a451053ad60d8ff6706541a5fcb5b08d08f0835
GWA-T-12-Rnd,rnd/2013-7/46.csv,957718,71cd91e30d31875a561e6ca4a85d429e83f8305c89fe89c0b34efd04642da0fa
GWA-T-12-Rnd,rnd/2013-7/460.csv,949637,c16aaa14f2b2dac518299245d5cc70df217d20eee660fc0d52fad6a8fb158a00
GWA-T-12-Rnd,rnd/2013-7/461.csv,1028653,26794ac5c2642f66f600acf43cfadd9714e4e71196f5ec9f717efa6dd94f4ce7
GWA-T-12-Rnd,rnd/2013-7/462.csv,1065169,2cf07255c5dcb05b9fd3aae540476b3d62aae7d55649244662fd7f60e69e5112
GWA-T-12-Rnd,rnd/2013-7/463.csv,606822,887b465ef42346f91fc3215da9068362726eb396ff35c608d4d94462d3d12a9f
GWA-T-12-Rnd,rnd/2013-7/464.csv,886356,88efb8c91a817296b0324838586a0b60e8bb8dcca09e3c8e43feb60090c47f56
GWA-T-12-Rnd,rnd/2013-7/465.csv,1088163,1ef390eb4d8a07271ac845b1764fd2a1ba2ddc61024c394fe0e2b31c41cf6773
GWA-T-12-Rnd,rnd/2013-7/466.csv,1049911,ea5a70f4e9f943588912297df1deee1629d53ee40fb1d327cc30d8b290d0e9d3
GWA-T-12-Rnd,rnd/2013-7/467.csv,1058177,04434ca0632c3431a4d64e7f0ea5543fac4565441a562304f963baf33cb84b59
GWA-T-12-Rnd,rnd/2013-7/468.csv,1077004,eae7e9bb2263a62566edc758d9cc104b45d8ad9aeb50569e683bdff0a81a9e2c
GWA-T-12-Rnd,rnd/2013-7/469.csv,1034792,48ec155895db7c4ab6f1accbffe72d57f153e1c262624369daf5daee4d43af6f
GWA-T-12-Rnd,rnd/2013-7/47.csv,960625,c27d7d05852a0b11533c3d419ce2dc9132a6f96a5e279514aad9ec9ce1d80e6c
GWA-T-12-Rnd,rnd/2013-7/470.csv,1090213,61a6f005be633dd1c694f3507844416aa5b6c5a519e79cac1b8ff9b16cc6d28c
GWA-T-12-Rnd,rnd/2013-7/471.csv,927827,65eb99bd9f636b761b428942b7dd6d9c20cfd363059924f2759c9b48bf758e9b
GWA-T-12-Rnd,rnd/2013-7/472.csv,886806,4b35d88ffe9f0c2d6ab32bab2370e984253ec655ea86e8bcb4507e31f1c898dc
GWA-T-12-Rnd,rnd/2013-7/473.csv,872525,ede697e25a73dac77aad81b4d4fbcf1322eee07617139b78f99b74e4c26a214c
GWA-T-12-Rnd,rnd/2013-7/474.csv,1124910,cae5c349a0ecff7c1ca1a9fbdaa6c1e3c110a311ebc8421f447cc3ee08c033a9
GWA-T-12-Rnd,rnd/2013-7/475.csv,890166,0b6c2661847250763b03ab3c25c9c8a07d668b2aa938904201a5f892e4707ffe
GWA-T-12-Rnd,rnd/2013-7/476.csv,911989,24dce4e3a98d11154186e11b1bd50c09938d67595e2bb25590a6ff1a00898f9c
GWA-T-12-Rnd,rnd/2013-7/477.csv,1050768,b6c0a4ed5d5f0f5f20be8d5bd4926c916340a178fa477591110c343d8ae849fa
GWA-T-12-Rnd,rnd/2013-7/478.csv,901846,47b4cd62cd3eac6d3be466f0abf975c953c3be6ce4d370cf54220cbf7071c265
GWA-T-12-Rnd,rnd/2013-7/479.csv,882110,7e40e96fe6a0f068a0b9c5a34496f3bb3df703a228ab9b5ba79c294494dc793f
GWA-T-12-Rnd,rnd/2013-7/48.csv,960046,fb76ee38bddd8ac1e5d7bc0413598310add8493925e1729938554d27e8e14fe8
GWA-T-12-Rnd,rnd/2013-7/480.csv,984100,7e15308ed259f2fdf687f0befa63704bbe0dce2ef948c9da1d1a19b655c86cbb
GWA-T-12-Rnd,rnd/2013-7/481.csv,679355,5ec945339ac560b7a4a694d5c75c2cccc9b80184f744b04afa1ea1f35ec4c57c
GWA-T-12-Rnd,rnd/2013-7/482.csv,922534,506865934d6eb2347e9666319a2e4d44c8b41f072e2528418c906257b9a90fee
GWA-T-12-Rnd,rnd/2013-7/483.csv,1046159,d445a2051faa0f8b77b52f1e049d25d6efe8ac6f6e9fe280483d7415a4416782
GWA-T-12-Rnd,rnd/2013-7/484.csv,874779,3d5c5d660ef738458614c1d572520be1b8a2954e840a261f74aa1558013316a3
GWA-T-12-Rnd,rnd/2013-7/485.csv,742927,175a2900d010be78d8786b10501c027449304b556d28ac5b6a36732224480496
GWA-T-12-Rnd,rnd/2013-7/486.csv,807564,ffb674791bb0a923de72e0dbc6b2939e43a6e18f51cbb124d520cbfcde8f19ba
GWA-T-12-Rnd,rnd/2013-7/487.csv,957629,4ba001045cd83fe0798357aaa6a1a89c5e28611e7813a06a257fe1a42f01a8d7
GWA-T-12-Rnd,rnd/2013-7/488.csv,1124657,e6d25c61bf62ef25367294bd420460fe0241fd59413d015240359f0774668045
GWA-T-12-Rnd,rnd/2013-7/489.csv,1067246,838731b466ca7f63d99c084b91ba21c19b125158fb121b2364d711d89f7827f0
GWA-T-12-Rnd,rnd/2013-7/49.csv,950512,30d305b94b3051cb24cbe10c9880357c76ee9fd5dfbc204cb0870f4d1eb707fe
GWA-T-12-Rnd,rnd/2013-7/490.csv,668934,17650a0507b7cd8cc9241c64585d9b706a0a096cac4c72a145ab1d329770ae65
GWA-T-12-Rnd,rnd/2013-7/491.csv,828896,1287833370bb8c89b72e93ff1fbaec734017df180ba3ea439a8e980ed3a34c13
GWA-T-12-Rnd,rnd/2013-7/492.csv,895076,7487baf722a75593cd06ba95cd5de0e674edec9b4f199eb2902363017323c79a
GWA-T-12-Rnd,rnd/2013-7/493.csv,1096066,2fdbf1c6d2141f35a53b0eb6215eac16f95e53c7494993594bd20239892dadce
GWA-T-12-Rnd,rnd/2013-7/494.csv,1078542,e0464838b0d29e5b42821576d39c27853260e88a0fb3317faf9e065514e7c75a
GWA-T-12-Rnd,rnd/2013-7/495.csv,1100742,e29f6b981647176664262ed6ae17f47c23ebdb4e77c745bd6ac8c3f29063dd1d
GWA-T-12-Rnd,rnd/2013-7/496.csv,1076524,244094c0315ae50669b81de77072cba7608e7e110502636f0999a05501a878f7
GWA-T-12-Rnd,rnd/2013-7/497.csv,1082995,2e70def3bb6659208be08c765087401ee7a102b90476802c32267b5b5cb1fb36
GWA-T-12-Rnd,rnd/2013-7/498.csv,1127886,b4d513b2d71cc762bec1d4f9b317d1590c1261971aa1d38791257688a6c5953b
GWA-T-12-Rnd,rnd/2013-7/499.csv,882098,1d73a070ca5bd923835744ed73e744eb46df046bdf2e9dd1ab64a5a6ed9f7cd6
GWA-T-12-Rnd,rnd/2013-7/5.csv,990511,d9e4b7d9b05f0bc9729e0a9fa15ddccc94936abe938e81a5f16cdf817afbda1c
GWA-T-12-Rnd,rnd/2013-7/50.csv,963557,796cda520abdce86b02efd0f69d052d54dbf669d232b6dbd105e5ae735ccbaea
GWA-T-12-Rnd,rnd/2013-7/500.csv,1131485,2e0b69f3ab4ffeeb6a3706a6e3ccbb17de778d7440b3eda7bb79076ad9f7b46f
GWA-T-12-Rnd,rnd/2013-7/51.csv,965879,ef0eaee8a8e65c8eb592fe4b89ad1ff6e90a88e3a3b30edcbe2e2a8ce612c638
GWA-T-12-Rnd,rnd/2013-7/52.csv,959854,ab01cbd7946827996dce26a6f34ce24682fcea7bd8a8e26b722edda1d0abbca0
GWA-T-12-Rnd,rnd/2013-7/53.csv,945075,bb8f901c91c4e819c9291a895856ff06e7b082ca3b97387bc9995421c4d66234
GWA-T-12-Rnd,rnd/2013-7/54.csv,1221998,a767470400b5338a6208fed539d530b6c7adda2f64a72f32ddf541b30b7e5436
GWA-T-12-Rnd,rnd/2013-7/55.csv,1003753,5c4c3e6c05a167ba8809229817167365bfe4fe1890d31a9c1c9fbeec008db453
GWA-T-12-Rnd,rnd/2013-7/56.csv,984875,93777f62ed8352877e6b45cb16936f430e9e51fd2b44d6c711bdb0ec9796b3ff
GWA-T-12-Rnd,rnd/2013-7/57.csv,984132,38c3d7f5ba152527b0d398209fa2395eac7af8306c617426601f47d7421ee80e
GWA-T-12-Rnd,rnd/2013-7/58.csv,978909,6cf869b4c62cabed71b6b5c92675007318fe57a3cac2c209f23f3e68d0864d43
GWA-T-12-Rnd,rnd/2013-7/59.csv,989541,95b4c83f077a99b22f37e197aa9742a6f950176e36e2e47a5fefdb9bfebc2d3b
GWA-T-12-Rnd,rnd/2013-7/6.csv,807503,8b42c0c9bd0aadd4a2c5c23c4556d73df62da7b0b9d2d17b6366a2a07978c923
GWA-T-12-Rnd,rnd/2013-7/60.csv,1011031,3d816f3a53459050f9e3f5fb19a829368ca5882cc011af4943569d6a02beec2b
GWA-T-12-Rnd,rnd/2013-7/61.csv,1009744,4649378b021bd62e01c0144597c778f1c9ff6802b99365b6dd1af78ae7f6dcbb
GWA-T-12-Rnd,rnd/2013-7/62.csv,1016430,4c42280e1eaacadb798b4f54d0fc3077fcb3e35b3c761ed96340492086e3c16d
GWA-T-12-Rnd,rnd/2013-7/63.csv,1021295,ff8a644ebaa8e0252990432d7959d09313dfbbe30c54625c2643d576c40e34ff
GWA-T-12-Rnd,rnd/2013-7/64.csv,1006251,fb2d59cb83a8908e8f394e28000a9fe3dcd52972800162572d896e111e52829b
GWA-T-12-Rnd,rnd/2013-7/65.csv,1029410,794c106408c85d8e9e74f3deb51e241946098027aba91652cfdcd1c35269086d
GWA-T-12-Rnd,rnd/2013-7/66.csv,1007427,7c4576298ae285c8ad77d1e8c0535cf94d7bb5fd4a5d30d29a88934bab7f51ac
GWA-T-12-Rnd,rnd/2013-7/67.csv,998825,7106094c44909048e79d9c5987a009df0d79264bd48f57c96ae882a98188db63
GWA-T-12-Rnd,rnd/2013-7/68.csv,986787,66db66c556ba02045bcb2366b2a1b170f40df049f0466171fbc1b72404aebfcd
GWA-T-12-Rnd,rnd/2013-7/69.csv,999138,41618a32ab27ddddff1c5ebea90bd8cbabd715e593a99df265d0b21248228dec
GWA-T-12-Rnd,rnd/2013-7/7.csv,1185331,2c48a1cdf9571a8a1c9e55fd3ae344e9491fddad46c426d25485cb4bc0b90411
GWA-T-12-Rnd,rnd/2013-7/70.csv,986098,82a9c76e6a5a9d8d3ac0cd31ad7eba9b5e74046bef88f155d304ab195375482d
GWA-T-12-Rnd,rnd/2013-7/71.csv,994848,28f2e4fffefbb6be197d3de441bdf176d7718767b3396b80666310c8b1cbead7
GWA-T-12-Rnd,rnd/2013-7/72.csv,1004548,62b689c04b8d0bf690752bc02b964d25d81e228edce29b979962888d0532c2dd
GWA-T-12-Rnd,rnd/2013-7/73.csv,990439,d7979194b1d542a12d16a9e561e2f89df2adf86e0fd80aa96b058c3c8d15fd33
GWA-T-12-Rnd,rnd/2013-7/74.csv,992157,e8f8282be8c87d2bdaf67699caa5fb642a61e49ce18275c0bb325386bea9786c
GWA-T-12-Rnd,rnd/2013-7/75.csv,977867,610165b61d2cefb639071f149bfbe5e820ed7c50e29cb50aec045570902d2375
GWA-T-12-Rnd,rnd/2013-7/76.csv,1001401,fe590bcb8929172d1d7c93f6f009e82e204ca30daf2b8462dc4669f24218188e
GWA-T-12-Rnd,rnd/2013-7/77.csv,974924,6aa31172a2f6b4e8ff22afd283e006ce2e56627590226a0f5c1eb5287f79b5f7
GWA-T-12-Rnd,rnd/2013-7/78.csv,993489,02f06ddc1cad7b394a465cd711fe6ee98ff2ba2bbb59c5a9d8f7b3e689f43fec
GWA-T-12-Rnd,rnd/2013-7/79.csv,988074,7304e129aad52f6324a3d84037672ff241b87453c4e137fce4fcc16738e8bb2f
GWA-T-12-Rnd,rnd/2013-7/8.csv,1125323,be4642baaed1221b0c31ab492404c8bc4ce03fe61cf5ba9a808104ea912ff5bb
GWA-T-12-Rnd,rnd/2013-7/80.csv,1005546,4dc7a68d957c8e91ff72272e916b461af64faf1f875658e13e9a4ac576350093
GWA-T-12-Rnd,rnd/2013-7/81.csv,1023506,a47cfec956ced8958e98eaec82a6d92456f8f6a7b087487de9c70dec54516f8e
GWA-T-12-Rnd,rnd/2013-7/82.csv,199035,d1eae10a48c8312ea214c412c928808242e9bff7d9ac990950f040c4ca7649c2
GWA-T-12-Rnd,rnd/2013-7/83.csv,1047099,80c56502a4e9772e18fa80edfa860986e7fa5eccfd6975d428234313fdc0939a
GWA-T-12-Rnd,rnd/2013-7/84.csv,1010430,1cac82a933677dfc5b496152c238f7be03aba49270626cc048aad3ac0e75d0c4
GWA-T-12-Rnd,rnd/2013-7/85.csv,1088107,0dbe57018dc6edc36e76ddc816d6a42afd71809ab6da6ab0a2b3b90e7548d599
GWA-T-12-Rnd,rnd/2013-7/86.csv,1085426,4f1c4858ab2156f0e5d9a09232ebfc0ca066a61163e5bae88477b68c7d8070ef
GWA-T-12-Rnd,rnd/2013-7/87.csv,938068,19ce8e087643d323093e3812cf9864692a6d2c90e0eaeefa3472afcd1d332d5f
GWA-T-12-Rnd,rnd/2013-7/88.csv,954731,4957c478f28f1e3753eb3e80de7ddea5244c752d467929f967a73435e806409e
GWA-T-12-Rnd,rnd/2013-7/89.csv,1248401,4bbe6c16723a20b9b649196a5cd4f6f544f3442a894425ef0a4625eb6c6d7830
GWA-T-12-Rnd,rnd/2013-7/9.csv,1126174,c9eda9803a5f65c313e0452df271634b85c4caa549cc1c2005d9a33a90acee74
GWA-T-12-Rnd,rnd/2013-7/90.csv,1069514,15375916e2ded46f5c33b202312f475d8d9b53dc925db98fa936c9bb8e3c44fa
GWA-T-12-Rnd,rnd/2013-7/91.csv,970555,977bf6a6df6dfbe4446c3f950ff5ad4838efb6abe8de3a0244098528234ffae4
GWA-T-12-Rnd,rnd/2013-7/92.csv,971127,52f53062b9c1ba760fb4059f2a3769682cc48f67cc3d79b003afc406f46ec149
GWA-T-12-Rnd,rnd/2013-7/93.csv,1227569,b33db5140ba2dc4bcd009c9359177a70ada42e2819b5d9918cd2be7d9aa73e0a
GWA-T-12-Rnd,rnd/2013-7/94.csv,1155069,abdc746bb1cd174c141799e2fa0827c89ae264a4a98b300bde501ac9045c1d64
GWA-T-12-Rnd,rnd/2013-7/95.csv,1150024,7b0a1ef70cdcdf0a6e00ba695ff1946b0892f45818330a67e4681589cabce010
GWA-T-12-Rnd,rnd/2013-7/96.csv,1149961,2d4771a647ca19d788b2e961cc9a1268d92aae07150996dfbd945e31a4256d74
GWA-T-12-Rnd,rnd/2013-7/97.csv,1081394,7ee7f46a96238e292922c8e1363caf413f02504ecd86956bf5769a337ad60fb9
GWA-T-12-Rnd,rnd/2013-7/98.csv,999964,7a893de0fd883599cf9aa03658cd390dcde4df45a9f08875c5f4d7cd41418504
GWA-T-12-Rnd,rnd/2013-7/99.csv,1005495,153ac47dcf7e298bccace7bb0497e2d709177f0540d38363a31ee1fdd243f43d
GWA-T-12-Rnd,rnd/2013-8/1.csv,902032,a4ea4faaafa270a48119fb7969925012736cc599fbd33a49dc950d90f2de61fb
GWA-T-12-Rnd,rnd/2013-8/10.csv,1201044,e9942346926aa96c60655b07d06b682ef3e1299af81c8dad4562dbbe0bd7a427
GWA-T-12-Rnd,rnd/2013-8/100.csv,1024632,3f87cb9e8f342a3bb243d319f8eccfa0bebf6cee4e00f8ec922d5a6452618a07
GWA-T-12-Rnd,rnd/2013-8/101.csv,1022930,cc192f77e6d6cb0c37acfc48d982f117ebfc209a92a9e1849376d164fc2efc9b
GWA-T-12-Rnd,rnd/2013-8/102.csv,1084334,3bbe2955450191431e18f9be203a70e7d4549833ea868fb32aa85bbb5baba0e3
GWA-T-12-Rnd,rnd/2013-8/103.csv,1085087,0864ccba8778791cacc709213fec40b56b8840948a401b41e7852631732756ef
GWA-T-12-Rnd,rnd/2013-8/104.csv,1063912,c40ff725097b935c1894c572b3e02cce63f53ef30a827b8f6b20bb78514a9b95
GWA-T-12-Rnd,rnd/2013-8/105.csv,1085867,6d7f107aac5536416de0eb5847c6f9b3c3fa9a0045bc5bad48a94ed5487143b5
GWA-T-12-Rnd,rnd/2013-8/106.csv,1083398,bd1c079eb3394a44af10034c812134ca318739249304f5966ab190d85670b74c
GWA-T-12-Rnd,rnd/2013-8/107.csv,1081020,681a25d9ca62266210720fbe42c9a150766aec4edd841602576f323db0f75060
GWA-T-12-Rnd,rnd/2013-8/108.csv,1093117,8518fa68a82e8087fd28f417ca834445c616f57333d93472c91e3472629c91eb
GWA-T-12-Rnd,rnd/2013-8/109.csv,1101944,62dfae849c681d94309a0cfb27ad4b9623b79759f906cd53b2196ec8ac4f91e9
GWA-T-12-Rnd,rnd/2013-8/11.csv,1233999,fcd3b56548ab2d7f59962848277069d76ce3cfb43bade1ee09523f705f8ddc92
GWA-T-12-Rnd,rnd/2013-8/110.csv,1120689,4e07357acbd2e361dbbc5d47133b0f84e8ee10b8c2d834d2936baa4d484c74f9
GWA-T-12-Rnd,rnd/2013-8/111.csv,1121630,8e08fa68f5573d27c7a8b92f99c94ed8dcb52d44dfaadfa4c59d59028aa4657b
GWA-T-12-Rnd,rnd/2013-8/112.csv,1090978,1ca61a5acdcd717acca7cfc842ec036a5486a956b22834b4f9388796393b0694
GWA-T-12-Rnd,rnd/2013-8/113.csv,1099391,a169a0357ab3b0f24a9b73954bb467f415ffe81b54466d95bc3198b391d4cb78
GWA-T-12-Rnd,rnd/2013-8/114.csv,1061689,6600ca955ee188fa90cb60d4b09d9776f7012b35d3750472ea73fafbb19dc52d
GWA-T-12-Rnd,rnd/2013-8/115.csv,1060375,169fd84946e425ab21cd1c4d795352878d877d2d1b33c98303950094abd4143c
GWA-T-12-Rnd,rnd/2013-8/116.csv,1023509,9adf9d78f7480a63ccec477b33038cca089cfe299dba6dc5e3971bbdeb988fe3
GWA-T-12-Rnd,rnd/2013-8/117.csv,1040913,c31a230b9e6600237d8aa3646e703a570a816ab8b8bb5823b8312fa5e3c445c7
GWA-T-12-Rnd,rnd/2013-8/118.csv,1057057,147b832b3876f38fcca2b918a2acad216122786dfa1d70465a777159123e0911
GWA-T-12-Rnd,rnd/2013-8/119.csv,1049279,733618e151f1aeab33dddc06509836afd7f119e6d5a0eee57d98a5e761cc3547
GWA-T-12-Rnd,rnd/2013-8/12.csv,1143821,8601444e11ff6674a0b003f1fff2566c7f5594a241da70e1f175db7a6999cb32
GWA-T-12-Rnd,rnd/2013-8/120.csv,1050131,c7445b22dd8b85c93326526d891b2bfcf946476321869bffcbe64f07e7043e8b
GWA-T-12-Rnd,rnd/2013-8/121.csv,1053419,d05ca6d4dc85935864a673f3dece2ed9ff7ca3a4b4c85c5429cca3d2cfa9a089
GWA-T-12-Rnd,rnd/2013-8/122.csv,895844,036f96453c6f6e61ca2f257a2fb0f92120b424a9a92b457b401557932bac71d4
GWA-T-12-Rnd,rnd/2013-8/123.csv,890119,e587753f533cfc4bfea330e0a947d7e3aeaa04cce237fd4fe2c716fcb70b52ad
GWA-T-12-Rnd,rnd/2013-8/124.csv,896897,2479a379487e00655e2ee345f664b5c67ad4f0fb788918cbb3456b04b3cb602f
GWA-T-12-Rnd,rnd/2013-8/125.csv,896849,18062bee80ffaefb59f2bbf0c0c6be976ab21e9888d1339f817c2266e768bdbf
GWA-T-12-Rnd,rnd/2013-8/126.csv,888325,b77f51249e3db8fa79ead316cabb43d4b0fee7975c300bd27837a145291e3339
GWA-T-12-Rnd,rnd/2013-8/127.csv,905583,4c26e8b2da61cc02964aa8a384cb095c50a5aff44818ace2a9e39123d977123b
GWA-T-12-Rnd,rnd/2013-8/128.csv,1064514,cfa7a1064b719cd160d04ccf86d0d722919beaa7b52076c6dfcad6f5024e9a33
GWA-T-12-Rnd,rnd/2013-8/129.csv,1056786,0f2f29686e583c8130275a835eadfb7b4d7d89eee187f8d53dad1d56ff2ae3f0
GWA-T-12-Rnd,rnd/2013-8/13.csv,1158515,9d0dc3130928848f77a516900373f8bc209fedbfa5a3439c31ac4396bc39f7a9
GWA-T-12-Rnd,rnd/2013-8/130.csv,1082301,2d8de6b1e280036a0c2e1c11283fb00ece594e6c0bd4b9a7c388267cf9e35ade
GWA-T-12-Rnd,rnd/2013-8/131.csv,1055550,a85042c026d19dac09b6c4a3b69c4f7feb88351b2a5e0c4487cccfde848c3496
GWA-T-12-Rnd,rnd/2013-8/132.csv,1055254,08cddafe6a769f20b33046713a7347f7e17108aa9365c93effa470f774f9f86f
GWA-T-12-Rnd,rnd/2013-8/133.csv,1069168,040aea9eca2f9e18d595f4c7c72203acd87130cdced73c7fb14a82dd5af4420f
GWA-T-12-Rnd,rnd/2013-8/134.csv,1056867,7c69bbadbabf93688fb350862c1da05bbfe8e6346841b333a4c3853faaff19ba
GWA-T-12-Rnd,rnd/2013-8/135.csv,1051913,63783f11979724f979642c6ec569ba17176e087f411d73a93e1544acb3d38bf5
GWA-T-12-Rnd,rnd/2013-8/136.csv,1056447,50c49aaa49aff840749b5d3b960a51ac5e852fbfd0f3433e2426f420a348abd5
GWA-T-12-Rnd,rnd/2013-8/137.csv,1038675,b972cabd157db008cad87267fc3ee31e1ef90ed50e27326c33511dacc2af27ec
GWA-T-12-Rnd,rnd/2013-8/138.csv,1055175,22f423bd83833fc24e50ba60eaf08fb54aa3f259888b198fdeac30b595c57291
GWA-T-12-Rnd,rnd/2013-8/139.csv,1033661,3fa5e91b076d004405fb776eff0f287d2e57ef92c81e68a6ee8cb4151c1e6ed4
GWA-T-12-Rnd,rnd/2013-8/14.csv,1145136,6c1c56e0420dca18829b61986eca782dc2c304effe04cffaa1da1d41342d9dbd
GWA-T-12-Rnd,rnd/2013-8/140.csv,1052656,f0fa3a06b420b29d3029f9e64847e7fa4fcc7a12939cffc2557003b3a18c81e9
GWA-T-12-Rnd,rnd/2013-8/141.csv,1060967,d4287537d6a26227a897d33ecf3a43670c63336b86241e2b0f97be889e91e5e7
GWA-T-12-Rnd,rnd/2013-8/142.csv,1049319,036e762a59de3e9ca7887f64c873fffcfe2e616a4b4d0800e5aa3d15cb6e90bf
GWA-T-12-Rnd,rnd/2013-8/143.csv,1049952,f09b6e20f0200adc571863c9e52fd5e00d1f83afd3f7b6f046adfe2a10aed291
GWA-T-12-Rnd,rnd/2013-8/144.csv,1053049,e26b6a08446041f4fd51a6d2e87b5a88b269f942477855624c03c876d86ee61d
GWA-T-12-Rnd,rnd/2013-8/145.csv,1046501,4f83666d03b46bdfef920d3cdb2a2b8a0599f3432ac92f10fcdf415b9ee5d5cb
GWA-T-12-Rnd,rnd/2013-8/146.csv,1037807,ae46551fc7fd4cfab648e465f9a45264060bbea3d5c3116906420e8c47c74285
GWA-T-12-Rnd,rnd/2013-8/147.csv,1039881,dde3c5a9b68749c4b510328ca62b17423aae13765f1b105f51f7253557d997da
GWA-T-12-Rnd,rnd/2013-8/148.csv,1030435,fac52221c72f6f577034496c74adc7ce9c8386a270dcc99f8dd505255ea0f38c
GWA-T-12-Rnd,rnd/2013-8/149.csv,1056231,a8618b5e1011f39670ced35b3285beb9bd65c10cdd66909f1eb875724b9e4025
GWA-T-12-Rnd,rnd/2013-8/15.csv,1159895,d96221323fc3005a7c892708e4e82a41045dced1c4744e28a092656b3fa4e9a9
GWA-T-12-Rnd,rnd/2013-8/150.csv,1051395,107e754d2918445d6d4f01e76c7c3ac9fd21f19f7ad0e6dd63c7d4873ec2d2f2
GWA-T-12-Rnd,rnd/2013-8/151.csv,1051168,d5e669b2d0349c4ac8cd7e200cac8677b8f342ed41548562460b945783a61798
GWA-T-12-Rnd,rnd/2013-8/152.csv,1048345,7220ab9aa74646a3a3caeb377ada6f5b139689d9f9a7a0204c9a6cb103fd35e7
GWA-T-12-Rnd,rnd/2013-8/153.csv,1047051,d21624d06d14463b74221537e2a84105d5b744809b4db7dfa3b0b5fda457012e
GWA-T-12-Rnd,rnd/2013-8/154.csv,1049183,be9f52fe74f0d785910f7f8ee03297f02902f453c8816286da74a7a8a577516b
GWA-T-12-Rnd,rnd/2013-8/155.csv,1039383,6f705cd82a359c2a9471dae00ea09811674137c22d800792a245cd728891f1b4
GWA-T-12-Rnd,rnd/2013-8/156.csv,1040373,365d96bdcc88ce3773738308599ed0a71ec8d5c5cda73e2c6f37402f11432d88
GWA-T-12-Rnd,rnd/2013-8/157.csv,1054626,b00b484e5fc864c48b20505d71ab3032d4341de2d1e7f119e45cc059535ab48f
GWA-T-12-Rnd,rnd/2013-8/158.csv,1050600,63077d87b7cef8f187f665e91acf4294b48888d0d102fda199007154c825407b
GWA-T-12-Rnd,rnd/2013-8/159.csv,1068493,fde89237ad97c147ad614af3868258e521730da399312b96c01e136e7a1f48c8
GWA-T-12-Rnd,rnd/2013-8/16.csv,1100417,837dbf7b75f88d0262c08e6e352308e7843d608b7d8ba630eefab2b9ba90853e
GWA-T-12-Rnd,rnd/2013-8/160.csv,962120,1e9597ca0e58ba31d0fb7257d080930d047001ff507840bb7ffdc6ed8c12393e
GWA-T-12-Rnd,rnd/2013-8/161.csv,726151,3ef2eee5096499daad0a830cc7dbc8452835935a0369eccde9344592c5550e81
GWA-T-12-Rnd,rnd/2013-8/162.csv,884198,bdea9c15dab8759ece90ed4925144ea6dee6741b2deccd1b19c71fadeb332358
GWA-T-12-Rnd,rnd/2013-8/163.csv,1189662,b82c7f7651a10befe37d55773730959ca4a848679b7c902ee2b3ed00cc7d4da1
GWA-T-12-Rnd,rnd/2013-8/164.csv,981482,d7b07898064c92364d8d8eb4b91c7723b118257698a022719618317a651bd388
GWA-T-12-Rnd,rnd/2013-8/165.csv,873046,4e8cc81a108519a52075ccf762d4b0be41e79c294602cdad24fd60fb3358f7be
GWA-T-12-Rnd,rnd/2013-8/166.csv,922230,1b55af559764f0861f34550d5a3167d742671063f55cb065e5d04da5a0b5d2dd
GWA-T-12-Rnd,rnd/2013-8/167.csv,1136003,b45bab66ae9a676b7280a8bd0bd255f609373948651de023de9aae6c471e8921
GWA-T-12-Rnd,rnd/2013-8/168.csv,1138865,d7fbbb5a039b066f96622d191160b07ac878662d0c5318e42341ae7ecb0ca2d4
GWA-T-12-Rnd,rnd/2013-8/169.csv,798924,40a34d5cf333f29ef5e48aa0322a9f97fd92b90216077fffaf27524851b8308f
GWA-T-12-Rnd,rnd/2013-8/17.csv,1098828,12b4e4dbe4c1e19a7e6f0aef5b6571b019a79af27994dd5521ba8ade557ce2b0
GWA-T-12-Rnd,rnd/2013-8/170.csv,1100980,f916cae1172f24b61c8dbee3808bd750c7f15d97b97267fae57c94fa0d1bace0
GWA-T-12-Rnd,rnd/2013-8/171.csv,837778,66aff37f79ba3d634a3e6d5e9549b0bf5b565f6923f240b42ea3419594da53a8
GWA-T-12-Rnd,rnd/2013-8/172.csv,777538,642a34c2cb8176a2e4ec3d1131e40f8ca1b2e332cdf7e1d1da6a60d8803ce3f9
GWA-T-12-Rnd,rnd/2013-8/173.csv,778166,f6135219acdcd8265abac65cbc36acf8909145bf89f9565a9ce191610b676898
GWA-T-12-Rnd,rnd/2013-8/174.csv,770523,13f6a26ab354f3aceb5456a7e66c379d351632b84789ac946446c721964f84f8
GWA-T-12-Rnd,rnd/2013-8/175.csv,764731,2ce68c65c901294c90fea16578a334599f94def6333624060b689609114a8cf3
GWA-T-12-Rnd,rnd/2013-8/176.csv,758718,dbc9344a7eaf289d43b055a8a43a24709d8071f30a1180ae889b85a3f82f05bf
GWA-T-12-Rnd,rnd/2013-8/177.csv,1064181,36c4529d470fb80a4e78830f38c72c22bd4e560e1a7aa9182399426677708181
GWA-T-12-Rnd,rnd/2013-8/178.csv,715068,7f217dbbbd614dc68cefec5fd9260b3d8b5ef9e1ef95e2634b8761f31e3f0f84
GWA-T-12-Rnd,rnd/2013-8/179.csv,1049416,2e310ca8f0eef86828da48f43f8c5d149c3eb2e7af325b78aed901152558a034
GWA-T-12-Rnd,rnd/2013-8/18.csv,1027183,95fbce84a9205245854de94a3e3b59907d9dc547790fbee592102a11fa55a9f5
GWA-T-12-Rnd,rnd/2013-8/180.csv,817019,d15ecd304bea2bd503af531ef3d10fa68bcdeeb3d1bbb08aeef1fc22d7233d75
GWA-T-12-Rnd,rnd/2013-8/181.csv,1108038,01407ad7165517947c4d733774b6fb47b664f4540ee9181c68f45a767e0a7174
GWA-T-12-Rnd,rnd/2013-8/182.csv,1053751,e9e4e4c134432e6d076a784570d278dfaced9107c782b411eee119187a40dceb
GWA-T-12-Rnd,rnd/2013-8/183.csv,968610,64cd151189ceceffb0ee0a0e4874fbf88f757d404f484894ba029d8637137159
GWA-T-12-Rnd,rnd/2013-8/184.csv,808405,93bfdf6e4e982f3d2b4e5244f4e318ac48478bd335c900dc9c8317c5b9fb1752
GWA-T-12-Rnd,rnd/2013-8/185.csv,1060886,c78dbb8cde0ff6aed2587d3ad9c514b8c45ebd609e3040c028d80a5808c9d4eb
GWA-T-12-Rnd,rnd/2013-8/186.csv,1042326,fd1311448810da0b02473a6940531381c9d3163039fabde508f2af31448a7ab0
GWA-T-12-Rnd,rnd/2013-8/187.csv,978888,1688a2ab815e99c019c11b80a5a1e625fcf4107bcb36b40dbd29880d4d8093fd
GWA-T-12-Rnd,rnd/2013-8/188.csv,1168855,34fa4a43012b7372a542e0037a6ff64a01628dd82efffa0ca8be863bbea957ad
GWA-T-12-Rnd,rnd/2013-8/189.csv,985779,e68bb245ee431cea682d7dc3168b0f597703f8a5692d009d37646a92ddac05ca
GWA-T-12-Rnd,rnd/2013-8/19.csv,1075412,3d074a19c7d6a0f1eb8ad46bbf77ecc35d44d22f80a6ccb87096060b3d9db0cd
GWA-T-12-Rnd,rnd/2013-8/190.csv,650838,1d73e7248f632f050b2e029d8bc86f1c0e2e91eae29205a4f0a12c7c906cf759
GWA-T-12-Rnd,rnd/2013-8/191.csv,930356,1abfc7b05e07694da52c98aff0737b5e225ca0811a2b91bdc481c4eadb126fcb
GWA-T-12-Rnd,rnd/2013-8/192.csv,1103582,d1bd80daea7afa3da677f183901fa9538d0583b856c285d6271f74b9ce5e0ebe
GWA-T-12-Rnd,rnd/2013-8/193.csv,1055094,625f79705a26bfb38e85c92a1a847c68f654d3148636aea860299b7212b0a410
GWA-T-12-Rnd,rnd/2013-8/194.csv,1058707,a51e142e0390be6dcb5b3d1b7c0f597db1c4e79948a41bdbc816101c26f7a1e2
GWA-T-12-Rnd,rnd/2013-8/195.csv,1053676,5c9c35a629828302f8ba41056d38af0979e3fcef245232e22bf8823bcfb989a0
GWA-T-12-Rnd,rnd/2013-8/196.csv,1054016,4cbce2dc189b90c2a66ec056dfdd2cc2d3577c5d918b9a0711b9239c004e8ab3
GWA-T-12-Rnd,rnd/2013-8/197.csv,1048623,f82fdf64c1a08bf0de4e5435e4c255883451f0c0918564b39a67213d5c706f6f
GWA-T-12-Rnd,rnd/2013-8/198.csv,1181963,e8ce5cff84e023b5b293cd08b026b3bb3ae28416ceb6e9322808d6db51567eda
GWA-T-12-Rnd,rnd/2013-8/199.csv,1076666,5999ecdbee3a9289e75d7e09f51f4daa8de36954a5529435eb83a527d6dd853c
GWA-T-12-Rnd,rnd/2013-8/2.csv,744928,da59a71aa40a2b297721fecabb178849725a4fd19ce2f33e79cc6b5b1b4ae45c
GWA-T-12-Rnd,rnd/2013-8/20.csv,1523054,dbfb00ee1228ad4ec5c1482f05d9a9c24d79f70b725b6842359897d8ba5b1563
GWA-T-12-Rnd,rnd/2013-8/200.csv,1073968,68bdeab54874e347df68e2206376f8f9940e984458ff3e745e0c52ef228b99cb
GWA-T-12-Rnd,rnd/2013-8/201.csv,1069275,7c3bd415a3a8a7c29dac62d4aa50e75075dd83084facf5ae44636106b03f5752
GWA-T-12-Rnd,rnd/2013-8/202.csv,750758,507fb71c7171f6bd1a766c29dfc56c40736b4b1373d7eaedcac71adb94788940
GWA-T-12-Rnd,rnd/2013-8/203.csv,1122731,bb38cd6364e0aa6c279262a1134a3cceee64332498248b24fa37f1591fc49494
GWA-T-12-Rnd,rnd/2013-8/204.csv,1152079,f7a7c8191a5d163c31b0f9074eed4b4c24aa65608bed2f4849f7bc4674f46e52
GWA-T-12-Rnd,rnd/2013-8/205.csv,1065338,d138578e9917cc78f1d90a74b99315b22440ef7b309d0835054b23a5db492866
GWA-T-12-Rnd,rnd/2013-8/206.csv,1041052,a46ddf767ea830181e2f3306b3615732c1d28a2b431cf827749bdf256a018987
GWA-T-12-Rnd,rnd/2013-8/207.csv,972112,102701b70a45bb6bff99f3116b72bf15ddee113ffcbdbb326bb36c003459bafe
GWA-T-12-Rnd,rnd/2013-8/208.csv,1029309,526e0129d8483c78d6a30b65c6333c3c208eec026edcfbce2fa2dd9ee9487396
GWA-T-12-Rnd,rnd/2013-8/209.csv,1124709,a5943400c659a9cf16c55f222f931e0736477f3ec2fc3765fee7312f7aea1cb3
GWA-T-12-Rnd,rnd/2013-8/21.csv,1055638,5d4f7a97d696285b009df81d8d470b7d21f288dc0bbe00bdfa18335ed52faf5b
GWA-T-12-Rnd,rnd/2013-8/210.csv,1115027,591931e38bcbe0e5033033a3002d8ead576fb5279a22cb4882528e53c106e3e4
GWA-T-12-Rnd,rnd/2013-8/211.csv,1133298,61b3cf378b24cd4aefdc3df59e79cb7ce713256ef3aeaf2fb7a640f150877a02
GWA-T-12-Rnd,rnd/2013-8/212.csv,1028870,28f0657ba409f4ef2e8b87ad1ae43246b011f4c75db64e84600c7dbf40f59dbd
GWA-T-12-Rnd,rnd/2013-8/213.csv,1020971,9760fdad6c0f97b57e9847f66612afe7e97fcd9c134b8903dae6d525e881405f
GWA-T-12-Rnd,rnd/2013-8/214.csv,753540,0d5c9a66d1b4706b5e7dbb165d750d311ed37277f7dbd9375b0b98565515badd
GWA-T-12-Rnd,rnd/2013-8/215.csv,885010,e9d327d27c61803f8e95d128d13e388610632c1ff94abade4cdedc1a7bfa2612
GWA-T-12-Rnd,rnd/2013-8/216.csv,972346,c18f4a7eaa444f8eee435754dc73621a05afb0aede2a307a5a4c909ca9270a1d
GWA-T-12-Rnd,rnd/2013-8/217.csv,1021319,3e0172f5cb0c1157d36d58b1efbea4251b278b8ea54a18385d396b2acaad592c
GWA-T-12-Rnd,rnd/2013-8/218.csv,1165132,353cbff2a8a317c712a63b3142921eb2ead21b0f6b628fccd7a525168881fc7b
GWA-T-12-Rnd,rnd/2013-8/219.csv,1240657,6aedf0ebae840ce251948bf022dffa6fc2155ba281ff8303283394853607a6e9
GWA-T-12-Rnd,rnd/2013-8/22.csv,1153443,dbfd197d7e49d854d18d928e6948cb8d3ebc3aa32a7f318d0dca90db93eab615
GWA-T-12-Rnd,rnd/2013-8/220.csv,1312340,17e1f7f1d16dec1c17fb3ecf93d26c48ca3a951989482a5d5666e3493f71c240
GWA-T-12-Rnd,rnd/2013-8/221.csv,775725,b7ba31df411f60e737598dfa3d63d47a66a93845d213eb0ba03e0ac5156d6330
GWA-T-12-Rnd,rnd/2013-8/222.csv,1140056,8649c094851f89dfa2b52d6f4289e0b55d32244a89853c11e47cc33238d6adde
GWA-T-12-Rnd,rnd/2013-8/223.csv,809940,9d8047ca43a9f7213d90e0a1bd9edd133249b25e6e949d5e31903b34314ab360
GWA-T-12-Rnd,rnd/2013-8/224.csv,895980,6a446b67d3a2b92084ab7bc3b635f5b0faa98391e8b56ec19f7a8b6a74f54174
GWA-T-12-Rnd,rnd/2013-8/225.csv,955280,deb78787864f52d49cdc0b8557a7db574ddcd86935cfbd5e8c7627459e528ab4
GWA-T-12-Rnd,rnd/2013-8/226.csv,1116348,7eb0d8d67f71aabf0e8bf8cf627e6e28cd98ec8c33f09977415f51737f28c235
GWA-T-12-Rnd,rnd/2013-8/227.csv,818487,bf92a17e2575fa25a01695d82b0c67620773589ac1924153179a4d4156b943bf
GWA-T-12-Rnd,rnd/2013-8/228.csv,1161145,167b0f5003740c3277399932d41ab1bc0239782ff63bddfb1a9eb83ef58f027e
GWA-T-12-Rnd,rnd/2013-8/229.csv,1093252,293a0b7812f4e19f9587edccf75fd552832282ec47618e5eb449c20e3787b3f2
GWA-T-12-Rnd,rnd/2013-8/23.csv,1057898,dc923140b156ccf16e55fa4411bb4e2b798e56c5f7de807cba6192f81ccfde10
GWA-T-12-Rnd,rnd/2013-8/230.csv,1120573,5459ab2fb793877520a84d428aeedfbed721e292f09612e026dd5c8797ee524f
GWA-T-12-Rnd,rnd/2013-8/231.csv,1195571,f3d40ac88fa021d71f6edca2d1ae8c29285d0becedcd44c248897cfd72f61ed7
GWA-T-12-Rnd,rnd/2013-8/232.csv,987911,786ae8fe44b57940789e595bf68e53d88830127731e114233d4725e0d4047edf
GWA-T-12-Rnd,rnd/2013-8/233.csv,1002682,0aa43e1235d2cf213096e4d469e489776e9837ccc3bce3b769472df2e077bf9e
GWA-T-12-Rnd,rnd/2013-8/234.csv,995995,c2642ce64aaba33a32d64b3b13e8a1ec140135a7c3ae605d2f4df3263093f2ab
GWA-T-12-Rnd,rnd/2013-8/235.csv,979827,7c9a7c4b74492452b51e39857831c3d94dd4994e834a29be84b897f6108c87b1
GWA-T-12-Rnd,rnd/2013-8/236.csv,1092540,356f72eb3e130c64c84f2b3fe0743166f12c2867ee6df6bbaed9b32e8396993a
GWA-T-12-Rnd,rnd/2013-8/237.csv,1286586,c5bd356af34c94efc3e807222bd423e633eba20d46649c5b411a3b7c4126118e
GWA-T-12-Rnd,rnd/2013-8/238.csv,665650,7bf7d731a0511c3ff53eeb533a83093fe86bafd0b1576a47399dfc366eeb4a5f
GWA-T-12-Rnd,rnd/2013-8/239.csv,906890,d1f6247bb996293c98f935b833a64e7df5e09c258843d921261d400a440d20d0
GWA-T-12-Rnd,rnd/2013-8/24.csv,1029191,5b4314b948aea838c967d27a9e05dae2b4fe21706c5df5a95b9845602146563e
GWA-T-12-Rnd,rnd/2013-8/240.csv,665337,db95ee8fc7880e843c6f224d1f5d3d48d0da99a792edc11bbd2f4f24f6bfc362
GWA-T-12-Rnd,rnd/2013-8/241.csv,1155402,a1dc0484946206865afa9966e684a93eb9a207f9f6eb0d147166191884636479
GWA-T-12-Rnd,rnd/2013-8/242.csv,1026898,3d645819c4c2ffb338d5ccc1d82c6950c10bbe84b218420dce5605ab5086bfd9
GWA-T-12-Rnd,rnd/2013-8/243.csv,1098900,f13835660e8673a1e215edcab6485d625ef46d215a226f8aed124901a575d00c
GWA-T-12-Rnd,rnd/2013-8/244.csv,1127828,c0c3739e0076b7b1485946c2e2d3b83d02cf0fc4638dad6948d4f576622d1deb
GWA-T-12-Rnd,rnd/2013-8/245.csv,1096172,22ebbbb72d2c0c52c2efa83a1ce066f31e2f7cbe8d735eaf7fa37b9bfce1b3c0
GWA-T-12-Rnd,rnd/2013-8/246.csv,1144729,1233bffad10d72ad69104a620bb0a878d2ed3a171c049abbb1baac05a49436ff
GWA-T-12-Rnd,rnd/2013-8/247.csv,1040596,967c772f72fd4a038139cab727cdd6711d778b6d1c95c28882eb4a8dbd997efd
GWA-T-12-Rnd,rnd/2013-8/248.csv,1110657,805e20935b013295d8c12fc49d3ac84273a07a17979c0f4089182813a9d8febc
GWA-T-12-Rnd,rnd/2013-8/249.csv,830186,e63c156fbc3af1fe0854ed8c37d0b01d3a314a690df0440bd97a23e96dd15449
GWA-T-12-Rnd,rnd/2013-8/25.csv,1046708,7aa1742f7c2e8c15fdab2ad4bed487224cdfb6693e250b938d32daa03a8a4fc5
GWA-T-12-Rnd,rnd/2013-8/250.csv,762126,a72f62af6c4612ab9a48e2152047e75517615edde9cf5d05345fa3fcd4aa10fa
GWA-T-12-Rnd,rnd/2013-8/251.csv,936107,10ab0ed8179a1d38261d01df38440a995fdf9be72c638c531045aee538713e9e
GWA-T-12-Rnd,rnd/2013-8/252.csv,1009547,c491aab426c4c35a2a088b52b472e2db55d2dda33ecc307c1a87fadc1e04e18f
GWA-T-12-Rnd,rnd/2013-8/253.csv,1063683,bb28a1599bc8fd56b1fc662b5d42f5274b530f7d781ba40d61b4006dffdf0801
GWA-T-12-Rnd,rnd/2013-8/254.csv,1020625,95329080bf05bb3f0d7492227c03abc4632fbed43c1cf04a2144699931634a87
GWA-T-12-Rnd,rnd/2013-8/255.csv,1026132,7ac5490fb76cba6a2009049e46431e9f45d6cf61ff04f7233cf651c6110edfed
GWA-T-12-Rnd,rnd/2013-8/256.csv,1177154,9efdb1e927e691e427d4f2e784b4b78eb1c6df26ed8e8e8bf6b3d84bfc3e5a0f
GWA-T-12-Rnd,rnd/2013-8/257.csv,1045315,bc5b0b4de8e7ab69132fbe2586c7add44507967860defe0b6861ece16c8b6126
GWA-T-12-Rnd,rnd/2013-8/258.csv,1166227,29311e14d72a2cc541373b240f3fa4a15eb07441e76d7ef510db9cc1e2f7441c
GWA-T-12-Rnd,rnd/2013-8/259.csv,1105084,4a60367e732b574cb0f12d1d602e0ad5dda1b2ea591850a3244cc18edab0de8c
GWA-T-12-Rnd,rnd/2013-8/26.csv,1161182,0c1162bd523543d8c740150bb015cc0aadedb44e53f7f8ef9bf7c8b6f015971e
GWA-T-12-Rnd,rnd/2013-8/260.csv,1001622,e96eece4730aaca9185fcb60ffcb0636f4656882bc2dbf98971f87fdacfc2470
GWA-T-12-Rnd,rnd/2013-8/261.csv,1206562,b8538e47672347c3abde1c9a8ea91737b06123b53ece1c61a9a4b29913826194
GWA-T-12-Rnd,rnd/2013-8/262.csv,1137631,b9916b84ab4b3d493b0e89ddedcf92f4a626db79932aa3619b559ceec15b7bdd
GWA-T-12-Rnd,rnd/2013-8/263.csv,930211,2ff8c3acbea4c69f47cabe38ef2675b81ea6cff668ba43c2a46a01268dae4e24
GWA-T-12-Rnd,rnd/2013-8/264.csv,1042464,7b437e7428295c3af71f80122e20ffb13baa72ce113d9d01890c6030b045f20c
GWA-T-12-Rnd,rnd/2013-8/265.csv,1143712,fcb01c5c486e8482a66d1a1999da48a2473c5fd8a9406fb29abcfd4e6351fae0
GWA-T-12-Rnd,rnd/2013-8/266.csv,1191459,a2270005423763c10efb153ea6e100fc9c003632f8d466b68c6f4116bd7fa1ac
GWA-T-12-Rnd,rnd/2013-8/267.csv,1100991,5be4f6038fdb596e1dc6888025d0b7ff69c65c8cfda879176cb9a5a37ff3f169
GWA-T-12-Rnd,rnd/2013-8/268.csv,1183498,6d9f3a2db57fcfce244f9060d0de956a75e39d993141ed7c7c9ec04d6d2da82c
GWA-T-12-Rnd,rnd/2013-8/269.csv,1138178,d82f01a8da0373fc8e67fff5530aef4ec5e3399426c472eed250ca1556487c94
GWA-T-12-Rnd,rnd/2013-8/27.csv,1164674,22cfbb61029f9d371aac38600e05d3850b7cff06cfe0dfa70ce90b9580838ec1
GWA-T-12-Rnd,rnd/2013-8/270.csv,1183222,063b7688069ea90ad6eab5060b92d8ed681b1a0192ddb93e8be44a3e70650e2c
GWA-T-12-Rnd,rnd/2013-8/271.csv,1009887,dfab220ceed6020eac671d45913861fae73120d5d7716339cab3935ff191fc90
GWA-T-12-Rnd,rnd/2013-8/272.csv,920063,e9745d2e93a303a4b62c2f7aa9b241c7f671c7d7393524a6fc716600a3df4c14
GWA-T-12-Rnd,rnd/2013-8/273.csv,1068425,26af049885e0e6e25433370309beb313468933ddfcdacb81cf4c645cd881907f
GWA-T-12-Rnd,rnd/2013-8/274.csv,841728,0e151e4a774c34b18bc4f595c50e6060958d16dd2e6e1101246ce4a480fa6d87
GWA-T-12-Rnd,rnd/2013-8/275.csv,1185336,c31a3f01b2d34ea9fae3ffbeb42bf0bb781e0f1945eaad49266007544bd2fada
GWA-T-12-Rnd,rnd/2013-8/276.csv,979837,9830897de1437706be16eecc3bda53ba4e44752192088479eb0383040cb6d982
GWA-T-12-Rnd,rnd/2013-8/277.csv,1150524,9967a45246ad272fe1e307d8db9c68767de9a3807eb7881126a4499acbb357b6
GWA-T-12-Rnd,rnd/2013-8/278.csv,1006648,451660814c10eae6176fbf5b772b457a3277a8e9bded166c7b1eb571d7b89764
GWA-T-12-Rnd,rnd/2013-8/279.csv,1007361,11bbb15d0bbe8ed1a4cb63a5edd7e2c77fa6e37eb1cfaf669cc72111451f47d8
GWA-T-12-Rnd,rnd/2013-8/28.csv,1185659,fe17db0b1f735a8df3f9f8e6fe2b4de66a67b198ef75823ca2711cda4eef99ae
GWA-T-12-Rnd,rnd/2013-8/280.csv,1277179,06c91666c1b5d2008e0430736e7c6ddd56f3a080524f1b7977c8ab75273d7983
GWA-T-12-Rnd,rnd/2013-8/281.csv,1152148,7358c0c98bef10d05b750c61a13ab18d7c6a6397df7ea0ff60884428e193d2a5
GWA-T-12-Rnd,rnd/2013-8/282.csv,1104783,de81ee52c754b9b967cf99ddf2cc4a8a4130747b30bbcdbbb8f5bc8fd95fc45b
GWA-T-12-Rnd,rnd/2013-8/283.csv,991669,4ccd2aa3558028e5e5639092fae39897821e33296efce664be1179ecd07ae95e
GWA-T-12-Rnd,rnd/2013-8/284.csv,1023572,595bbd30bd3fea99784c7bc2b494559022098f1f567ea9ec4c07be7a3f96dac9
GWA-T-12-Rnd,rnd/2013-8/285.csv,1126346,c36d686d799bfbe1254fb1dcb63667dfe00e91afabf3186c714844135aa10232
GWA-T-12-Rnd,rnd/2013-8/286.csv,1219949,4edc81a35659badab9021dc7fb7fb46e04f96257a43d79faacfaec7b61ec5682
GWA-T-12-Rnd,rnd/2013-8/287.csv,1238906,dc335796c9693b16419ff14adf02029ccecf8e0e4ce99720a581fe357cb25f4d
GWA-T-12-Rnd,rnd/2013-8/288.csv,1202519,0f73e9aea43722ed469d3dcb402bb995105c3e1d4b4296def97b37acf460a5f0
GWA-T-12-Rnd,rnd/2013-8/289.csv,888319,0e92645a1f1c9974f79dece62f8e6dc1d96724f8a5b85b99133060cd81cd304f
GWA-T-12-Rnd,rnd/2013-8/29.csv,1056104,80ceb0c7dc3ba14a13ae262d0167e6bc9444d874175ae843bf9013baf4cd3d3a
GWA-T-12-Rnd,rnd/2013-8/290.csv,1011976,be4b0a26227ade39fb9a586fc18cfe9c39ba70ec2a42068826da610267c7f5bc
GWA-T-12-Rnd,rnd/2013-8/291.csv,1022870,e9be0f41bdb95d412cde5cdd8b05693055b2fc7fbfed0883647bec4b084f9dba
GWA-T-12-Rnd,rnd/2013-8/292.csv,1203009,92cc0505785fa58bb232434c922cbe8fba25a74c55e1ba67c08eeffcc96f8a37
GWA-T-12-Rnd,rnd/2013-8/293.csv,1195781,9db5296cfd8cc787e679325c688932af8810ac9d4a25d6667f4ada1640b2024c
GWA-T-12-Rnd,rnd/2013-8/294.csv,1075332,5a0867a5b9aab83240bd2c96e902afb4fe47faed1f6a843c4af2472131122878
GWA-T-12-Rnd,rnd/2013-8/295.csv,1119474,08e7eaf56e1e6e261e0803673fc59508f99baeca69b407467fce2b7ab67447ff
GWA-T-12-Rnd,rnd/2013-8/296.csv,1125046,135bb226b56a70e18d84cd37f2b57e692d3550d64256460dcc13297609771eb6
GWA-T-12-Rnd,rnd/2013-8/297.csv,1253918,9d1a0b022f262b709f0da93535743435f69357c6f3ab83cfbe83ce20a4009514
GWA-T-12-Rnd,rnd/2013-8/298.csv,1134452,8164d56f545e6b7d6f5ce3d958f1336d972e473d35864a6660e2774533f4ac0d
GWA-T-12-Rnd,rnd/2013-8/299.csv,893433,2f2e92f1aa466797ef1d6a20d8723ee03d29838ebfe77e0d9b341eec20733690
GWA-T-12-Rnd,rnd/2013-8/3.csv,905710,5df244259a8ddf2f468fbd82991b631c0c8da4019dca3ac76c85f0a674b17d8d
GWA-T-12-Rnd,rnd/2013-8/30.csv,1143311,2d2b05be63bb35639f8074404630265c5b6289b338f8c37a650398a33c15540c
GWA-T-12-Rnd,rnd/2013-8/300.csv,883890,115aa6a8064239cee7b1e4d184ceb04265ae468f093b966e62cac8566de706eb
GWA-T-12-Rnd,rnd/2013-8/301.csv,965064,45ee5843b1f7798999be892d72c0152459f751ba39cfe7cd0f1d6d57e0351c4b
GWA-T-12-Rnd,rnd/2013-8/302.csv,927378,3752090eea31a120b64cb3f702edd630239d69b924c3f8db7ba6c47c07a37d36
GWA-T-12-Rnd,rnd/2013-8/303.csv,1191458,490a41df4b1d841fc2be153521ee206db26ddbd5e4dd6a8a086c717134bd5101
GWA-T-12-Rnd,rnd/2013-8/304.csv,1179314,bb5f6b4c092a77705b176f33c9aa44cb1b1e957a717bdd3441a048bcebf01fab
GWA-T-12-Rnd,rnd/2013-8/305.csv,1102333,66fec94ea8df7c877c9284601544dfbe02ca6b7f5b6bbfd7e3270ff882f4efea
GWA-T-12-Rnd,rnd/2013-8/306.csv,1065596,35b154098ad1623084c3bd1a6dcf33b0758fe594de7692689a11e4b5875f5920
GWA-T-12-Rnd,rnd/2013-8/307.csv,865037,2110c4536684d4a6a9bb7f00b24f38e5a340f85711de848dc00ddccfa81c0b34
GWA-T-12-Rnd,rnd/2013-8/308.csv,1189890,f94af85389f120934a679b5b05e6f9fddf93adb8909ca1fbc77102b512b71348
GWA-T-12-Rnd,rnd/2013-8/309.csv,963293,14950c8cea50ee88949179fa812b2e6d70496f6b51f8c114cb7fc83d7b6b09c5
GWA-T-12-Rnd,rnd/2013-8/31.csv,1054213,79d8ca6d9779313c7449362e7b48d63ef04c637fb19ebfc883306c0654eb7bf7
GWA-T-12-Rnd,rnd/2013-8/310.csv,1284244,3e7d3112454d7632d4cdda4b8616f9b9d5d1849f8f95132b6cbb4f6e57e0aced
GWA-T-12-Rnd,rnd/2013-8/311.csv,1207152,7835df8895d04dbdb00ed236b54e3d4cd84daadc850ad7151bc4170df50c9354
GWA-T-12-Rnd,rnd/2013-8/312.csv,854929,7ce6c06077db453d9cc0092faa913c8161fa7eb017c1980843f5f2927d9a70f9
GWA-T-12-Rnd,rnd/2013-8/313.csv,855441,3b64411d841684fcc95b8cbb8e4ffd38810dd41211cab91d8c239d69d82e5378
GWA-T-12-Rnd,rnd/2013-8/314.csv,1059930,3a866536d621c603ba8e4ea97c4d6bc363adf3c10a332f6ea66284d038ad6414
GWA-T-12-Rnd,rnd/2013-8/315.csv,1173778,e6a8a55669f8273c1f334e29cbb5eb095e2a74c6be5376e20f59cf1908dd514c
GWA-T-12-Rnd,rnd/2013-8/316.csv,1291408,4c174af36f68f10bd86965c7038e9fd187e4fe32fdd171a954611fcea80e89ed
GWA-T-12-Rnd,rnd/2013-8/317.csv,1303380,8821f45094875b22a507dc44de4f73eb0e35a5292c9eb9b8228e01bfe0e2d248
GWA-T-12-Rnd,rnd/2013-8/318.csv,1145682,911e8f5f9a4877d4b53af46e73742080c8693f2edab14e3e64b828644d53607c
GWA-T-12-Rnd,rnd/2013-8/319.csv,1203177,a59feb9fa4743c11d89ee65f34f370d6243daee7a1dd74b9fd950a9a2cf8296a
GWA-T-12-Rnd,rnd/2013-8/32.csv,1158791,e50218034a0318f279129beb4b68d165b139872207b9f40a8570b333cbc861bd
GWA-T-12-Rnd,rnd/2013-8/320.csv,1043726,6cb95aefd40571cbc6f468c02ff0f42a4110f5a40ae2978e85db3e5150910c47
GWA-T-12-Rnd,rnd/2013-8/321.csv,889210,053a192ac6ab00b8b5655d7778799b18b492dd90cca58c19991cc0eaa4bfaf1a
GWA-T-12-Rnd,rnd/2013-8/322.csv,1181189,af6349a5fdb86ca19c7d2fbda37e007ae0a962e4a383fcaac8f7e3cdd73e76cc
GWA-T-12-Rnd,rnd/2013-8/323.csv,1281677,fac4b98757e5ff4bd8806d45c6d441a5f9a950c90a286afcd63454d68365e2df
GWA-T-12-Rnd,rnd/2013-8/324.csv,1176798,a38b53f24efebf505aaaf3783ff30b7a12e8b908d2a8e8addb53313e953e7d3b
GWA-T-12-Rnd,rnd/2013-8/325.csv,1168529,0af5996f0a95a6fc916f8b77de9cbf4d6299e02271cf531d425bd7afdcbb2f68
GWA-T-12-Rnd,rnd/2013-8/326.csv,1074790,ee61a6659223dc6a84453b829448800d46f45706a8e5660dda5304479d2ba5da
GWA-T-12-Rnd,rnd/2013-8/327.csv,1039046,a044d8d88c5e3c7bcecadf126c4245f6ec7ed58154ffcb7811ef466680108a93
GWA-T-12-Rnd,rnd/2013-8/328.csv,1140196,75b1393a4216263798c4edda8722e25e7f3f3ff20ebc3157dca80fde3de4b7c1
GWA-T-12-Rnd,rnd/2013-8/329.csv,1044391,d6588676f153e0d34964631254bccfc8b708359fc956c87ebe89e70e27f8c2f7
GWA-T-12-Rnd,rnd/2013-8/33.csv,1141492,516545520ced9b60d0627cd4c16912e82c81ade553ec067646153d2b201f341d
GWA-T-12-Rnd,rnd/2013-8/330.csv,1237882,23e87c564b9b3bad045ef15aaab1783ae9fcb578a1e7741a1bae6c4c8c578202
GWA-T-12-Rnd,rnd/2013-8/331.csv,1119357,cbbd50f6aab2403c9fead44fc4ac7907e3a6f05d63b703a1d0b0cdd5325e1359
GWA-T-12-Rnd,rnd/2013-8/332.csv,1176992,4af336fdf419162a6b743af1769ad9e58f6200f270c17749aa10f84398d04b76
GWA-T-12-Rnd,rnd/2013-8/333.csv,1272152,1c8313dd0909ffc067949c84991e300a63a55b7dfb9bd21f00f0e2cd8bde9ee1
GWA-T-12-Rnd,rnd/2013-8/334.csv,821414,d4776d25b077d4e5a4db2407b1f450fbfca5728b4c7433c30a4ba793f43ad1ae
GWA-T-12-Rnd,rnd/2013-8/335.csv,972237,8ab959231757e3612d88a2e1c2176a7327e8b46411d1b74b09f7b86c445386ed
GWA-T-12-Rnd,rnd/2013-8/336.csv,897283,10fd977b855e7de0a9d5da2ff84a2b313115a1cdcaa2a830a8e436507c2dd8fd
GWA-T-12-Rnd,rnd/2013-8/337.csv,935444,09c4bbbc0212454b761e1b74691ffb2f283b6456a1b6462c099591bf086d5454
GWA-T-12-Rnd,rnd/2013-8/338.csv,1180401,b6892bd2bd32c14cc5d346bb83d3b1eece4a9a643bdf81411e7368641dc97e38
GWA-T-12-Rnd,rnd/2013-8/339.csv,945044,7179ad16ee3612e0f9338626779f4c3cac72930346f7d186564e45f3fd2044fc
GWA-T-12-Rnd,rnd/2013-8/34.csv,1154633,99cf198ed626bf70375b3dbfed2024394a287895812f833cecbbfb75c41ca053
GWA-T-12-Rnd,rnd/2013-8/340.csv,897248,ee78d8c6df0b332332b0795bdd926e394a54a941851d5f85ff64648a3422a812
GWA-T-12-Rnd,rnd/2013-8/341.csv,884375,b52555709cacb3121b29ade4170d33f9f09c8b06e5d9fe6ce4efb3c35aeec6b2
GWA-T-12-Rnd,rnd/2013-8/342.csv,734948,5f53768717e92be8871b4e0d34b2dc7ff905c4cab23a9bf013ae5684f1faa850
GWA-T-12-Rnd,rnd/2013-8/343.csv,669685,e7f91731bb3b82da0270e4c0ec5ee894545856222a0f3e0360d377ca0d7100d0
GWA-T-12-Rnd,rnd/2013-8/344.csv,695759,53aee53e4d5e280d6015f5e36b690cd29974b942fa7a916a7d5775347622b04e
GWA-T-12-Rnd,rnd/2013-8/345.csv,704657,27bf14c5d10bfacf155514ccda1425919089b7f3f74947a8efce3825bf8c7ad7
GWA-T-12-Rnd,rnd/2013-8/346.csv,728919,b1183aa3bba0c96564905bd97ed369a6f5a2cf06235216798523020986e76a1a
GWA-T-12-Rnd,rnd/2013-8/347.csv,1034472,341b225e71b575d185a8701da03d9dc5661a0542c5af48c04399535cd79ac155
GWA-T-12-Rnd,rnd/2013-8/348.csv,1015973,43648cda3f437d2f1a73d63baebfac03cfbcee5e138cf1e12e49428e7ef49f5a
GWA-T-12-Rnd,rnd/2013-8/349.csv,948540,59331d272373f2d3972e1ebf1b4b3bd23ba5afdec3eefb2fbb3899a8eb277d03
GWA-T-12-Rnd,rnd/2013-8/35.csv,1170852,09f382b1c1266c4dea7b4f272152cd0cfb381e65e271341221ed4b159e4b8066
GWA-T-12-Rnd,rnd/2013-8/350.csv,985583,cba1126badb34e9faaf43b70ce89dcd6ae20e8782c232f7a1cd651822e899433
GWA-T-12-Rnd,rnd/2013-8/351.csv,732545,a5b33685741f3ba5caac7591ad9c98800b79d63cce7120ad0b0b57f0b16524ec
GWA-T-12-Rnd,rnd/2013-8/352.csv,866875,c30ee22a5b1a504ccd5c9e56737282779cda49a9ee223942f3e240ad72f045a6
GWA-T-12-Rnd,rnd/2013-8/353.csv,955790,2d6a757f04717df7fe2ee07cc54ece16e5f9f8c8a2662904f629666d0c09337c
GWA-T-12-Rnd,rnd/2013-8/354.csv,888387,e81763e287bcbdaede5000d871e4546ce6a65bbea5f519a2a3dc155d821e9237
GWA-T-12-Rnd,rnd/2013-8/355.csv,1105168,4c026ec8dff612388e383937a33bd9db7694f2faa27eb52986830cdb7e8bc8ce
GWA-T-12-Rnd,rnd/2013-8/356.csv,806284,ce8b0a3cd2967a7a88f6f1e8af112d6d03440126301f4e08619ad6a61fb39ed5
GWA-T-12-Rnd,rnd/2013-8/357.csv,784588,8c9e76a69b87fd2c2c30cf41942729872755c73bec6f9206d98269349b8f9198
GWA-T-12-Rnd,rnd/2013-8/358.csv,832265,758251dedd066c971c1453574eb74724efff07d7b7d7f2837b18649b39163e2d
GWA-T-12-Rnd,rnd/2013-8/359.csv,906289,0afb40aabe14e2e01012f56c5918dc441faf803d10e77365807ff178a2d59e42
GWA-T-12-Rnd,rnd/2013-8/36.csv,1160014,e91d52ad03ec09efb71189cb0dd90bcd042dfee5477346d4d0cdafe69259cf6d
GWA-T-12-Rnd,rnd/2013-8/360.csv,1060294,dc74a7667ef3d9bfdfea6d4c363b30d52805d76c88a115f68dbea601b692db93
GWA-T-12-Rnd,rnd/2013-8/361.csv,863729,bf3217919f919cdf661a1cb719b0442669f6f5f2b7baf6c42a6ce5defecea3e4
GWA-T-12-Rnd,rnd/2013-8/362.csv,807101,79a57e41ade520aa9800a27df83f8dc6b2e65efea182057d12476278f907ca24
GWA-T-12-Rnd,rnd/2013-8/363.csv,700772,0e1f4605d087c58a76d18e90ece8b2c54a62060616cfab868fcd332a8efb6919
GWA-T-12-Rnd,rnd/2013-8/364.csv,811363,4480ec1d062b401cf779a6f29031029cccfb5c0df15053e45b7b6b87f31173e0
GWA-T-12-Rnd,rnd/2013-8/365.csv,769460,b3e848ea46dcea7e0ad3cef7bc8237f345bb83f32027e544a4b39de13c210170
GWA-T-12-Rnd,rnd/2013-8/366.csv,871396,adff6ab8656bc1de5bb9b5f2c65c5e8b90fa4fbb561f5bc7cf5a6f2936c37562
GWA-T-12-Rnd,rnd/2013-8/367.csv,984135,4e5b6b8b3580fd1158ff617a221609514dbd9e2dde143583fcc46291c095b331
GWA-T-12-Rnd,rnd/2013-8/368.csv,742348,a4e7885501be3d888fd354b6064a9824d19e5745c9e59dd01b1b9cd39a1caf4b
GWA-T-12-Rnd,rnd/2013-8/369.csv,908224,0f8eb1240c90bc19a08a85acca7c1e465c4a0b81996ff5689f4ab85a18603f03
GWA-T-12-Rnd,rnd/2013-8/37.csv,936231,945bc28da5d0b3e102cb193335b4c69fb39bfed987a14ba44221b847e1fb2fba
GWA-T-12-Rnd,rnd/2013-8/370.csv,742364,c818e97f02328785c07f857b21d34319fbb3205a1386c9dba02fc8cd0b3664a6
GWA-T-12-Rnd,rnd/2013-8/371.csv,908066,6e31aeacc5115afc87a2f479443dee2b52602e9256822df51a8912edcf8b9f3e
GWA-T-12-Rnd,rnd/2013-8/372.csv,857066,4ee076d7df9751c4b8fa7c9cfc8ab56ab9e558276db82d2b7325dae7b18aa987
GWA-T-12-Rnd,rnd/2013-8/373.csv,1184008,af63b66c7ff9378b3a82c138198d954de525d6bd02975d95b8ad224ff61c880e
GWA-T-12-Rnd,rnd/2013-8/374.csv,1145912,c9edc1cbbf6c838fdb03ef755726c63e5b18f70f34605c7667b6d6e1881ba40c
GWA-T-12-Rnd,rnd/2013-8/375.csv,1167013,16562f612c3dc61af480ff0cbc2ac9562805b5547061ec0e6274524abb45c839
GWA-T-12-Rnd,rnd/2013-8/376.csv,871054,74a4009b99d3accc60671f3acff02e19ee06c5b9f1b95a1d3abf68bdb3e6e5a7
GWA-T-12-Rnd,rnd/2013-8/377.csv,870595,ede1604ffd36adcb80f2c3a92508cb350adaeb3407a0b9ad03472389d17286a1
GWA-T-12-Rnd,rnd/2013-8/378.csv,881284,f91b612d6af2692d90ed845f87d73e881827949c3ac365fc70bd062c6aeb2b1d
GWA-T-12-Rnd,rnd/2013-8/379.csv,1193198,76f73801c99e0af0c3d4c0b3da32cd0238e48a67a4bbfc805cf00510899e27bc
GWA-T-12-Rnd,rnd/2013-8/38.csv,753177,4918c9c4ca728fb3ffc6251dc1557899a44da6ae6071cde82998be35121afda4
GWA-T-12-Rnd,rnd/2013-8/380.csv,1213138,8ac6308a3d01789445a5db69ff2809f03eb933ffc02042bd02b27fa0e6e9ad76
GWA-T-12-Rnd,rnd/2013-8/381.csv,1230448,b4d85bafbac7dab95f50c91e105466f27369b92284e85c56bc77d2d4494c94b1
GWA-T-12-Rnd,rnd/2013-8/382.csv,793645,639fe26cba445e063e4240dafe3a7333e7aacd6b1edd3ff9df2250f8639702e4
GWA-T-12-Rnd,rnd/2013-8/383.csv,1293548,b2bfcfcfec8d8f7ef8d5928b2fa6eb7c2dc7668c0fdf7d026aceba016335967b
GWA-T-12-Rnd,rnd/2013-8/384.csv,1289986,624aa59587e7460de2936ee20b41aafadfb018aa0b35cafb6d0eeffeda25038c
GWA-T-12-Rnd,rnd/2013-8/385.csv,1175928,069e62f7eca31c9b255fb0e7a5620ef56c04eda9a68e080d05362dc8a6290be5
GWA-T-12-Rnd,rnd/2013-8/386.csv,1365925,0f37c02c1c52fa194558e17081ba06e804df79d0727dac86d2b05011d1a6d75c
GWA-T-12-Rnd,rnd/2013-8/387.csv,1230857,20a32c3ead90407b8ee534e307762823fcdb50569debe0698f2402778bec5235
GWA-T-12-Rnd,rnd/2013-8/388.csv,880041,2c7454134a827f1964ae19183d6d169d6c864218a52b8c509f10137ecc95427a
GWA-T-12-Rnd,rnd/2013-8/389.csv,853749,9cc44852bde65dc2ee55f4c682579c58f739d0ffc6d0796246c523ed8f053353
GWA-T-12-Rnd,rnd/2013-8/39.csv,881538,bec0d5b260ae30987ed7e6455b3e255350e6879fdeb6c5adfb57688f83ff0701
GWA-T-12-Rnd,rnd/2013-8/390.csv,889247,c0e457b1dcc7e29d6000f5edbbbbdae29936fa5adafc400e5cb8f524ce02fcfd
GWA-T-12-Rnd,rnd/2013-8/391.csv,670164,e01187d0c1466dc03de76f6f4f92e9d70afe5a6ac60190dd5d49697e2e639fee
GWA-T-12-Rnd,rnd/2013-8/392.csv,1279739,5fac5581a4f58ec0acc917e797955300a1fdc47b0eee1c34837d5e004f71dd65
GWA-T-12-Rnd,rnd/2013-8/393.csv,1149847,b74a689fdc6581ef6b11bd2105bc02e83e5eeb1fb111a16c5713ca5de6f097bd
GWA-T-12-Rnd,rnd/2013-8/394.csv,951819,720f3cde3b2c542949e6cf2011351da8c603f99287546cc0ec562a8bc0998de8
GWA-T-12-Rnd,rnd/2013-8/395.csv,964866,d8e52951de3cf8f856ee5722c46cea5ca4aab8f673caf73f6cab4e0f49a75b92
GWA-T-12-Rnd,rnd/2013-8/396.csv,905834,b70a158444119b744346b160a90fda6a0b007bac9a7de7737b0754a1769ff28c
GWA-T-12-Rnd,rnd/2013-8/397.csv,922006,6c23ea4d8a0c6fbe5ba9ee4693785d7201ed85e0de434209d054cb671b0df5f7
GWA-T-12-Rnd,rnd/2013-8/398.csv,903021,707b9de121a64e823f99d5b3a066d6033bbc819fd01fedca0d3df7312569bf1c
GWA-T-12-Rnd,rnd/2013-8/399.csv,1040410,d27633629f0b32d2e75941bf6884ad767def76800d953feb070a2712c80785be
GWA-T-12-Rnd,rnd/2013-8/4.csv,1045316,fe7f5ad0645fb4bf3247e252c76aeefc8c3b19a004915e21ac796b316d779ec3
GWA-T-12-Rnd,rnd/2013-8/40.csv,867232,85cb9015101987e3a08c3e80b74c21a030492d30693c3b3884f7b31d5d9c72f8
GWA-T-12-Rnd,rnd/2013-8/400.csv,963830,e4014bc76f55311405d7fe7cca1fb55fab8649d0dcca1c8ced6e15f9d5da3604
GWA-T-12-Rnd,rnd/2013-8/401.csv,939767,c93fc618e43ddbbabf34c348b026028fe186b42201e37190d621d37999c5113f
GWA-T-12-Rnd,rnd/2013-8/402.csv,924894,6cf9a0614d5ee7eab31eae70bc7f6d6a0a4a930895c139d9c554a4d762f103ea
GWA-T-12-Rnd,rnd/2013-8/403.csv,887881,18ea4da5f51a18beaecbdd1828c271dc8b264b2666cc53abfc859f54e180bf81
GWA-T-12-Rnd,rnd/2013-8/404.csv,865012,0f375d6cff62d70abcf36c00c177fdfa4ecc69f58f280423a9364ba04ebf8052
GWA-T-12-Rnd,rnd/2013-8/405.csv,904006,6abd2ef1917ee02f8810497cf4da66d87dad3caa0979cd70780ec87eb5d365bc
GWA-T-12-Rnd,rnd/2013-8/406.csv,1073925,ed376661576817b8e02425c14e777c587587e435c9d99b48d944203e209f2f4d
GWA-T-12-Rnd,rnd/2013-8/407.csv,1222933,ab521b707ddd443341e69035e2b7d8d44de011c45899aee0c0b2076b4c5f41ae
GWA-T-12-Rnd,rnd/2013-8/408.csv,1253367,b71ee1eaddc4924c1ce0704718289198848150025cfdd6a4a26af0f7464d91d2
GWA-T-12-Rnd,rnd/2013-8/409.csv,966804,a940c1e7df601f82e5c310403ab785107a51c1b54071aaddfc7b3bfd6b9a7862
GWA-T-12-Rnd,rnd/2013-8/41.csv,1117913,5a70f42f79a628b163c338737249fe257b901ef1fa51b5974447b85cefc4a238
GWA-T-12-Rnd,rnd/2013-8/410.csv,1224292,c84493c30b1a1304f56c8b5769aa53a270aac9737fd3d0e599ebaa5e52ccce97
GWA-T-12-Rnd,rnd/2013-8/411.csv,1260782,334d7f7ebab8b83a25e4f5e12473632d63b0b2613a3a69e0b93ed5615dbf30cd
GWA-T-12-Rnd,rnd/2013-8/412.csv,1269694,186d29e74fef711240ced74009883da0ede56c8f4a65d97b313806e3d9c382d0
GWA-T-12-Rnd,rnd/2013-8/413.csv,1207021,2af1203032eee62bb18b7669fc8e07692b0109a43f95a7a07b5a1cc289ef31d3
GWA-T-12-Rnd,rnd/2013-8/414.csv,1000159,ae93bbd1b87f87e98c09354173cfa6cc73469a31c86b6169e5adf49e7558c64f
GWA-T-12-Rnd,rnd/2013-8/415.csv,1267424,2918c406e374d70809e9de65166d85c9fb7b2c1b6e9989de8f9012e85bd1316e
GWA-T-12-Rnd,rnd/2013-8/416.csv,1202847,e95d2c2de73e52c878bd882cccbe520d37add146a8ac5a5add141d27c993a9e4
GWA-T-12-Rnd,rnd/2013-8/417.csv,1184743,48af667abc4d89dd1fe80aa4259b21a9d9e9d62ba9ae7a690e37adb80b4faba1
GWA-T-12-Rnd,rnd/2013-8/418.csv,961335,55d5772eb3bd0ba3c7fb8be644c34d4b78157598baa02f083dfcfe1c52ed1a67
GWA-T-12-Rnd,rnd/2013-8/419.csv,1148885,8f425b352f941f99057e47678888d1750164345e002102b29e3bc88027ba318e
GWA-T-12-Rnd,rnd/2013-8/42.csv,1113441,eb8e4b088d062f6c264d908e6644122156a5fe65e825e195b901260d76cdd300
GWA-T-12-Rnd,rnd/2013-8/420.csv,1169768,1cafc4ec3126f3a8e55a2edcfe4733d6db6f9375f811304fe648cbec14a7b87b
GWA-T-12-Rnd,rnd/2013-8/421.csv,1175910,01b9bd9622c12fa871419ba271358aabbfb064b6fdd898ebebafa5d6c913a6fa
GWA-T-12-Rnd,rnd/2013-8/422.csv,1016186,2904ce415bc8db41ae795ef05ba021191a3dba355996b14703536d1a2fba09a6
GWA-T-12-Rnd,rnd/2013-8/423.csv,825396,7bea8abc8129ad284da7a36bc4fcd3c290f6f1624094d2c3e73df03b937c0759
GWA-T-12-Rnd,rnd/2013-8/424.csv,854354,a4a7a18ad0ca53d45593f430e49954ae8fe6f914d3fef028b909dd495d78d61a
GWA-T-12-Rnd,rnd/2013-8/425.csv,709686,9f56e1fc9cd765bfef96a3fd6ca05d3434bbdfcd6bcd4aef75380126e7674b07
GWA-T-12-Rnd,rnd/2013-8/426.csv,1019117,fda9fd1f2f1b1e76516809a5db0cf5e1b7d511b49808fd22e0b344e43c630699
GWA-T-12-Rnd,rnd/2013-8/427.csv,648268,b877952b0f9dbb72115788cdd06f3987080bc8cca1e789d812e4d9921e9ba62a
GWA-T-12-Rnd,rnd/2013-8/428.csv,986644,1b91fa99b3e234eab9691c40ca4cb48619d36b4a19c99700109435b3541b76cc
GWA-T-12-Rnd,rnd/2013-8/429.csv,812067,d9e4f6f8f3b686f5d16537d6c449ec141fe0294f0daa763887db167927050769
GWA-T-12-Rnd,rnd/2013-8/43.csv,1119430,d42da55bb9587cfbf5afbfc1a949ea8095611ba89ee8e0400ac8c29946f5741a
GWA-T-12-Rnd,rnd/2013-8/430.csv,1019446,65f12278181b59711295e0799b9524965f7f392592e8e87860aac75dcc1c5fec
GWA-T-12-Rnd,rnd/2013-8/431.csv,787915,943193877c662c288a7dd0c516b0eefbc3d175bc572117cec9ca40b000505090
GWA-T-12-Rnd,rnd/2013-8/432.csv,988702,56cb6d44e480f38f6a3237a2bd996cb32b28e0f3abdb2b94a0ab00b7f33004db
GWA-T-12-Rnd,rnd/2013-8/433.csv,994187,a17756ff21815eb2aa16cfdf1eb08c56c9a3a01171939a853247869eb1e5c054
GWA-T-12-Rnd,rnd/2013-8/434.csv,985811,61f057c1b7985f6c94dc113d9ccb1fee2652b0a587a05b9eda663922ae51b8de
GWA-T-12-Rnd,rnd/2013-8/435.csv,950765,624d0743b2601cceebb3cc8266c2c3b40337a120383b1cc0d8948ff1d9d95f22
GWA-T-12-Rnd,rnd/2013-8/436.csv,1040426,d8590ab029dcaf075a768f56ee7e5361b877ffff2f0dfd60d4d400f111f84c53
GWA-T-12-Rnd,rnd/2013-8/437.csv,1071870,e4649b163a0dedca4fcc4bfdf2e108b9ff3d9c617157209d243d4786bf7da4ab
GWA-T-12-Rnd,rnd/2013-8/438.csv,811879,1ac651647304deafd2477f6ca91e2288f72d41c38fec3f256c3564873553c140
GWA-T-12-Rnd,rnd/2013-8/439.csv,949724,bb839e6bd857c84e3b3b950adada3fec519e4a4f0c55eb98257e0549c8baccbe
GWA-T-12-Rnd,rnd/2013-8/44.csv,1113886,a0ffb19fc697e03f2091dfac9b33739fe938d16f76e8f4c0f1ea7ff90794ad6b
GWA-T-12-Rnd,rnd/2013-8/440.csv,1127231,462151d6603045bc36be75b9cdddec091359654ca6c9833a269113079feb5484
GWA-T-12-Rnd,rnd/2013-8/441.csv,966274,3b887f0d1cff2799e1575fe1986ea3a24fd5508791f9e932fdc068f85d5394fd
GWA-T-12-Rnd,rnd/2013-8/442.csv,946515,22645c64ddef6880f3bd4ecc444d7b7a7805da524168b62269b95db6798f7494
GWA-T-12-Rnd,rnd/2013-8/443.csv,850947,1256825f4f0cab54ea6b99f852a51c802be420c84fa823514ad18c23314f4751
GWA-T-12-Rnd,rnd/2013-8/444.csv,942513,59d8e579172d2a5c01322613d3c1655b6c84a42230cffc0ddc82e637b95a9655
GWA-T-12-Rnd,rnd/2013-8/445.csv,945320,01b257e2aa8b6790d551f990bd67cb2ff9e5cfb2f7d8cca031fa4046c18d0b48
GWA-T-12-Rnd,rnd/2013-8/446.csv,595532,5a5a8ca857b8eaac6ddb038c9648b1fd5bde1630130a2eed3ec7cdf61e8ccca7
GWA-T-12-Rnd,rnd/2013-8/447.csv,942093,65599fae92069729e095c363b1237df318a7581e0bfa70aaa607b41c5877a0e8
GWA-T-12-Rnd,rnd/2013-8/448.csv,973996,0e52a0bdf81e16a6f6e540d588a6269896062edbc30649d694ec75481d318cdf
GWA-T-12-Rnd,rnd/2013-8/449.csv,1043007,af04211d98029af54a50f4b2b29db916f5a2e4b752dd37582399ed426ee010f2
GWA-T-12-Rnd,rnd/2013-8/45.csv,1117669,5f940cf8918d41dc21a41d7a7056e3e8948b64509b2fc063c08f960fafcb2595
GWA-T-12-Rnd,rnd/2013-8/450.csv,807317,6f39565497631f84ac0a4c745e771010e0d6f11defe34812f77c72dc3b9bd28d
GWA-T-12-Rnd,rnd/2013-8/451.csv,1133435,994a3d422f1f1e4fb47dab5e3fe44c400effd40b27db497f35e4727f47620b54
GWA-T-12-Rnd,rnd/2013-8/452.csv,966425,d6e3a81581af61bf995c4f5dd82f76303c1dd6fe10e60c83b36ebca3a9831e4f
GWA-T-12-Rnd,rnd/2013-8/453.csv,1009981,f0cec00f689adbc5ef58427db43972a041cf261c020f1ac4175681eacfdce3ef
GWA-T-12-Rnd,rnd/2013-8/454.csv,793465,f97881cf724ddda335f6ef4b7a525d789bd0376e415c7ed693945bda7681a604
GWA-T-12-Rnd,rnd/2013-8/455.csv,788740,8696fc404d1335d30a5e4363e99908a7f9efa142787ac3740f1b8cdd772f4f84
GWA-T-12-Rnd,rnd/2013-8/456.csv,817485,20a03a8af892351d04d47072d8f134daa2e36dc80c4bb11eb569074be6408547
GWA-T-12-Rnd,rnd/2013-8/457.csv,956085,b0318f610002e32f6e09ab8977af170fd9b352467849c39059ea3eb25196f5a4
GWA-T-12-Rnd,rnd/2013-8/458.csv,786752,560fa8d27ad03894b984ac75905d433e18ed68175d7e1a57b254a0ffea6e7608
GWA-T-12-Rnd,rnd/2013-8/459.csv,805548,dd94ce5de78f2da3d2459a0d7a2ad4029d0aeadb745b2bf745c53910ff75ce1e
GWA-T-12-Rnd,rnd/2013-8/46.csv,1125843,2ebccfc6741f7872876e529cb30514ae71efefe49871b6963d9b6f9b0a91b271
GWA-T-12-Rnd,rnd/2013-8/460.csv,890958,a3db16dfbdf57e4e2b7e4d4693a5bf3700c87793747b40356dd0483ba575f5a2
GWA-T-12-Rnd,rnd/2013-8/461.csv,972877,1a9c8be8102d59ac52a694a1bea81c720963ce1b7ecf919bb53899a2bb07f6d4
GWA-T-12-Rnd,rnd/2013-8/462.csv,1119375,5756f0d635cb40caf88ee714cd34d9e5cc0159aac7685b0fe75ac84450ee45cd
GWA-T-12-Rnd,rnd/2013-8/463.csv,826914,3874b044239703a77a5a7c383f0f8192cad150e38d292e94c86f2dfeff969692
GWA-T-12-Rnd,rnd/2013-8/464.csv,792453,c50bc9ad92493ec2bd71a39c9281cc8c9f9ca3c96da34e44c4d50bf5116bb425
GWA-T-12-Rnd,rnd/2013-8/465.csv,1005855,429b1afc447ebfbb225559c342c318bba7612b4eeca4a9c4d7cc8f26af5c4698
GWA-T-12-Rnd,rnd/2013-8/466.csv,1007039,76c1976120175f3f752fe75821744afbf99eb09bc9f131770fb75bed284e65ca
GWA-T-12-Rnd,rnd/2013-8/467.csv,1008871,9e5674fe8e5eb12895c098d537cd03a0aa918237c62ca22471ca0d62801893f9
GWA-T-12-Rnd,rnd/2013-8/468.csv,1065570,d94f3485d86fd173c40ae00190e8ba93a75fcbab121fdf57f19b9f9da1f88abc
GWA-T-12-Rnd,rnd/2013-8/469.csv,1010094,4d583d4246217827e90f609c3da79d48f7da782ec2f48ade05337aa152a938b0
GWA-T-12-Rnd,rnd/2013-8/47.csv,1122257,8b732aa546240124766fdfde3e05e2cdc9a5a6d946b793daf808ae5dc4d5a3fa
GWA-T-12-Rnd,rnd/2013-8/470.csv,1070170,71db9253ecb27f004521f45ec0a77edde777af8d2f81d2327472c2c6ff035d0b
GWA-T-12-Rnd,rnd/2013-8/471.csv,957826,4bd4bbc1b9318c20740b76ea95134f337fdffa42ac1699884e48a2590f91f377
GWA-T-12-Rnd,rnd/2013-8/472.csv,808858,ccf9a54a168b2be830ec1cdbf1257c76ad2e7497c214faafc3e0756a1b2af077
GWA-T-12-Rnd,rnd/2013-8/473.csv,810871,2233c90bed03dff0eba774d69bee2e8327c4e78f320a2e02696910160ef0c573
GWA-T-12-Rnd,rnd/2013-8/474.csv,1073722,285c6a824faa85d8a255eec807b60c781e424df3d5a3a5eeee258c45a8ae8f3c
GWA-T-12-Rnd,rnd/2013-8/475.csv,821131,84898fa464fd6e77f56203b3ea28eafe991ccb69c7b116c19746ecad1b2e03c9
GWA-T-12-Rnd,rnd/2013-8/476.csv,814673,59da0c057a6ad438c32257a72ffe5aa4a843613063a0ee641416efb243a1caef
GWA-T-12-Rnd,rnd/2013-8/477.csv,1013331,db29f813f8c6d43ca160d4dbb32d984d73bca2eed7cafe094f80e63e3aa46caf
GWA-T-12-Rnd,rnd/2013-8/478.csv,799785,c409fbd02fd6207e41eebc223bfc966f7db2bc623dc8b8d5734f333836909261
GWA-T-12-Rnd,rnd/2013-8/479.csv,824061,b223d9430541866da0b8fc0c3431fc5e57e70bed2e45a62f62cdb2f33702e58a
GWA-T-12-Rnd,rnd/2013-8/48.csv,1103650,67db7d2732d62d042bb0bebd501226627bdf3a20c3ea72244617a197f99a1ccb
GWA-T-12-Rnd,rnd/2013-8/480.csv,958953,2512501a499e4c6049dff75cf2b5e163e7e30194c315d3f5030b5a9aee72b30d
GWA-T-12-Rnd,rnd/2013-8/481.csv,710353,dcbb6b43fe1a34d3ad81e2289c68068b04e2b86d7d53f5fea8eda4dba5c936d8
GWA-T-12-Rnd,rnd/2013-8/482.csv,954686,ababaeca14fcded12b1561278c7db191a1efdb6c564acf69d709cb92237cd03e
GWA-T-12-Rnd,rnd/2013-8/483.csv,986093,105e5bea6a208f12efa1b9680765c9336b09cb0a7ca7fa7cda5f39a087925979
GWA-T-12-Rnd,rnd/2013-8/484.csv,817150,67a9be9166254428a73e8044098943bf252be1e60cfa641e4b84f6c5cd6ffada
GWA-T-12-Rnd,rnd/2013-8/485.csv,769309,846315f213604ee00c058651f74e386fd42701c81aa5f880812b2b538fb03eae
GWA-T-12-Rnd,rnd/2013-8/486.csv,819361,c890bc45e951b490e98b65ac4d25181fa982d068594acfb1096d70225dcddcf8
GWA-T-12-Rnd,rnd/2013-8/487.csv,1037990,78a18404ed6fa38baad2fa5ff07d9f804abd6c6a0e04728dd73d7e9670383b7a
GWA-T-12-Rnd,rnd/2013-8/488.csv,1190199,0fe6b87592a85761932bac5f31f8b2ff3155e74a727a4249834a389ee4bf6f62
GWA-T-12-Rnd,rnd/2013-8/489.csv,1056398,63f19f8af09562756b9f3ef4cb2c750c61268e9bbb6b07d931f0c1edfa4e9627
GWA-T-12-Rnd,rnd/2013-8/49.csv,1113203,42c2eb38ea2e9b36f40e46ca58c0ffb93284756d2b4719e42271d28caa338047
GWA-T-12-Rnd,rnd/2013-8/490.csv,706909,243d9b145b4aefd99af55362982762a950c53b41df1cd900600de6b628b4976d
GWA-T-12-Rnd,rnd/2013-8/491.csv,852067,e5e25008890fdcd6be8d9bfdb08374c0bb64cc46eac92c4286af1f26c06026eb
GWA-T-12-Rnd,rnd/2013-8/492.csv,914343,172d9a577a6e5359097852e269722fa2eafa7e92acb79714c9b87e85efff9275
GWA-T-12-Rnd,rnd/2013-8/493.csv,1164698,52c83c011362983e40c670dced018e683401a9072deb8ffe315ba4f198896fb4
GWA-T-12-Rnd,rnd/2013-8/494.csv,1163521,ae83a72820d7009659a391618d5c9f74e895cf451c28c93d720788c08aefff7c
GWA-T-12-Rnd,rnd/2013-8/495.csv,1162314,eef99141a88b3866b9cd51ca6552987f2992c4a299f9770871bc790da1897a10
GWA-T-12-Rnd,rnd/2013-8/496.csv,1108983,b3f08fb10b4e83bc7bd3e1e67ca2e039d5e3f33f4eb76e7ffe470a87fc01eaed
GWA-T-12-Rnd,rnd/2013-8/497.csv,1138619,39b1e384e2f2d5ed873efccff817a343600a4c3d72631d73c511a25487a45bbe
GWA-T-12-Rnd,rnd/2013-8/498.csv,1150431,8582a80ff38f4fea96b6440f6d174114e68d0c743a3e3949311d4777a26abee7
GWA-T-12-Rnd,rnd/2013-8/499.csv,926733,bb14da5a5ccc878ff3f58a4faef9c2bb7313f622b20681148a37e4e53dc3ad4d
GWA-T-12-Rnd,rnd/2013-8/5.csv,1003601,5b61ccea345c85a1f506e9b4384a977b2e6cf53ab6bb1b2fd6fa3f55009449b9
GWA-T-12-Rnd,rnd/2013-8/50.csv,1123647,351cfac6b41ca778d9c7faf4132817d62e3481e34b27fd6a60d24020d12872fb
GWA-T-12-Rnd,rnd/2013-8/500.csv,1185149,7407854a3db138bf4f2b16d419f86f85984c5643ed0daa23e7b15bc082831c7f
GWA-T-12-Rnd,rnd/2013-8/51.csv,1121453,9309bb1e2a10ebe1ee6c1e6d0143a4e52e3cd56b42ea683e0217af42245eb88a
GWA-T-12-Rnd,rnd/2013-8/52.csv,1115171,d23f24b557f92054cff4d235d584b0730b40c5c8005fa91c1258ce0126ed693e
GWA-T-12-Rnd,rnd/2013-8/53.csv,1109818,509b15632abf979099a9becaa3ace8fda05b1db1fab127805fd53492308f15c3
GWA-T-12-Rnd,rnd/2013-8/54.csv,923266,492ebc6a2bec23980d411958f743ae5da94f80f6af42094eef827277b3c1be0b
GWA-T-12-Rnd,rnd/2013-8/55.csv,1113959,305b3a543073781ceccf9bbc4323f9bbed239e38e66be422658582c494b75b01
GWA-T-12-Rnd,rnd/2013-8/56.csv,1080662,544de91766b505eab8b0a7389dd86ff95fd2ca8d8d41621f7010a907a996d5a0
GWA-T-12-Rnd,rnd/2013-8/57.csv,1088384,a3b5efb64b825904e887681a97c3726340a56e832e21af54e47cbe5a44e71596
GWA-T-12-Rnd,rnd/2013-8/58.csv,1097195,3445bc51f4ea654492489b14b901deff7530612705726ff93ad11d5e3435a633
GWA-T-12-Rnd,rnd/2013-8/59.csv,1077003,616a466e37f97d4a382cbb302457e28e386b87f2a432759e551544f5a5dbd185
GWA-T-12-Rnd,rnd/2013-8/6.csv,968374,c10bff16c7a00c24cdc50d8e9848470c5a2c84dd9461046efea1f6dde4db3cdd
GWA-T-12-Rnd,rnd/2013-8/60.csv,1124036,2b22fd8d1d384d5cf4a42a98711cc39d1b048e90015fc4e32109dd28f386e937
GWA-T-12-Rnd,rnd/2013-8/61.csv,1092073,d637da96d4edc067d1e7d3b78b05c31615d0a8901cd77649d0bb1934db527e12
GWA-T-12-Rnd,rnd/2013-8/62.csv,1116125,e65d98cbea7e84b50914ba532b34483479b37d0317c725e821fe13e5d555bc6d
GWA-T-12-Rnd,rnd/2013-8/63.csv,1094592,987ca86f810c0f5392bf069d90d07ca5f224d27c88c4e54a24fb4e1ecf82138b
GWA-T-12-Rnd,rnd/2013-8/64.csv,1098270,88c448d4bd686b1a68124ef54480a7f7892dcffcb7f16b723c4605e9e964d79f
GWA-T-12-Rnd,rnd/2013-8/65.csv,1136303,2e5ce10ef3ca968b015f491d5050909d85594aeabe147cdcbac39434d395db03
GWA-T-12-Rnd,rnd/2013-8/66.csv,1112252,71b489ba6ec3a7c2fe539d1891d16bb5b28acd3374a09451952e62b1e708b22b
GWA-T-12-Rnd,rnd/2013-8/67.csv,1096793,e83a75af83d45c233a49c987aea5092e0dcc6dc45e24dcbffd9836a0e2c60632
GWA-T-12-Rnd,rnd/2013-8/68.csv,1079291,cad8b8395b010421f4a1a309262e5823a757fdb6cf01d4b3768eddd071838264
GWA-T-12-Rnd,rnd/2013-8/69.csv,1099466,ca78331cbbf8aaaf9cd82d4cf216faa3cc65b55b6bd127bc6713f67b23a54268
GWA-T-12-Rnd,rnd/2013-8/7.csv,1238456,2b24879927b38a77961940adf9db38ca72836e466a9a8cb53344d5e4c58d5ae4
GWA-T-12-Rnd,rnd/2013-8/70.csv,1059631,7d45d1ebc8b04aac3a447fce93195fc96e4dcfd606af16942c5a8657638b2bc2
GWA-T-12-Rnd,rnd/2013-8/71.csv,1063301,16faa4d157fd3af22c972046c04fe747ee3df2cd5847c3a600f1009a7822665d
GWA-T-12-Rnd,rnd/2013-8/72.csv,1094799,a532ca79005857c2bf4b18cb3cc6c0c0239e168d255faa10881d55a3b3c453eb
GWA-T-12-Rnd,rnd/2013-8/73.csv,1080071,0e4e4680ff60903d680efac675742d4ba620b4762c83ddb94b0f7636785907b2
GWA-T-12-Rnd,rnd/2013-8/74.csv,1067003,939eb0be8474ced1999aa054f13765290592636f9151468a76e0fbc3a6dca9fd
GWA-T-12-Rnd,rnd/2013-8/75.csv,1085069,491be6d490ff9b6626e8cba5827aabcefc582cfe012003c6b30d1f79924688d3
GWA-T-12-Rnd,rnd/2013-8/76.csv,1089707,81876eafb7fef03ba1f0fa027cf719cc208ab1379ba550feb30d5abf7d8ce8b7
GWA-T-12-Rnd,rnd/2013-8/77.csv,1077918,b5943ee8a0c80d888545314794f68c9eac8ab6c75d1691855affb11ab6a2a2d0
GWA-T-12-Rnd,rnd/2013-8/78.csv,1077053,a1b9b58f4f9600f7a727865f75d1768abfe722a90421c2e50cc85e8021c3cb49
GWA-T-12-Rnd,rnd/2013-8/79.csv,1062676,4f3692bf9e33ec2a851aecafc6524a484306a750a84f894db0f26a7c3554dbec
GWA-T-12-Rnd,rnd/2013-8/8.csv,1151459,c930a9e13e2786fbc77dcd1add2ded012abcf7620a9a56a74633965ff8495952
GWA-T-12-Rnd,rnd/2013-8/80.csv,1083621,f07872e2dda6a307f15858a1cbde27f8ea6fe4edffb3c935c7fd3e3f598c729b
GWA-T-12-Rnd,rnd/2013-8/81.csv,1060654,fac15723a0d19714e41dd74d3297647aa960a4b58b679aab8de70a9c807afd55
GWA-T-12-Rnd,rnd/2013-8/82.csv,1266680,9c00ff2e74679700716e372bd497bd9b5a5dad1cfcfd7542db50180c84ce6c76
GWA-T-12-Rnd,rnd/2013-8/83.csv,1115188,43616d5252bc77c5782a99aeff98eb38b01f78ed872dfdcc0eb655a8ef4262d0
GWA-T-12-Rnd,rnd/2013-8/84.csv,1079132,02913a0c47c5acd3c6a59e580f39bda78c5ac03a82ad653d640423e09ab74b48
GWA-T-12-Rnd,rnd/2013-8/85.csv,1102197,e2ab0c38ce976b8d760ead099a22ece2cc1dfd8b7e3dcebed753c16544ad6102
GWA-T-12-Rnd,rnd/2013-8/86.csv,1125875,b43bd27d6183e5df18099d89d296c716a0e6c6631062ac11e3e0472222a36aca
GWA-T-12-Rnd,rnd/2013-8/87.csv,993781,4f206d1fd383219ccf041d1a5e09ec68c7e4cb26050b3348581633f63cdfec51
GWA-T-12-Rnd,rnd/2013-8/88.csv,998487,6cd33029983cc7308ee58df3c7b17cc4a966dfbe817502cd1b62aedef78d6942
GWA-T-12-Rnd,rnd/2013-8/89.csv,1316486,5ea7124a9a5cc4ee9e29e690f7c42e1ba40c2067863d7960c12a65b8cbb915f0
GWA-T-12-Rnd,rnd/2013-8/9.csv,1168443,f9b0469762b3a402d21fbb532f02251b443b0f29c6e4cf78b094ea2dbf52519f
GWA-T-12-Rnd,rnd/2013-8/90.csv,1104622,3a6ca7fc91bfbbf5e5b57ec45e8546373ff3c436d77b3f8b8fa414cf824e422f
GWA-T-12-Rnd,rnd/2013-8/91.csv,1069471,a84853743275fbcac57d54a98a77d65d30eebe3d0524115ef5a1c6e56ca2861c
GWA-T-12-Rnd,rnd/2013-8/92.csv,1015207,5ff184e08a3d1885e8c51dc34106ed200d75c207f8eeffeee8bcff86d6ed6528
GWA-T-12-Rnd,rnd/2013-8/93.csv,1341983,7a1fac226f7d75d21777f952ad944949af2a3f7d650953249f7f907a2759c911
GWA-T-12-Rnd,rnd/2013-8/94.csv,1190679,8f70539e686100b05476f8015e9a5435cd50aa69456fc6b9155f4e2be5268494
GWA-T-12-Rnd,rnd/2013-8/95.csv,1170985,89f092d7c78ac2dd3beb5af3c8f6ffaa800fadfa05efba644f164aa155210650
GWA-T-12-Rnd,rnd/2013-8/96.csv,1146784,36a3454e2ec0c40456f539a6e3dee32d69a43eca1ec62736bdf59b667d107e0e
GWA-T-12-Rnd,rnd/2013-8/97.csv,1143059,7d5369848f8207351731f825de8c90bba6781e3126f9fbe1e23b544bafb3385b
GWA-T-12-Rnd,rnd/2013-8/98.csv,1015909,fbdf37af5780a68144bba92924fd10a730edbb38632a0c862e7eb0ecb866228a
GWA-T-12-Rnd,rnd/2013-8/99.csv,1022322,3d8e55ec68918522a7de03ad81211fefe9fa4bb19f45ff11686c30835bbe7865
GWA-T-12-Rnd,rnd/2013-9/1.csv,997721,1e23493438e43a1660d1d6921b4de7adead8d5ca85bd4eb0f2db35b564367d05
GWA-T-12-Rnd,rnd/2013-9/10.csv,1225184,eb2ed92ec575da71140d8a52b1869e27fc50cac28ca4936d91cbdf2b189048bc
GWA-T-12-Rnd,rnd/2013-9/100.csv,1022314,f8efa8f908d292fba07d882657093b0568045a35a37d3482da51b8d203fd8f8c
GWA-T-12-Rnd,rnd/2013-9/101.csv,1018427,8280856d642833b7a4c2f6c9a145bc2f6fd81bda449706b59a4820ecb6b8d9b5
GWA-T-12-Rnd,rnd/2013-9/102.csv,1115549,d48395f757b7f489ed89f93b44b6c23e3c8d49e43355bd3096ca15ba2c0297fa
GWA-T-12-Rnd,rnd/2013-9/103.csv,1114907,b94b5238c250b926b3b3370f006253626d62dc48509b4a82560e16872020b4f0
GWA-T-12-Rnd,rnd/2013-9/104.csv,1099949,4d44073eac590a5f91a31bd05a0ade24859cd30adbbe5bb611d11444363ec77b
GWA-T-12-Rnd,rnd/2013-9/105.csv,1106165,a71e569966570458c530b46378b3fbb5d26dbbc87e218f8b16a3af7ad6b1766f
GWA-T-12-Rnd,rnd/2013-9/106.csv,1370820,54f47aec8dd14f44b41bbed668be7b4469005157dacc72ef03f1e243d53eb3ca
GWA-T-12-Rnd,rnd/2013-9/107.csv,1386662,7fc0780fd45e2413667a22b0387c07d952c974206432cf97e9120570134f5e5f
GWA-T-12-Rnd,rnd/2013-9/108.csv,1099681,650be1a05e27942c8c123c45ca0d5398ff60980b3049ac17e53522560bd22ed0
GWA-T-12-Rnd,rnd/2013-9/109.csv,1131684,6a5c63cc4abb035ab23d28f710b8fa675de5aeaad7005123daf20c00ae2a63e9
GWA-T-12-Rnd,rnd/2013-9/11.csv,1107330,b06017c2ab167de0feab632b78bd9f395b0f2bbfbfd1504b6a80e609f71b6169
GWA-T-12-Rnd,rnd/2013-9/110.csv,1138916,85534e733c36880c4d0b75bc873d080db527827793249ce944d0af2e3d9cc0c6
GWA-T-12-Rnd,rnd/2013-9/111.csv,1104362,474773f56053f1a327266645416b6cd6df926bf08c99023f5d8269e3fe5c0360
GWA-T-12-Rnd,rnd/2013-9/112.csv,1135026,8c4bfa523665dd8b4f7f3dc5c3b952371a42586873c6fab5f09acc35f54fd659
GWA-T-12-Rnd,rnd/2013-9/113.csv,1134321,1ad1a8f0213d0e54ce4949c2f3cfa1cd0fa60f7bfd2a1158368bb00c73f6ee1b
GWA-T-12-Rnd,rnd/2013-9/114.csv,772715,665c7276dd93962b676a85ffbb0375b019b85a709cdb873b4659ac6cac52575e
GWA-T-12-Rnd,rnd/2013-9/115.csv,761648,dd61c3ef67f92b1d1cfa08f6c14c3371dd5e1caf958cead3615a4a1c5d9d1fa6
GWA-T-12-Rnd,rnd/2013-9/116.csv,742624,d17155a27937e4451d5dbb781a10666d8d8d9ee90ffc493586fd723dcd758e60
GWA-T-12-Rnd,rnd/2013-9/117.csv,755690,b21445ab5dfefafa26a644bdc1ea964ca4703542bd921b870e5fd9b6c1d8c474
GWA-T-12-Rnd,rnd/2013-9/118.csv,785438,5ed18ce232927f3228854063d290be163f4aa2b01d218ed4e755a609acd2003d
GWA-T-12-Rnd,rnd/2013-9/119.csv,794629,005673bc8b054875b7539404622d65afe60142c0bdf0b589904498981553beb3
GWA-T-12-Rnd,rnd/2013-9/12.csv,1056080,e6911891d1ef3bf94c28a35edcd5a304bcc8258808888d4066016ec37454a1da
GWA-T-12-Rnd,rnd/2013-9/120.csv,818702,569a5132fef9e3192b206fc513825baa97778fd95d9b288ff594ed07c155ced3
GWA-T-12-Rnd,rnd/2013-9/121.csv,1202530,626c1f0fb93682d629b886ce9b70c7e3678dcba893ff08b269244c4f8de58aa3
GWA-T-12-Rnd,rnd/2013-9/122.csv,1063743,12d4edc918f72b17a39db9359acb553e8262081da7538c8053f34f58582cb214
GWA-T-12-Rnd,rnd/2013-9/123.csv,1063693,ef5e3be72ccc3fc18f926c5291ac94f91fd72dcb39e0d1ec2efc5cf21e4ad9b8
GWA-T-12-Rnd,rnd/2013-9/124.csv,1030244,ef23cdb362205bb89edb09deb3a8ac1804df6c6ffa39d681420eb4f4f52632a6
GWA-T-12-Rnd,rnd/2013-9/125.csv,1077544,e77658a8c038f25bdffbdd1f0d2f17cd00ab26d25e2847fd5739d34d9306fa81
GWA-T-12-Rnd,rnd/2013-9/126.csv,1058842,49d07dcd5a121f2bf7b9edb09b39b50bcfb371ba8942bf35f122b12f4c4f6cd4
GWA-T-12-Rnd,rnd/2013-9/127.csv,1052701,7da69f220997b4c9f6adbba3279299c8ff056dade447a783a0754a613870a925
GWA-T-12-Rnd,rnd/2013-9/128.csv,761236,404391ea254ea3e1bf78d3b2308cc36f0175106ea0f7795621a0d79f159a920f
GWA-T-12-Rnd,rnd/2013-9/129.csv,752639,a24e13065ab871fd89eee80060463c98cf97df0439292e3d48ece4aba54c7c6e
GWA-T-12-Rnd,rnd/2013-9/13.csv,1133494,bb581716fecc5a72ed9628ee1861dd4ae56fb1c774a30747f09df71b6541e8e4
GWA-T-12-Rnd,rnd/2013-9/130.csv,751310,cd4bfacf9e6e53c7fa3f2258bdb22f4e6e092917ecd3f91dcb816ca000f46f50
GWA-T-12-Rnd,rnd/2013-9/131.csv,1082111,a2566445034819eb43f594b9645e31a1ee4b06bf21c20cfc8f7147abb6427826
GWA-T-12-Rnd,rnd/2013-9/132.csv,1053376,99f3f960f700da57ee4432ce719c5af78cffdb8d0617587bda237d30a9592e57
GWA-T-12-Rnd,rnd/2013-9/133.csv,1074112,8e4daa5aeb2786ac540ef9c06d83904d0e3d981913f462253e23b1cb180351d0
GWA-T-12-Rnd,rnd/2013-9/134.csv,1073619,ff067fcb10641239cff42c11eefac14d08c6f304f9cad0798de47ccc66ef90e2
GWA-T-12-Rnd,rnd/2013-9/135.csv,1069450,1ea4df2f13dcd04b09e7811b517564585660e17d50d06e1c230943d141dcc564
GWA-T-12-Rnd,rnd/2013-9/136.csv,1048856,ef2d4b1ba0f45ad8b812b242f49c85d1ab2de48606ad0e50f9f4ba7a92191e50
GWA-T-12-Rnd,rnd/2013-9/137.csv,1032589,95e078a92505a78379402573627dd052ed8bcba097cf9d956c94fabfc4c435d0
GWA-T-12-Rnd,rnd/2013-9/138.csv,1040817,7dc8bb5f815e862347ee8f2b576f389cdffebab78ec0a7159c0c3e6eda7645a0
GWA-T-12-Rnd,rnd/2013-9/139.csv,1034835,368552964783afc1ece8621a236fcebe506eacbfe014fcc987ef7bedba22363d
GWA-T-12-Rnd,rnd/2013-9/14.csv,1200249,13d6822304815fb2686eff4f87148dd66ec2c1437083d9a07ed3aaf6942f18b4
GWA-T-12-Rnd,rnd/2013-9/140.csv,1065641,fca9e7e98eaaac2176345fc5c8a519ec6621c025a9ac1dec9264672cb8976ee7
GWA-T-12-Rnd,rnd/2013-9/141.csv,1042049,b71e6e24e03876ec7ec1d4cd109fae0e493353d084149b42311b1bfb31e1af1f
GWA-T-12-Rnd,rnd/2013-9/142.csv,1052626,ac303b7e58ae7136670d46f631b2b02fde234f2d1c1f2f571ba59bb4a24386b9
GWA-T-12-Rnd,rnd/2013-9/143.csv,1043203,452ca182e3cda64f614a49c05534a7fbc2ec8519483298e7a5253b5e933b7805
GWA-T-12-Rnd,rnd/2013-9/144.csv,1034095,f1cfbb1eb31f88eb51af559c28fb1c6f07baaa508d0acf8895af32382fc86251
GWA-T-12-Rnd,rnd/2013-9/145.csv,1065814,2cbf68bd902081ce2aabe11b8bc700dd160abbf3cf99f82a142bda1f7710617a
GWA-T-12-Rnd,rnd/2013-9/146.csv,1063467,1cb1f58f2b5ef9b66caabef002bae11abdbb0da338b4d8fa2ed888e9a1e7159d
GWA-T-12-Rnd,rnd/2013-9/147.csv,1055471,49b48fabfef013a0567c0751ac4958998d5c693d8dd942445dfac8faaeb45ace
GWA-T-12-Rnd,rnd/2013-9/148.csv,1059951,ef60d3f488de95bd4e1db46dd8f52abbaebce230212b17b4a9163166cc3d6242
GWA-T-12-Rnd,rnd/2013-9/149.csv,1058627,28a4fc9395c32ed7458ca5af141dc82894cc8b61b59cb87395680fb82cab9dd5
GWA-T-12-Rnd,rnd/2013-9/15.csv,1139631,fab8b242167174ab362f6f9e64853f4deb0e99186cff297be9c54b7c62773577
GWA-T-12-Rnd,rnd/2013-9/150.csv,1067764,a3148d2e8510aed6df2a90467622c2359e9bb07967a5c87bb7629a0053ef3b11
GWA-T-12-Rnd,rnd/2013-9/151.csv,1061809,b586c304d772aab492ddf16f988b40116e94828535606eb065996df3cf13ea5f
GWA-T-12-Rnd,rnd/2013-9/152.csv,1076135,fd639f1232ae90dda0b58281f7aa7f481a57bbf0ec9c7b6d722f6a1175e82900
GWA-T-12-Rnd,rnd/2013-9/153.csv,1054708,81a33b7a0f7e8920b46ef6406a5c52b5c54118cdbd29ffd251b053564d1880ef
GWA-T-12-Rnd,rnd/2013-9/154.csv,1042960,8c64658eddab4f84d2ad92d0e4ed664bd7f7f419666f6836e3aef47c172bd4bb
GWA-T-12-Rnd,rnd/2013-9/155.csv,1059615,a9936fdbd4c5479c3279758908d8d324c85864a247ac1fbb906cb674cc550eeb
GWA-T-12-Rnd,rnd/2013-9/156.csv,1057257,89ad0595b058fe2a02f36a8458b230b28c7ae3dabba3f567cadbf5f63503746d
GWA-T-12-Rnd,rnd/2013-9/157.csv,1040383,f7e14593486c91a88543585c6babe28385cd26c3171182479c8d53da0c38b1ee
GWA-T-12-Rnd,rnd/2013-9/158.csv,1082306,08b3bbf6e2c7784045bd337d782b85e74c65c045092991692670fa660a4fb849
GWA-T-12-Rnd,rnd/2013-9/159.csv,1073129,9e43b41a538bb6b6866cd849d36ce9a3435d8c1102a787568aba5c9931ec76ba
GWA-T-12-Rnd,rnd/2013-9/16.csv,1077150,ca89a6ee545d87ab236716367f7d26e7ef428f0c614686ed9fb577d0ffce4e87
GWA-T-12-Rnd,rnd/2013-9/160.csv,1029651,5a673f2114eab842d6b458ea51fc1dacfa3e2e0dfe167747cd087454765a118f
GWA-T-12-Rnd,rnd/2013-9/161.csv,701700,9a563e079eebe0fff2f9b81c453df549abcd07e6a7e800cee03f1cce25dad316
GWA-T-12-Rnd,rnd/2013-9/162.csv,829363,d75f4c7733c20d72bf206349eb04adfdf97a3916810796535cc57d9df315e732
GWA-T-12-Rnd,rnd/2013-9/163.csv,1139904,b642d54b86351a3472421b03554904165b4a650205e979af8fb5e5268f097542
GWA-T-12-Rnd,rnd/2013-9/164.csv,895850,b742b6e18aba664922ad174a41dd8b782626335b4733efbb4dd8229d35c51930
GWA-T-12-Rnd,rnd/2013-9/165.csv,862186,d81b0d83825ba6d9d71af75fee63ae9a6e3b368646c16ce377f896d4496e8e7f
GWA-T-12-Rnd,rnd/2013-9/166.csv,897610,df742a09a961240dab051b90bd075fdf72b984e53a54aa150abc82419f28e08a
GWA-T-12-Rnd,rnd/2013-9/167.csv,1061924,8464faa08691d8dd89cd74c3186ff9d5199786b282d9ce948ee0901334dd3be6
GWA-T-12-Rnd,rnd/2013-9/168.csv,1124572,b8d1411e42bb4a40cea2715a88701d9cfa87ec01f6a78c7d1b193b8991a3090a
GWA-T-12-Rnd,rnd/2013-9/169.csv,795306,9727daa9fc4046b67ab796f4ed3eb899aa1aa12b4064b593e45fb658707e9194
GWA-T-12-Rnd,rnd/2013-9/17.csv,1097971,6299441673b3eab0512e1d023e2cfb967d26a41cd61da0d3555e1eeee93ad472
GWA-T-12-Rnd,rnd/2013-9/170.csv,1045123,152a418255fc0e40bbdffc47adce10f6aa2739b18968f6804bf4377085a6fccb
GWA-T-12-Rnd,rnd/2013-9/171.csv,704943,99786e5fec2bb13185d40fd7d882aabc6a8f68183180fd8d81f2aa88b07f90fa
GWA-T-12-Rnd,rnd/2013-9/172.csv,670318,ec861427b57db672991f2dd61462f023f060e4c302c447ea17ba90ab76412a16
GWA-T-12-Rnd,rnd/2013-9/173.csv,667572,4dea8a0663506bc3172057d52cbf11be952d01f2f7e58f8e748119248012816f
GWA-T-12-Rnd,rnd/2013-9/174.csv,660317,3eb6a591b44e7b03610dbe1a2dc097df0b6c1d8acbf7a25addbdcd244c4dfaa3
GWA-T-12-Rnd,rnd/2013-9/175.csv,668309,5efaa45c15c1e549e5cf80f897a18c1505b72048eec26ffebcdecdb073b7f353
GWA-T-12-Rnd,rnd/2013-9/176.csv,656647,fca67448014f9eb68ebd45680c58cf7ebd284ee190fe56c96aeb4b750248408c
GWA-T-12-Rnd,rnd/2013-9/177.csv,1080229,722f9dc0df21b6ecf9efa974e8ba4e6062c4ff05849f5fa1c16edae70110f931
GWA-T-12-Rnd,rnd/2013-9/178.csv,700558,acc714a9171fcdfd49ccfbe894488e5fe2ae23d2f9a52b66079be25050b3fcd9
GWA-T-12-Rnd,rnd/2013-9/179.csv,1060914,5c71cf5c3fcf240cb1a53e01db1f330148705f014b605b602ee3d969a587e738
GWA-T-12-Rnd,rnd/2013-9/18.csv,989298,d6c279cdb3aa776a308bc96001427a2c556ab5cc4fdc9b680f244d6d8e89624c
GWA-T-12-Rnd,rnd/2013-9/180.csv,1017334,2482bd3cde904c99f7fd551e90eb907d8445abbf49d5a9310f59c0d97f736763
GWA-T-12-Rnd,rnd/2013-9/181.csv,1116425,2362a8e2f6265279e3d493104f92fc0dee06552dddfd0c7a546a9205b086fa96
GWA-T-12-Rnd,rnd/2013-9/182.csv,1010453,5af12e115d25bdeab538f538517241a70cf1a730296e490bee72fb8ea6f15c0b
GWA-T-12-Rnd,rnd/2013-9/183.csv,922878,f28b122845ade7fac747e8115dab540f1b9d10d2185e16a9331851620d66fc96
GWA-T-12-Rnd,rnd/2013-9/184.csv,825197,b478577cc69db6ad3f9c4f4eea2affb498b85d11e917fa872baf284706185f05
GWA-T-12-Rnd,rnd/2013-9/185.csv,1017333,3661ded17fa1c776db57dc9da54888b62baf391902c32a251f22388c83219395
GWA-T-12-Rnd,rnd/2013-9/186.csv,1007199,e1de32a391374265bb82fad84e764431a88ae6b61ae7701bdb7f4ecdb68c9c1c
GWA-T-12-Rnd,rnd/2013-9/187.csv,959734,0ed190c5d266f0967131b049a5e6a295739a2e96e380a18620e5f742a47b81a4
GWA-T-12-Rnd,rnd/2013-9/188.csv,1098667,4ce4c76696fcd6e8e49b6b01a5924168edc2564a4dc32889e849102901a6da7e
GWA-T-12-Rnd,rnd/2013-9/189.csv,905321,d1c0451fe08635a954c9ab53f98e30db6d4e1eaf88914883c6e9d9b03fa2f2c3
GWA-T-12-Rnd,rnd/2013-9/19.csv,992527,82603107285f34f48c17fbfa448c33dec2ba6fa9d4cf071b0149d311d4f55710
GWA-T-12-Rnd,rnd/2013-9/190.csv,572486,acb6f8d2b9fe7e48707d23baff8db372362f211c120b8eec8d28aae7c3c6469b
GWA-T-12-Rnd,rnd/2013-9/191.csv,849146,00d453cd6729953926a73c2f90410d54e2ee5963bdcebebb5b5015e746120371
GWA-T-12-Rnd,rnd/2013-9/192.csv,989558,7242b2924d7ff37739ff844b8ff7e0c9aeae8009b63b34fe539e6f33d42525fe
GWA-T-12-Rnd,rnd/2013-9/193.csv,1066256,483cc46b3dc608c3d1d2d1a4a1f0c36b5978377fc9fc39bf38a23dd2320cc8e2
GWA-T-12-Rnd,rnd/2013-9/194.csv,924393,09127e30bd88302d8ea2abc9c47014e79edd7693ee9d7f4b06f25a5df82d7c8c
GWA-T-12-Rnd,rnd/2013-9/195.csv,907446,34d0b5db25ec37cbd93275c00651c05ae59266108c5daea2206a3967171386d8
GWA-T-12-Rnd,rnd/2013-9/196.csv,912346,27e0686279089decb044016783fb1c56cf032ce21a6a787b0b5b2d5fac5b4b50
GWA-T-12-Rnd,rnd/2013-9/197.csv,926974,045b5cb7a956bcfb379417a76d908fd03763994c27aa7bd545346bc694f3ba00
GWA-T-12-Rnd,rnd/2013-9/198.csv,1136511,9c5c7e4ede07374983aa0a0f6d9a09f7e6e1017641d957826e5c269c77381b91
GWA-T-12-Rnd,rnd/2013-9/199.csv,1086288,42002f074c3a2c17374b45478f75711261f5ec20f59973cd66a1ff45874c7f33
GWA-T-12-Rnd,rnd/2013-9/2.csv,733443,e9acfcb2954406b8df7198ae7cfd97577d30d93b4c744939dc233b5585f7414f
GWA-T-12-Rnd,rnd/2013-9/20.csv,1028310,44623af24395bfe3a3d47cddca5d60e0c72fe2ead55eae193f37b52abfaa31e8
GWA-T-12-Rnd,rnd/2013-9/200.csv,1084686,534df47c68d13b3d34472a2bdf5d7a1097ebe87ebf412fa005252efa75530fee
GWA-T-12-Rnd,rnd/2013-9/201.csv,1068477,c034beaf7ef3bdbcc5888c0e0fa57b83030a5670e2141271742e5f29bbabe4d2
GWA-T-12-Rnd,rnd/2013-9/202.csv,739169,805f6fb469a2a14cf240e3d0bb8014b54e9556a18231cecff627f34a8039691d
GWA-T-12-Rnd,rnd/2013-9/203.csv,1108156,30424f1d6d0b4bcb5a8bd99c72ac22e3866b4acf36b33c844a7695d84f09c5fe
GWA-T-12-Rnd,rnd/2013-9/204.csv,1119161,9148a3839892f8d2f6acf1503a68e21d6a4c1079607448a65def23033080cacb
GWA-T-12-Rnd,rnd/2013-9/205.csv,1011743,8c1384a5b828204f3da5cd9b18f485e76f4867e08895763b7a4f0032d58b9428
GWA-T-12-Rnd,rnd/2013-9/206.csv,1003170,343b368efc11625d76c96a050ab18bea33cdcb0e7d081b750059f6ba06d7d9a9
GWA-T-12-Rnd,rnd/2013-9/207.csv,889275,10415ab1d8dfee32434e20d36fdc2d4d093d5e6b5701fba45d81d458046fd26f
GWA-T-12-Rnd,rnd/2013-9/208.csv,910254,660157444c4b15c7d4018e23f2dfdf5a8be01b429f8fdb037f7bfd560b24085c
GWA-T-12-Rnd,rnd/2013-9/209.csv,1021284,75e655d16ffbac0697af1091c943750bfeb629ccd9109aff34ebbb48e1c9423d
GWA-T-12-Rnd,rnd/2013-9/21.csv,1061883,ebfbb9e0848ccd6e700c349eeec8b06829f4ccbe184312ad56c47c2c3876b10a
GWA-T-12-Rnd,rnd/2013-9/210.csv,1036967,512ef3983742fd4455f239605939560b2453e170cb2ce49c680e459ed2a229e1
GWA-T-12-Rnd,rnd/2013-9/211.csv,1158290,037bdeecfe99f4751da332666adda192492a04fd8d304c5b15420d712d4c38af
GWA-T-12-Rnd,rnd/2013-9/212.csv,1052723,26d130c3231dd71543ba9bbd1a8533d6de8968a82bc7874bd23a234de404deaf
GWA-T-12-Rnd,rnd/2013-9/213.csv,985950,cbdfd943cb0e0755db471524b2663c7c031d28ba0ccb19695bed82cf6998cda9
GWA-T-12-Rnd,rnd/2013-9/214.csv,736734,24a5dfc9ebc8ebb8f26e39d99b7d5c211a56d4d7749cfbe46a840ca7f72148a7
GWA-T-12-Rnd,rnd/2013-9/215.csv,857360,512d4f8827c436020ecb0845f95bc98e8e7eabfecf5152522a0f83ac54ae2b25
GWA-T-12-Rnd,rnd/2013-9/216.csv,936754,618bf8027d743289eab4c9e1b5dedfcba1350554d67b7501bea1a8ca71319c19
GWA-T-12-Rnd,rnd/2013-9/217.csv,939075,e4c41adaf18ed52c2d9ef5cd187f04235d394e1574d21d281dd704086d1cf54c
GWA-T-12-Rnd,rnd/2013-9/218.csv,1110411,67bdb81b39a4f4f671af30e8fe5b4f75efc68b5c56ac4cf82c4ae5af87d8fd27
GWA-T-12-Rnd,rnd/2013-9/219.csv,1171794,695ebb3faac93579e62ac2b4385bec47e135654d7b62de0a66a5b6040df80c2d
GWA-T-12-Rnd,rnd/2013-9/22.csv,1118724,eaa24e2bba3564e54ad63e42356fdd01f39437292ef4a242c7e59ca20c874e6d
GWA-T-12-Rnd,rnd/2013-9/220.csv,1294348,accb660f9c83eaee7fb330cfd2cf577623d12a81b8d9b4119df80473b901664f
GWA-T-12-Rnd,rnd/2013-9/221.csv,756946,617042b679da3144bfad63f961cb0e8eecab60acaeedefb3e1492ff29189d6f3
GWA-T-12-Rnd,rnd/2013-9/222.csv,1098952,2686fc0d60267cef1d6c956e309cda7794b16e7cc9a79348cf246308e331ecf7
GWA-T-12-Rnd,rnd/2013-9/223.csv,790497,b8163c127cd64b2f45076444f33f3ad2e55c695836962314d9c19ed695beb953
GWA-T-12-Rnd,rnd/2013-9/224.csv,924041,54a83ced70e751d9d56e2ea07d2caf5ea3998f7189573fa10ecc3d98409c99ba
GWA-T-12-Rnd,rnd/2013-9/225.csv,914051,96b5df8685ae6815e01829ec1061794808dc2a4a16b519a3046eb59d6fb07bda
GWA-T-12-Rnd,rnd/2013-9/226.csv,1078872,2079f45533720509116d098d2c98e45313a5317041441aad82143b642cd2e80a
GWA-T-12-Rnd,rnd/2013-9/227.csv,789006,ec33811bc1e19d67c92186808b5c090203c7a04d3755c8f13f83ce54825ce8ab
GWA-T-12-Rnd,rnd/2013-9/228.csv,1140960,578880a49f8bb6ec3446fd4bf9aa40d48c9249083090af44ce555d31e02422ef
GWA-T-12-Rnd,rnd/2013-9/229.csv,1009645,0c779e0792868d227e669f41b5501c65da744fdb56cd08e61c9d61dd55ee2fe8
GWA-T-12-Rnd,rnd/2013-9/23.csv,1056319,5b38cac56f9b012d5d767e1a395aedcff475c4860a9a323a1909b99696bf7dc5
GWA-T-12-Rnd,rnd/2013-9/230.csv,1070472,f26edbe0b320097450b737a4655a3f220391c339038dd3bd9f940701108088fd
GWA-T-12-Rnd,rnd/2013-9/231.csv,1153186,e313411c3d7b81b1418f0abcdaf811bd22b7c17de1b5e55f60050eee6822b643
GWA-T-12-Rnd,rnd/2013-9/232.csv,887798,a2fbaae8a6ab22beabf7f25f2744cfa4887829ac9c0a251930125081cd177116
GWA-T-12-Rnd,rnd/2013-9/233.csv,883829,448c9a597f3e4b1451e1b900788022d858630e08170e6f22798b22473eb65f3a
GWA-T-12-Rnd,rnd/2013-9/234.csv,873295,af38401fa7f9de9c36a052a7509ea0f308b0a3a647a5902e9ce5afaea033297f
GWA-T-12-Rnd,rnd/2013-9/235.csv,835069,52f0aa793c7777d724ffbb1d625c3534634b397534d18bd002e5870436011d2b
GWA-T-12-Rnd,rnd/2013-9/236.csv,1055492,230546979eea47fa381acf3000360daf440ce28581f842e07c819313f7aee97e
GWA-T-12-Rnd,rnd/2013-9/237.csv,1242845,1736083d06f0a5741e5a7f3c85e34e6eee7b3b830b0dc6ce85b2cde9703fc3d7
GWA-T-12-Rnd,rnd/2013-9/238.csv,641976,be4f8b49657dfe9363057e8c4a73a256105325a8992892c42c386f819b5fdf87
GWA-T-12-Rnd,rnd/2013-9/239.csv,955117,58bde60c762d6172bbc5b99ac30ae686317705dbc45b2a583a69f0a3bab197a1
GWA-T-12-Rnd,rnd/2013-9/24.csv,1036237,d531e5c299a0edc4fa345ad12e5aa9925851939b4518aebb236cfd3a72c532a9
GWA-T-12-Rnd,rnd/2013-9/240.csv,640792,493873aca9d467ca343830976d20907b630cc1d270827ead6b9000f46eb5fff3
GWA-T-12-Rnd,rnd/2013-9/241.csv,1124468,264e91d310dcbf542fa87d0a0255a6976db5c881ef1c2453ab32b7a568f64330
GWA-T-12-Rnd,rnd/2013-9/242.csv,1026067,2b16737a6ebe3bd26ed18d2f593fd557c3cb585a2f3b8f2adf07a9cf8cdc38a5
GWA-T-12-Rnd,rnd/2013-9/243.csv,1077734,102a4c5b08100dcde27dce93503d50eb4851b7b83df87a7c46ba336e3c934218
GWA-T-12-Rnd,rnd/2013-9/244.csv,1100336,fd07624624030402daceca0f1362ac87845ba90431dfc60ae6c8f5c6d81c3dd4
GWA-T-12-Rnd,rnd/2013-9/245.csv,1099135,760c9c0a4b531e2bcf4a2f609af23893f6c80a41ddbcb71709f6eb92b8325107
GWA-T-12-Rnd,rnd/2013-9/246.csv,1090398,80d36309af853f107a825093320fe1bc13aada4ba688cf6fe3ea0a21518886ba
GWA-T-12-Rnd,rnd/2013-9/247.csv,1117119,4b96d1f300cde84a54e676c0e4e911bf685cd365b93e7125cb6bac22c3cedbd2
GWA-T-12-Rnd,rnd/2013-9/248.csv,1124702,ff2add94bf80ca9255a8bed6f36cbbc0278a9906c0b9d17542b0dd4165b36aa4
GWA-T-12-Rnd,rnd/2013-9/249.csv,798878,0f4cf776fd6d3dcaa04e3bc896123ce697944951cfbd3fba4ecc3e26ceac11cf
GWA-T-12-Rnd,rnd/2013-9/25.csv,1041275,12c4c66ea0f73530593b68677d4c1e6612dcc74abb1f14fbdac2fcb94d7f9e33
GWA-T-12-Rnd,rnd/2013-9/250.csv,677761,2a2f0b9fb93acd1a292559eace04fbdb2d06d9f3fa39254d6aae90a0e985b19b
GWA-T-12-Rnd,rnd/2013-9/251.csv,862240,3548f97c0e7877fcb19d8a39e9bf8cf8bf3644d14956d1c9fdca55f945bccc40
GWA-T-12-Rnd,rnd/2013-9/252.csv,1027499,f0307cfa2255f6562a2b3c07e69be6fc7b2e236fb7dea0d08fc246720408a1ba
GWA-T-12-Rnd,rnd/2013-9/253.csv,1025591,6cb8ac5244d31601c6ec2776f08f44072a89a0a591128db89cdba067bd70d2c5
GWA-T-12-Rnd,rnd/2013-9/254.csv,1054001,5013cc22a28865ec6a023540eda10426b51e4a60c310513fa5a56e7f9c2119f6
GWA-T-12-Rnd,rnd/2013-9/255.csv,1158885,4982f93192a7fc21dda3dcf20564ef304dfbb49499c19490fd63a6e73762c316
GWA-T-12-Rnd,rnd/2013-9/256.csv,1179504,bc0d1cf0edb15d592ecc450e322d9fab02ccde47fb7b6170ef69ecc665412148
GWA-T-12-Rnd,rnd/2013-9/257.csv,1042142,4c44648db24cc12dd7d60d08eeaa836835bfaa0efecd3579b72a114a1dd4203d
GWA-T-12-Rnd,rnd/2013-9/258.csv,1099165,1fac29edf316d2333500a54ce213e1cd54e07b11e8b4c6caaa290edfb3023cff
GWA-T-12-Rnd,rnd/2013-9/259.csv,1040166,0b1ac1568c9a205fb14c073b23ae19011c438d538dec563d224aeb9daf2e6e85
GWA-T-12-Rnd,rnd/2013-9/26.csv,1132753,ff849dd3fcedfde5d1ffc9208264a8099f0233282a3270cf4855fdb1426d7ae8
GWA-T-12-Rnd,rnd/2013-9/260.csv,963806,14763e780f207c55806322dee5486a30ada5df505c75a96e9682c3643d222204
GWA-T-12-Rnd,rnd/2013-9/261.csv,1197237,56695352941c035122888e23f04525acbf26dfe05fe10b5eb8485ec129c29ff9
GWA-T-12-Rnd,rnd/2013-9/262.csv,1177657,99c1d510e3cea3029478b9f8b705c3b3454fb24a6ff78c4b688e353ea7d6cef0
GWA-T-12-Rnd,rnd/2013-9/263.csv,893808,6c00f0e9abc775e53f2ac2a094f80528b079246dd04fc2fd692799612acf7db5
GWA-T-12-Rnd,rnd/2013-9/264.csv,1135418,f7a7ccd5ff32ddc4579adb4b298f0792bedef0e41602b8cee3ba8877ac97e712
GWA-T-12-Rnd,rnd/2013-9/265.csv,723918,4703728a2921427985487e0821cbcff34ae84829e6412c451f482ae1b7300781
GWA-T-12-Rnd,rnd/2013-9/266.csv,1138833,1fad6687f687abaea05f3ffef5e5923f4da162bd5e5e27fb51eb894b3df48a8f
GWA-T-12-Rnd,rnd/2013-9/267.csv,1144685,6a20b48994061b25873a52de9c9cad8a0033087a6a9c414ac869739bcdb90735
GWA-T-12-Rnd,rnd/2013-9/268.csv,1123950,b380d541dccd73336eb2c5b0c99dad76dcac1d6be6dc32bd938f819ab378cbc6
GWA-T-12-Rnd,rnd/2013-9/269.csv,1115095,596d4fbd3e3711366184da9a08646f1f2aa0bb334c3c49bae0b411bf55cc5265
GWA-T-12-Rnd,rnd/2013-9/27.csv,1098198,613b72cee8e11a4c4cb2973c49443fdd27441b2444951943bdeabdb66a19a203
GWA-T-12-Rnd,rnd/2013-9/270.csv,1152576,cf16d9267f3730d5571d42280f540e8c329f895777ecb4b83c93388b62e9820c
GWA-T-12-Rnd,rnd/2013-9/271.csv,989678,15b456c37be6f7f792ccba635c959d9a1b84251d84e3b401de808dd1bdfb9123
GWA-T-12-Rnd,rnd/2013-9/272.csv,845578,0d90f46538644932b00814df9fe32b721b4f0017005850d24c0358bf1637cdaa
GWA-T-12-Rnd,rnd/2013-9/273.csv,1048850,ee2a05e12718395ea96c080f64fdfedc03622f367973af1893ec43c497a2b6a9
GWA-T-12-Rnd,rnd/2013-9/274.csv,805693,23224f9354cbf657d4a6bffc0e8de6f9696bd8b46ab9049709f6b7de5952c3a2
GWA-T-12-Rnd,rnd/2013-9/275.csv,1128774,81932204046770af68cc48bdae2610d69e3619c92b1d8009b5ca9fabd6c32b51
GWA-T-12-Rnd,rnd/2013-9/276.csv,974707,8e8003ad9af5c44ffcc2294bff53ff90ad199e3d28bd4fded18ad129c0a60ab1
GWA-T-12-Rnd,rnd/2013-9/277.csv,1064112,5699f85e830eea2eced00edd58cf811eaf8d3e7ba61352bcd48ef6a36f8144c3
GWA-T-12-Rnd,rnd/2013-9/278.csv,952157,87c69f1ee642bf02a1fd2a14d8dbc62e3fbfd558f5f42f750f731ecdd11c2ded
GWA-T-12-Rnd,rnd/2013-9/279.csv,1008241,b6c4dc0e3ed74f8b53fc332a4b88e8abcde68d05ea9f9b55493d97756035e183
GWA-T-12-Rnd,rnd/2013-9/28.csv,1178017,9cdff1f6610f6d5129d84634f920628c7ce23e0c01709c381eb1be9f65684538
GWA-T-12-Rnd,rnd/2013-9/280.csv,1241085,4cc5378b835c2f2c28829da7225be53127d7346722d595490c9dae640a3f1e2f
GWA-T-12-Rnd,rnd/2013-9/281.csv,1132673,6ee1ef503edd304ffbd6ad0ce2c5c27ca6da08e4f5d1b82b5d161d004e8f5309
GWA-T-12-Rnd,rnd/2013-9/282.csv,1064136,b15cd54230fe38fdfaab88a3176680208ea6a115802dc136640c3777db810e4d
GWA-T-12-Rnd,rnd/2013-9/283.csv,960976,2daf9e1d437638adb459f93c0ff3cab7a6f5308b49cbb85dbb1e670d8b23c4f4
GWA-T-12-Rnd,rnd/2013-9/284.csv,1002421,2d0452189adc779b87bf8cc2c7516147493cc42681c1ce56ea3c4e80878c6432
GWA-T-12-Rnd,rnd/2013-9/285.csv,1051092,30f0b05895089e3341220485bd81469b3716b1edf99ab5921e4dac13d3bf3561
GWA-T-12-Rnd,rnd/2013-9/286.csv,1176188,35c75fa84f51c343dade68749743181a813387f854a773753a62c139588407be
GWA-T-12-Rnd,rnd/2013-9/287.csv,1170877,0116dc7fab1e9e4f2264262cbe411ead03f5b9d9d48e945bc41feb0b219f6cd7
GWA-T-12-Rnd,rnd/2013-9/288.csv,1153226,548bfdfe7d3041e041fe5f97b5d74e744a5e2bf7a0d3b08fd0b009005876e5b7
GWA-T-12-Rnd,rnd/2013-9/289.csv,850669,7e21a918f4fa8c9106513c7438921e6b843aa676ebeb8d92172c603fe84cd73b
GWA-T-12-Rnd,rnd/2013-9/29.csv,1081605,86659c93afa2860aa89a7fa97539c01a7c5379b2478c555bd34e0328dddae289
GWA-T-12-Rnd,rnd/2013-9/290.csv,950054,8f6520f5906cd3937ed176c65acd8ce6faea18564afdf230138709636c3ef15b
GWA-T-12-Rnd,rnd/2013-9/291.csv,968349,bd5a2e5d0e78de3727586e7ce2ea0d91610f2b1c341c665ea1fd59411450189d
GWA-T-12-Rnd,rnd/2013-9/292.csv,1165863,a7182583f14924e5382d6affebbe016f8b1d3f733781df3b25d5021688e7581a
GWA-T-12-Rnd,rnd/2013-9/293.csv,1133890,34b7baa465d25db7502a2f056f4ac733cc393c52e3e943c8eebc145fc114475d
GWA-T-12-Rnd,rnd/2013-9/294.csv,1054654,f52d60cb8018b1162ee8f2909f45d144cc975acf9a2f1c04cd18c33512a3f89f
GWA-T-12-Rnd,rnd/2013-9/295.csv,1086898,4b0c1639e11152cfac00d39d6cd70afc9c3d516068c13a5fda8ca06d0a4155a1
GWA-T-12-Rnd,rnd/2013-9/296.csv,1112340,441e25082b47fd21cc4932394ee04a816ca9c95728bfe703fc237cd93b15ce70
GWA-T-12-Rnd,rnd/2013-9/297.csv,1231905,6f0dae58b3dfadabfd4f3e28bc82f111b682810021a3ca6aedfbaffe8c32a118
GWA-T-12-Rnd,rnd/2013-9/298.csv,1094336,50bfe6f9e825dd850e7f4909ca16ca0ba82dca415c6982004a01279ac5541962
GWA-T-12-Rnd,rnd/2013-9/299.csv,849985,cf4c0c312a4825f72ea62cbde573425ed92807633ad639a3bf98761fcd22a8bb
GWA-T-12-Rnd,rnd/2013-9/3.csv,848411,390ce7bc45978bbee9dccfd331c0e16461100d4e7b2c4d4c73d2803967d367ac
GWA-T-12-Rnd,rnd/2013-9/30.csv,1111410,8a7a318d2ac86838cf1ac3cd68508bbfd49683fbe11804ed4ceb7ae387950cd6
GWA-T-12-Rnd,rnd/2013-9/300.csv,862437,d986845eb3323c5814204a0ae0f72990974ad309ea7a6b7828ae2bb1304ddd08
GWA-T-12-Rnd,rnd/2013-9/301.csv,942165,17bb1a8cbd15dd0704b2cfa7810761f5d1a5e745987232a5ff70d7da340ce426
GWA-T-12-Rnd,rnd/2013-9/302.csv,897302,681f9c14ce2b5d23cac0805782713a53cccf89e6721b8449d960df8c50c317d7
GWA-T-12-Rnd,rnd/2013-9/303.csv,1152472,e94b4260b850d4bcc5f5b95ae0ee18fb9000772f30e547741ee9ce120579e9af
GWA-T-12-Rnd,rnd/2013-9/304.csv,1142918,66ce0345adbc94748383564bd9fa6877759245d84fc0a2020d01eedc22cf6fb2
GWA-T-12-Rnd,rnd/2013-9/305.csv,1041208,127d17038a3017c6fc21b5176a221bce8fd4feca03aae3cd27d17eb7906e9493
GWA-T-12-Rnd,rnd/2013-9/306.csv,1029314,a9af4a147e086c90cc8a703838570738c22b9fcb8663838680e750835331da6f
GWA-T-12-Rnd,rnd/2013-9/307.csv,847617,529fff30daffb77ca35209763abc463c63412a603a4afaa9eeb2defb88845b5b
GWA-T-12-Rnd,rnd/2013-9/308.csv,1160908,bc4ddfb6ec4bb721af36c822f3e1fe9ae74f421a96b53a828fd2a14232413a91
GWA-T-12-Rnd,rnd/2013-9/309.csv,914851,bee986d85b17a460c97fdae9ea38293f98cd834b43b36ee8a96bf6b651cf92e3
GWA-T-12-Rnd,rnd/2013-9/31.csv,1100063,545d100129498e8b6649cccb8c58141d61e388cc693dd67f8c5a0b2a34fa74ee
GWA-T-12-Rnd,rnd/2013-9/310.csv,1228786,27022b0c299a78bb7589c3521892232500ae90632c3f76a8433565c61b2e63bf
GWA-T-12-Rnd,rnd/2013-9/311.csv,1161162,47cc54623a773c290bedb9e43204307d89b6e51506dcf50310de1cc838d001ec
GWA-T-12-Rnd,rnd/2013-9/312.csv,819811,920196b98ee16a4f271617c168ef39041ea7e4c6f0f2933289fef8f6cbf64d59
GWA-T-12-Rnd,rnd/2013-9/313.csv,821852,d91f40c02b0450343c3072bb71a77c8c4f0b4c83a33b875e59253511303abe17
GWA-T-12-Rnd,rnd/2013-9/314.csv,1044217,985fed89aeabffc66291401bd46af4225b4ea391c9a9dc6dfa4adc539da36385
GWA-T-12-Rnd,rnd/2013-9/315.csv,1127940,ba25306c5668f370ad9620a05df5b2f32fc4a72d83431b96e9df13380154d2a7
GWA-T-12-Rnd,rnd/2013-9/316.csv,1230639,9cba82d445c02539d43eb36b4e3da05e0c0d71debb303805e160a3b7c51f5557
GWA-T-12-Rnd,rnd/2013-9/317.csv,1259620,51b6ecdf3d1e3349721fbfa0d3461949c2086671561df5760bc1cd4e23db9b62
GWA-T-12-Rnd,rnd/2013-9/318.csv,1102458,b457af2dd61789c5fa5a8d1bbdb068637e062d645fdd1729c8d8c57b067a6d9b
GWA-T-12-Rnd,rnd/2013-9/319.csv,1157941,4cc417d69331f5040d108d249286461608b51d937da32b65b7e666ef4bd4f685
GWA-T-12-Rnd,rnd/2013-9/32.csv,1101957,fa3f34e34b747cfa8f18997816cf6e451ebd5874688643369cfce946a0fd6ab7
GWA-T-12-Rnd,rnd/2013-9/320.csv,1058678,6a5358e01f80f9d7b5b0f484c8c0e8649d2a29142bbc5ca54642bcf3a0b8e405
GWA-T-12-Rnd,rnd/2013-9/321.csv,868708,02d1e3d6264a18deb94d602e4227f0542204a9adfaf6c63e83fe0984eed6ff0f
GWA-T-12-Rnd,rnd/2013-9/322.csv,1132871,dc01000d4d355721fb2c74897ba063396a1faa67474a1505674a77d220432fff
GWA-T-12-Rnd,rnd/2013-9/323.csv,1255150,20cf40f8ad01240468e52c407b8005cdfdcb29f129d1c2f2456f339934fe1222
GWA-T-12-Rnd,rnd/2013-9/324.csv,1155218,f779a8cb8c8757387ba1dc70de519dec309e73437a8520b95c9632c733f7b01a
GWA-T-12-Rnd,rnd/2013-9/325.csv,1148493,df07501116463519be8876a9e06dad6d36a37de0950ea6e1ffdfeb1bc26ce1bf
GWA-T-12-Rnd,rnd/2013-9/326.csv,1030400,a39b0a2a0d817d3efd6d732650fe8f22764f1f37a5caace741a59e0e14988551
GWA-T-12-Rnd,rnd/2013-9/327.csv,1081932,9c3d5eede30fce433866e446232c26dd3a1dea6371c01b3b57e330a430dad0d4
GWA-T-12-Rnd,rnd/2013-9/328.csv,1085817,f23c5641828bcbd8186f287827af9dad3e1704aa3411e2b50e287eb08748d1fd
GWA-T-12-Rnd,rnd/2013-9/329.csv,1018773,67cff4a38ccebbf81c2d245e30aeb8e5f6791fca1eea593dd5e4c77df8a5acb3
GWA-T-12-Rnd,rnd/2013-9/33.csv,1139994,4eb5f52b8d24ef5c582aadcf4b1725066177b6c42d3b9c03d43011505c51f1c5
GWA-T-12-Rnd,rnd/2013-9/330.csv,1194679,5e656e8d1dc1aa0a958f78b124656b43ab3184bfb6a235ea3c1f65ad9494c7cd
GWA-T-12-Rnd,rnd/2013-9/331.csv,1083965,2faa207d4b6cb8501d21b17fbe257e59ae69e73e9744b046faa83117c62647f8
GWA-T-12-Rnd,rnd/2013-9/332.csv,1136554,c7964582e1533e68ef9c2af9bdf12af259b769d40f1e8c61d867e69c10c84f78
GWA-T-12-Rnd,rnd/2013-9/333.csv,1187337,1b341eab6e410fae78aeabbcc32dc5425ee0f164784e24645af5f0372172895f
GWA-T-12-Rnd,rnd/2013-9/334.csv,807544,eefe17e11c1ea3a7555c71c1a2891c1ad9e246310f1957e1385ad5d7d2d8be6b
GWA-T-12-Rnd,rnd/2013-9/335.csv,940335,dc95c0fdf589d9bf3fc27c7a07dd473b1d17323dc65ce3dfbfef8e6f114de596
GWA-T-12-Rnd,rnd/2013-9/336.csv,910947,a580884ec894ff40b7d26835554daa65458ba664d298ea708ff19ef09f9a7f5e
GWA-T-12-Rnd,rnd/2013-9/337.csv,859605,0d16e6ccdd19ed777aaa8ee8f0b5902630e6764f452e71ac3b209d4ab9e09f9e
GWA-T-12-Rnd,rnd/2013-9/338.csv,1133780,3828f9a632b81be62f659c28636cb144a4bda53d4bf56b3fdaa31d1a1cf16456
GWA-T-12-Rnd,rnd/2013-9/339.csv,891108,48c5cece495431cb322aed36490568455377289ed03995aeeab4ce197491080f
GWA-T-12-Rnd,rnd/2013-9/34.csv,1132252,b3cb063d5972c47d9f6fe0bd45d554c217a0d720603086ad04214c21d46e5eec
GWA-T-12-Rnd,rnd/2013-9/340.csv,856743,4bcbaed408ad612432ab693d69e029d1d07b8d2214c4a28aedcbb1e9464af7a5
GWA-T-12-Rnd,rnd/2013-9/341.csv,872397,f8bba2d5fca38e6a95005e2dbe0bd6ce48fa2373d04bbd743a2002e698a5b867
GWA-T-12-Rnd,rnd/2013-9/342.csv,792533,6b5bc768ba6fa5c652121856fa18fc49c6e2cd6afec9e65e314073339f338f6a
GWA-T-12-Rnd,rnd/2013-9/343.csv,388914,0fb839d304eac8088709ba075d1617f3fe622f612e7b244831cf28c14cbf988a
GWA-T-12-Rnd,rnd/2013-9/344.csv,674216,2c095871e480f2fb621cc23d586eaa444e2b308fa7022f2a424fc7b59e79c81c
GWA-T-12-Rnd,rnd/2013-9/345.csv,678198,6e3946694d55e1545a3176c7229a03418f9d8d365aedab10a5d537975680cdc5
GWA-T-12-Rnd,rnd/2013-9/346.csv,702077,6e3e5b01d0bfb7be746f7fe01f97e2063edd24fc7f162ebb693ddd13aea89b8c
GWA-T-12-Rnd,rnd/2013-9/347.csv,1005399,e9d932bc8cd75cdc427b0148cac753013f277b3a2ffbbd711fa6ef51c049cd25
GWA-T-12-Rnd,rnd/2013-9/348.csv,977532,abf834335b9647eb441b9cb1a579f5faeeda9b2d7ec6fae00e4e195e962eed3d
GWA-T-12-Rnd,rnd/2013-9/349.csv,930962,42d7e414546bb766533ea9880180f82cbe5eab1ecc6fdb3072eaee6b742090ab
GWA-T-12-Rnd,rnd/2013-9/35.csv,1123403,2bac22f5c239e49f0d52218464e4bc1f064b28cc4356e54fa246ad687f769d46
GWA-T-12-Rnd,rnd/2013-9/350.csv,947953,64fc6cc96c828dff1aa91d5dd638472b4b72b93016d121a86aa93d2eb59335dc
GWA-T-12-Rnd,rnd/2013-9/351.csv,748851,217a979ce96844fdc3046c6f2be46889cf72439ddc42070c211c7aab31398e12
GWA-T-12-Rnd,rnd/2013-9/352.csv,838901,0b943fae5ac203e151df6d59d7fc42f8e0aff09e17673692af7c3b3fdefdd3cb
GWA-T-12-Rnd,rnd/2013-9/353.csv,926991,f1dd5cb318bf70526dd28a711865d8d207a16be968d37d8b27dbf8c0975b1473
GWA-T-12-Rnd,rnd/2013-9/354.csv,830300,03e3e72da9d96f5e195b330a26eac91fb9e09ce962a5566570aaeb6099cd81b3
GWA-T-12-Rnd,rnd/2013-9/355.csv,1087116,4a411dd4b28d1ac659dc2cf7e7dd69fec37b67ca130a2b14e0fd16b94f54f460
GWA-T-12-Rnd,rnd/2013-9/356.csv,798909,c152bfb18a70c236b768cb8673cc0604bedcf95e433548e4a389a21f1ebe3ee7
GWA-T-12-Rnd,rnd/2013-9/357.csv,700739,4f315740819bdb69572a6b651ae229c0655b627d379dca558a740170a4038a5f
GWA-T-12-Rnd,rnd/2013-9/358.csv,719053,4fa68d1c4ec5c074b2db96322130dfa4fb0a13c4d36cf3bdd9131f5dc983ec4d
GWA-T-12-Rnd,rnd/2013-9/359.csv,868945,92f01a2b839096ea8ac20ff4be7d5e065e67b26b21268292d0eb888c3abc72d7
GWA-T-12-Rnd,rnd/2013-9/36.csv,1131173,7ec69d9eefe5d77447240795307a5d32da3405f1a62e0993a9ad51e6751ded97
GWA-T-12-Rnd,rnd/2013-9/360.csv,1017305,09fce647a92199d25c56cf506cd30eb27e2383bb39b8c2675412e4e7b166bf11
GWA-T-12-Rnd,rnd/2013-9/361.csv,773829,1e9d990fca7e22a79ed8f2812fe4fe8325c026197ddfbfbc03601b5c5d748562
GWA-T-12-Rnd,rnd/2013-9/362.csv,777371,f51c3cf3a465b9b80f2c1d18c9ec185520fc8772a5f26a1d513112efbcca89da
GWA-T-12-Rnd,rnd/2013-9/363.csv,675185,dd72180b0f3ec53f25d8d9c8da81db54468c4c253896b5d21de832ec0c9a8de6
GWA-T-12-Rnd,rnd/2013-9/364.csv,787049,6b766246491d8720f05e0b03165ca77007acc9addf5612791c95e1e2e24dcfe1
GWA-T-12-Rnd,rnd/2013-9/365.csv,738464,3712e283904dd28b3abe28b9706cf72f9a03f5347b942f37ddf882ef46ad0244
GWA-T-12-Rnd,rnd/2013-9/366.csv,844053,838ef26802ba5b7c90b53d4c53ffa42f08cd44e22c50608be4c13116796bdb7c
GWA-T-12-Rnd,rnd/2013-9/367.csv,979393,8c6e4f603b47693c26711cbbf6e0cdb84a21b9cdb3ffe06b4a0e65c66c06a2e7
GWA-T-12-Rnd,rnd/2013-9/368.csv,742759,57d1581937415c9033dc9ac57ef03bb1f2c79fd38353d5fa4449f054a1c0d68c
GWA-T-12-Rnd,rnd/2013-9/369.csv,893361,7673a56e40ce41218bb9dff21d2ad6a71f5ba73132946382915eacb196ffa3fa
GWA-T-12-Rnd,rnd/2013-9/37.csv,923367,b067b05e926ced471ea26d45e60dc8c80def848e45f4378212a4c1763f4a5357
GWA-T-12-Rnd,rnd/2013-9/370.csv,748192,0fc38ab22cea964b0d637f905641cca5526ae0a3fcff750e982ae87e58aabd00
GWA-T-12-Rnd,rnd/2013-9/371.csv,906550,00183d3655bf307f58b21ca24216496a5a2606900db7d0df09ad47a0afc22c30
GWA-T-12-Rnd,rnd/2013-9/372.csv,792179,859bca519db22f2799aa8fef06c21d1dcec3d46408eb853aa5ab0da015f9e8c4
GWA-T-12-Rnd,rnd/2013-9/373.csv,1138382,221844244b98419261b3ccfefe6f1dfe5eeddc0a9020c155b73803a5760a890d
GWA-T-12-Rnd,rnd/2013-9/374.csv,1133881,2fb6cefe407bba6eaa130060d307bfedef05b4c8001b068551d38c01c8c4ab8f
GWA-T-12-Rnd,rnd/2013-9/375.csv,1130543,ba6fbb345588ca2687b6c79947b9b422ffe98a7c8431e9040ae1f8dd50a18e47
GWA-T-12-Rnd,rnd/2013-9/376.csv,954075,3763ac966620d8704c4e5d1187a86a3aae53cd3fd4bff474e7af7c5574f027d0
GWA-T-12-Rnd,rnd/2013-9/377.csv,831081,c97969ba9b58dabb0d078a42b2ef8edc729d29e1dde3f07d7f2976da25b1fc87
GWA-T-12-Rnd,rnd/2013-9/378.csv,836362,5e53971ec520e0c39c389be1999548c9e44be9aa117fff3a25f0090d422ed30f
GWA-T-12-Rnd,rnd/2013-9/379.csv,1153296,4e473c530042fd0f962fe2abc3ee650ec39ff0b6252147b2f636b181fea2dd20
GWA-T-12-Rnd,rnd/2013-9/38.csv,717004,c12e69e27562b02e9e8b5dcc546263c6b8eeeca87b729477158bc062f7639ee1
GWA-T-12-Rnd,rnd/2013-9/380.csv,1178168,9ed408d1579df1e6c295f4d4be736e5b8c08e1593fa9ef29000c6c4f0d58ab80
GWA-T-12-Rnd,rnd/2013-9/381.csv,1179761,a72844c3c3de76ab8fde2ea18b99a06c5546c6e136054d52a98d32e03322c857
GWA-T-12-Rnd,rnd/2013-9/382.csv,761479,f54ef1e2e1b9f3cbbdf8edcbe4b563b8349f9de31c15229673dc87c9e092e979
GWA-T-12-Rnd,rnd/2013-9/383.csv,1251322,486218357ac936fec2fcb99c63eb80d97363d31a1180bf5dfc06e47f8fe0de15
GWA-T-12-Rnd,rnd/2013-9/384.csv,1243965,239ba176955e4136159a896b6832b37aae2662d982bd71bebaa905a6a6e78987
GWA-T-12-Rnd,rnd/2013-9/385.csv,1185189,2c0c896b50eb6eb0b354c54dd9f64f7f8f0562c9a1436feea10cad347929f4dd
GWA-T-12-Rnd,rnd/2013-9/386.csv,1337096,1e7480a4242ed865b17b2403d46eec99bbae584d5c3ffb44e41310eda3de6f24
GWA-T-12-Rnd,rnd/2013-9/387.csv,1180749,aa695c5a3fc1f1646467f8755706508178234e0f29549ccc266c80a7c8e161d2
GWA-T-12-Rnd,rnd/2013-9/388.csv,837135,66d9bd1b82518b545568325e2d3fd85d0480756a0dbdbe1e48d3193fdf28e9eb
GWA-T-12-Rnd,rnd/2013-9/389.csv,769075,8bcf47728dbc816783da2e49aa3551a9a0dd08f3049d4398393861742fa92aa6
GWA-T-12-Rnd,rnd/2013-9/39.csv,1346647,919b98c4d7139defccadb4ce17f352692944271e96477c817d08fccfedfd782b
GWA-T-12-Rnd,rnd/2013-9/390.csv,855479,b84748e6c29f907964fd5d70bb6d062c75c3087814a33c48d8b3919b87fa583d
GWA-T-12-Rnd,rnd/2013-9/391.csv,711614,39a055f46910c51e361e8b57c0079fc445160e8bb05e7338703a93572d521ef0
GWA-T-12-Rnd,rnd/2013-9/392.csv,1247008,5f776094402f3bb62b660ea17ac4e4a1ad52dadc7305096b61142da4f2f5709b
GWA-T-12-Rnd,rnd/2013-9/393.csv,1106601,99206b4665698d99a62f8bb0018c881391a68c694aa3140be8b66aabb604adfc
GWA-T-12-Rnd,rnd/2013-9/394.csv,936431,26fce1ed9eacc8092eb5ff53277b0ea7799f97741f6db6b500ddf5ff92dc6304
GWA-T-12-Rnd,rnd/2013-9/395.csv,945602,d1bf4356738bb3e524ca12914fb1bbd4fe80f3e36e7f91f8be519f69fde7ad45
GWA-T-12-Rnd,rnd/2013-9/396.csv,885932,8f3c4197240377a284fa6b0410330c21531fce4611804d53b2d2d706dd68a92c
GWA-T-12-Rnd,rnd/2013-9/397.csv,904366,e24f6d09b97469998a711826c76d9935d8e8176e54d17c76ff799e6577afe935
GWA-T-12-Rnd,rnd/2013-9/398.csv,888837,3ae85e6a3b20a86355cf2b1eee7f205686728cafb321a318ba7949614119d978
GWA-T-12-Rnd,rnd/2013-9/399.csv,1071094,c8474ce024988f3b3cd32a95d96d40ce984e5a3eb62d4d003f2616aaff63a36c
GWA-T-12-Rnd,rnd/2013-9/4.csv,1016578,8bcd4aea17c996747ca25d7c4192d7e15d6120d652be7cc5e50d177e8c06c0d5
GWA-T-12-Rnd,rnd/2013-9/40.csv,324648,e58b832d045431d82dd69188a91658437aa5f96f8c7fca74fe7ee12a6083d342
GWA-T-12-Rnd,rnd/2013-9/400.csv,971402,adf8926a237a62306a5e3af72634575bf200d81eb72b8f8068511a61868f4f3f
GWA-T-12-Rnd,rnd/2013-9/401.csv,919228,98e80eec5362ce577ce15fc6dd21b6f27b3143e6c3b58f31e4e9b98145027503
GWA-T-12-Rnd,rnd/2013-9/402.csv,888904,9c728b33b609613f9afbb6e77f59d58fe00f84543552d4e04968ab79a30d188a
GWA-T-12-Rnd,rnd/2013-9/403.csv,868079,98cf6c10859f27b5c7c537dc3b2c9069befe20b903f986b5b0b13feafce921e6
GWA-T-12-Rnd,rnd/2013-9/404.csv,821171,e3c46e25221fbe62f9cb3fd1aafd66055c1d53a20f74d738ed34be08d30ec428
GWA-T-12-Rnd,rnd/2013-9/405.csv,882169,45fcf6269295feee1f807d029027ef8784b7a4d0f39bf6616b7ed9ca1e07aa0a
GWA-T-12-Rnd,rnd/2013-9/406.csv,1068071,8b6ed38993352e5dbf7c0c8ec946c3a01faa5f454c90b79cc4920847a5969ae0
GWA-T-12-Rnd,rnd/2013-9/407.csv,1173901,f7ef4fe1904b1ca6acad3bcddf73becefe3232e30f6f19e12e0792769c07be53
GWA-T-12-Rnd,rnd/2013-9/408.csv,1214974,2194922b2a73184ab81deb900a9744dd8d2bc4c47f9e68122af48f53212db80d
GWA-T-12-Rnd,rnd/2013-9/409.csv,937110,26159719c4d43b184048b0a7e4f59fdeafd67928bfa7057d2493fb81736c62da
GWA-T-12-Rnd,rnd/2013-9/41.csv,1231429,a9f5434af1b472e581ba9abc921383e86d95db7e7dee83cd82cb0b48ea7684c6
GWA-T-12-Rnd,rnd/2013-9/410.csv,1194087,45f3d05a496d06f9fca11fd29b9c452c2a4e0d2e329298d14af2aabbe7699768
GWA-T-12-Rnd,rnd/2013-9/411.csv,1227263,d6ab58d9ee7d846b484a099cd688f802c33eeaf18f38801897f9b0b31809cb02
GWA-T-12-Rnd,rnd/2013-9/412.csv,1209493,f4cab42992b80af5b6d682b0b384c9d63cc8ed1502535e0e11d80f53ddc09b55
GWA-T-12-Rnd,rnd/2013-9/413.csv,1174134,c42dd82cfd69f59b3d8c3af66abfec2e4ba282008b2bf0f85637b94e6fae68da
GWA-T-12-Rnd,rnd/2013-9/414.csv,971169,c889195322cae05eb13fcc6d20d194355f8a72ef79a12a2c646eccf30c9beef0
GWA-T-12-Rnd,rnd/2013-9/415.csv,1226792,a1fb592acc4de2c0cc805c966c57f12c99f89f8638861d57194c5b01fc8d8558
GWA-T-12-Rnd,rnd/2013-9/416.csv,1171391,be5369c00e9d60fe09b06e1e60e061e5e7a3893b6fb2e442c93228ff48fa1053
GWA-T-12-Rnd,rnd/2013-9/417.csv,1199891,c0265ffeab727ef05e51f5ba582b938632d5142fa89b64a6b70a8abbf1ddf4da
GWA-T-12-Rnd,rnd/2013-9/418.csv,926428,a7c38768226861ae1d8ef7cb412e746d17aae25b494e208d10443f49509e4d18
GWA-T-12-Rnd,rnd/2013-9/419.csv,1086518,36bda4048acb75df4f1c752bd030e30d4c14d0e62979aa7354cacd1f2ebe8673
GWA-T-12-Rnd,rnd/2013-9/42.csv,1241310,7e10801a888360cffe4a85398a8b9b3eaa3b8aca706c9e20f2d05b7e67d66e61
GWA-T-12-Rnd,rnd/2013-9/420.csv,1130593,4e9b6c3cce9209902870449d2f328a4fca9a552d174650c63d2ff45587e89dff
GWA-T-12-Rnd,rnd/2013-9/421.csv,1132811,919c64d06b16781cc9ba31761162799485055dce102d85f856527c078a78cb5d
GWA-T-12-Rnd,rnd/2013-9/422.csv,988759,1d4a93fa2fbfef7598fa612bc030a889c2ed1ea9a2fe890ea8b419552c9a83a5
GWA-T-12-Rnd,rnd/2013-9/423.csv,877261,3446a0177403a1d980fedfd67e167ee5493674df3a1092656051d84588a1b8c2
GWA-T-12-Rnd,rnd/2013-9/424.csv,880101,a12df668b506e2cc665caace49c644e8af61e05d0aad79fe9e242cf07641ad72
GWA-T-12-Rnd,rnd/2013-9/425.csv,680198,5e2e9a4328da067223792e0d286b27e8a9dc07a1468b22f251c5fa17edebe3da
GWA-T-12-Rnd,rnd/2013-9/426.csv,1017315,f74bb8ef0c43ab5b2968d47810230d7dfee03ec86750a17ea2f5f358cbb283f3
GWA-T-12-Rnd,rnd/2013-9/427.csv,621268,b98a76b6965e245d20fd458611f305e54599d6646618305718131c819ef0887c
GWA-T-12-Rnd,rnd/2013-9/428.csv,1038466,d2e6e53df80495ac3787ac2867add78b7fee3061a535d0a966fde85835c67596
GWA-T-12-Rnd,rnd/2013-9/429.csv,840741,9c2e79f5a454059e873343437288c5b8037bb6d6d61351877f64d0c383409e41
GWA-T-12-Rnd,rnd/2013-9/43.csv,1304395,5ce94c814662f23386e7cae1edbc0178e4a82fadad2354e12353e41697bca534
GWA-T-12-Rnd,rnd/2013-9/430.csv,394877,abcf048b88b790c94e5af72f502186e09026db28d0a10afbbe5aef89ad18e478
GWA-T-12-Rnd,rnd/2013-9/431.csv,825771,9193a0448f45f5172c23e937560d2ce6a470f4c12998e9d36588c660ae01e9b2
GWA-T-12-Rnd,rnd/2013-9/432.csv,1002935,c3b931685ec58ee50e66edfa0a271b9d4f0fd502c606a752c66b1970de0df9d9
GWA-T-12-Rnd,rnd/2013-9/433.csv,1022907,617ab3d1fa64d59a1737ac5aeb4fabfbe7f2dfdc5a398d1873bc1b108ac86ff7
GWA-T-12-Rnd,rnd/2013-9/434.csv,1013853,162c7d1b4cc832f9294a5e57bbd2e8bc22f0691df11f606a4a467add2404d149
GWA-T-12-Rnd,rnd/2013-9/435.csv,931841,441161df1e4f44ba8ce5aa5fe3381bbbb52069a99898e3e100b0e5a20906e900
GWA-T-12-Rnd,rnd/2013-9/436.csv,915266,2efa35e26a274ec45e409b2f42cec9faae13225ee12ccc4254bae533b2c9bf54
GWA-T-12-Rnd,rnd/2013-9/437.csv,930524,b8a9963b32528c57374519b56aac0ea258812b43d3d95ad16e66881ae26597a3
GWA-T-12-Rnd,rnd/2013-9/438.csv,842258,f5285dabb3440361e55a5864d97e583108990960d350c4f7ea77d9aacb942e85
GWA-T-12-Rnd,rnd/2013-9/439.csv,915266,893469f23979e6ee6ebc03738beb67ccaaec5a2feab55fef4eb719d0cc717edd
GWA-T-12-Rnd,rnd/2013-9/44.csv,1324898,143b414dabf6fb6a769f2955d07a78ef036fee93ac1277b04b66893d1fdbe01d
GWA-T-12-Rnd,rnd/2013-9/440.csv,1094287,792dba07e98fcbb3ea6bdf5b4206e5516a482915be17f976d6a458613e1d8da4
GWA-T-12-Rnd,rnd/2013-9/441.csv,944631,54569b31ae212f4c35f8cd09121db9473b82d696535287d4020dcfe1146323fa
GWA-T-12-Rnd,rnd/2013-9/442.csv,930812,3e0f19bc550dfc79408ef310a70356519f423e6d1bf173a85a3c6651902a743d
GWA-T-12-Rnd,rnd/2013-9/443.csv,842523,7466ada9da17074184f6c418d1780533e966be202e7fdcce0446ce21b5717d2f
GWA-T-12-Rnd,rnd/2013-9/444.csv,937742,507773500182070f6424b9fb46e05bd8845cfaa163db607e6b3a64fe542d127d
GWA-T-12-Rnd,rnd/2013-9/445.csv,927485,c2cf8391161e6ea6779216e055636494f25a72ba32eef82b3547bbd1f923e20b
GWA-T-12-Rnd,rnd/2013-9/446.csv,1109160,43719ad3a0fcaddcaab5ea39eeda3a60b85461ee9f182e51405f46609e6fb9b6
GWA-T-12-Rnd,rnd/2013-9/447.csv,935613,d3ab560b6ad80672cd8b1316e6f51cfebe86147d4cd89837c6beaa5dee43958f
GWA-T-12-Rnd,rnd/2013-9/448.csv,963108,2dacb3d89c2377125f2bdfeb48229b8768621dd957a20ce6f13ba2fd49ad7367
GWA-T-12-Rnd,rnd/2013-9/449.csv,962418,d368b105b75210af83c89d0b2a47213aa30c2bacac34d9c7eb9fb578ad793afe
GWA-T-12-Rnd,rnd/2013-9/45.csv,1174297,b668a930ecde86b211118f315d24251d29ca9dc629e4f75605093a304563ac5f
GWA-T-12-Rnd,rnd/2013-9/450.csv,850142,8dddd3c5bb9c7956142ff80befea8deaca3b5f9f3c178a60eefbfaa0ed149be3
GWA-T-12-Rnd,rnd/2013-9/451.csv,1126816,74e4032802df4105dc3dd2da50823a31086c65f50da47891413468d7602891dc
GWA-T-12-Rnd,rnd/2013-9/452.csv,959701,5d109aa35152358cb5cd6ac0c167a861cbaa940cd15e5bb62987ab1b3fc9d5b6
GWA-T-12-Rnd,rnd/2013-9/453.csv,1041710,6ff467233f0e146f421e6574167fb81f0fd9ffca91c6a80c1738f020a249fec8
GWA-T-12-Rnd,rnd/2013-9/454.csv,675426,0e206cf175134baf832c2d29a24dc8651da4d8a1399d184f2c1e3e752336c175
GWA-T-12-Rnd,rnd/2013-9/455.csv,847518,96bf2aff6997caf1054f56bee7af2a02daaf7e2eeecf302774ecfe7687691cde
GWA-T-12-Rnd,rnd/2013-9/456.csv,858170,d44a99135b511d79ecde6dad59fa0c71f3a473d8a3c46998d6d870ba6fa2aabc
GWA-T-12-Rnd,rnd/2013-9/457.csv,936388,22976aaa946ef4b73623c647d6bf51f15ec45daa90bba0a29541f5db4b03dabe
GWA-T-12-Rnd,rnd/2013-9/458.csv,832488,d93c3b4be6bfd11854f1b25ca1b1499e14a556199520ba7ae0055255026e9e78
GWA-T-12-Rnd,rnd/2013-9/459.csv,848507,bd2231f0360eaa97f890be8820d70b5f283bcce8fb8ce7caeb7793d40f1de270
GWA-T-12-Rnd,rnd/2013-9/46.csv,1325317,61461e7eba3245fba9ad6e3fd0c342a2711334f649539ddde6f6c27c4c1b8a50
GWA-T-12-Rnd,rnd/2013-9/460.csv,423961,d3502f98d15c135d7f7961737d9c94d45cb55a687f74d709758334140eb6c234
GWA-T-12-Rnd,rnd/2013-9/461.csv,971749,e91efdd50e59e1edff23cd6ba50276ffca32bf791af35bdcdf5140ef98576de5
GWA-T-12-Rnd,rnd/2013-9/462.csv,1105372,23fc71670d5ca69d8ef5c937c42942c0f4c8d3c94f5c896940fa150794410ea7
GWA-T-12-Rnd,rnd/2013-9/463.csv,851082,4e4f80533f543486bd7e8272692c71a7096c221315ed741cb20379951ef43b2b
GWA-T-12-Rnd,rnd/2013-9/464.csv,833179,ffc3a1a96541ed9da07d2accd60a2c9ef41db084492e35db3a0aec781f6b3b2c
GWA-T-12-Rnd,rnd/2013-9/465.csv,1006455,854425b9263a958d9916fb8dcbc93a30b1260629baff20f0457a9c753974835d
GWA-T-12-Rnd,rnd/2013-9/466.csv,1015018,4bb80ba59444e796453092a25c4acb16defe5c637a3fb894ac8ea25f12b541e2
GWA-T-12-Rnd,rnd/2013-9/467.csv,985023,21d59ed8e35f71852577c1e1a3710dee7a46d58f4e7923bbbe0e0cba25f504c4
GWA-T-12-Rnd,rnd/2013-9/468.csv,929891,6a751b24608835824dd16241278ef8f1e80978239d1a90221f18c53e4f392c38
GWA-T-12-Rnd,rnd/2013-9/469.csv,1021006,237d3fca250faaa12f403390c4dccac1e0954b43ca79ebe5992c65d4bc430f18
GWA-T-12-Rnd,rnd/2013-9/47.csv,1403754,557519cc2e13aaf5543857c31059e4d7f35f87b5c5a31a5a1d9c4bf9cfa347c6
GWA-T-12-Rnd,rnd/2013-9/470.csv,1035308,060936c34d459b64c130b99872ad326a7cda61afdec9ffb37da6a89983ab13d8
GWA-T-12-Rnd,rnd/2013-9/471.csv,920837,02fb7dfc76280b0573f7fdeee361c72a04aaa9bc503c2f1ce3d3d5a4c85472a5
GWA-T-12-Rnd,rnd/2013-9/472.csv,857991,c45f7ff21a30f8355d91f414bb1089fcc5cc5670a90c2fd59fe01f3dafc5f18a
GWA-T-12-Rnd,rnd/2013-9/473.csv,846356,95cd860c64772268d4cfc7818fcf961767200605e79a1ffca5ae91297432e4cf
GWA-T-12-Rnd,rnd/2013-9/474.csv,917053,ff5593f1e397e98e0e3bc9ca6fadb462706183fdcdfac01383ea78aa65a6a81c
GWA-T-12-Rnd,rnd/2013-9/475.csv,833422,a7def7f903a52f69701d4df40550829ace23065a73c0273b6dcf95ff3ecd66ed
GWA-T-12-Rnd,rnd/2013-9/476.csv,854577,718d950cb0b816265862d8da66ae69078cd95866b4dea00d6582d06f3cc66f3d
GWA-T-12-Rnd,rnd/2013-9/477.csv,1037105,d8f9e4482e110cfa4a3f8bc72178edb0bc2cbe1af25793eb23309fedba1338ef
GWA-T-12-Rnd,rnd/2013-9/478.csv,862233,055d671e3bc607cd5da960d3b4f14c7052d45a7ede46defef74d2e62b3e0f56f
GWA-T-12-Rnd,rnd/2013-9/479.csv,856151,75ad5beefa6acf7b132e9dec3699e8379a061866098c2ab17cffbaacfc46af7d
GWA-T-12-Rnd,rnd/2013-9/48.csv,1399515,22d85bc365aa10fae8eb899b98337994493bf437e8cfc7fdc8427c8e42a0446e
GWA-T-12-Rnd,rnd/2013-9/480.csv,955769,76cdaa88791233c6a853b58ad5ff3606faa92c6cfdaac6e5844e8e4ca68d5376
GWA-T-12-Rnd,rnd/2013-9/481.csv,683223,7cec983e3def4db64987624203eac91501019fc7653fb59ec086aabd68d3dc06
GWA-T-12-Rnd,rnd/2013-9/482.csv,923304,3c37a98f4ebf3b29a0bc53899aa63d4ac577ab2ee787a3ffaa4541034135692e
GWA-T-12-Rnd,rnd/2013-9/483.csv,413251,3592290bd020a043abb7636b9ed054dba37f44af3984089207b2acc940f33346
GWA-T-12-Rnd,rnd/2013-9/484.csv,833104,69c26db64eb478359bc9de6ee96ed2ec4eedf0263af2264b81bb76b8161d30ee
GWA-T-12-Rnd,rnd/2013-9/485.csv,744527,13582800cdeb1338c56c18c83e3892a9552eac3293c93b4297fc48ba66b0bb0c
GWA-T-12-Rnd,rnd/2013-9/486.csv,800225,b2622967ec5b4e81dd1d1aee80c4fc7d1b1134eb3a48468a8acee1ed31c15e78
GWA-T-12-Rnd,rnd/2013-9/487.csv,964416,d52df8d04f09af376118c25321604a3b1fee5b1d67a6888429edc88c5ab64f7f
GWA-T-12-Rnd,rnd/2013-9/488.csv,1157277,5adb45292870b4aa9f80f8f10e053e9deb850c8114838b21c8401452aea86e46
GWA-T-12-Rnd,rnd/2013-9/489.csv,1026528,8fc336cb6508dd592bbb2ba4f95029fa4630de33ff5bc56dbfa591232c44aee3
GWA-T-12-Rnd,rnd/2013-9/49.csv,1402493,e393cbd09649c9fc6e292ea28cfa5f303c969f46a62aacea18ceca9db5011733
GWA-T-12-Rnd,rnd/2013-9/490.csv,277939,2211999bb192751c00aa2294ff6513d39bb37ce1624405a3831fba567e16ea55
GWA-T-12-Rnd,rnd/2013-9/491.csv,323457,0c1365472ae39768067ab63a5ed74550f0ba9fca7d293ec053eabbaa26f01b90
GWA-T-12-Rnd,rnd/2013-9/492.csv,367435,30fee343606d222b0c12a22b0f8db6b476ba85b3001e47eea186f4fb99d462be
GWA-T-12-Rnd,rnd/2013-9/493.csv,480164,7cec187ef9ccc3f40011374d3476894a87c61310880ae6368ac824c7b3090530
GWA-T-12-Rnd,rnd/2013-9/494.csv,1146660,702bf772cc16aa20798033d209b9454a7e9cd89734ce857ee7635ecf364a3556
GWA-T-12-Rnd,rnd/2013-9/495.csv,1121078,6bff952dc87e2daac6256b5f9678781ca76f7642542226f43c8b4325be131478
GWA-T-12-Rnd,rnd/2013-9/496.csv,1055574,98ba670bf0e0698d2d0e3e55574d5d5b12be847627d1361a77fe232d0f1d9706
GWA-T-12-Rnd,rnd/2013-9/497.csv,1077913,2624788de7fd62527fdb8d2de59250260ff74ede8ca4df317a683226a2f72d4a
GWA-T-12-Rnd,rnd/2013-9/498.csv,1087742,53fd2f41ebe63686ae3cf552e1471e0fdd2d43799b0be8c9ab6974c4aba93be7
GWA-T-12-Rnd,rnd/2013-9/499.csv,924866,cf6b11e2a054b57dbd3951a0583c8f2e3ef7d6d89153fd7647804e45d4668f75
GWA-T-12-Rnd,rnd/2013-9/5.csv,967075,6106d39c090d28e295782c49cf80b2da6b96b10e951c46f896707530ddc9a877
GWA-T-12-Rnd,rnd/2013-9/50.csv,1400343,822975eddf8d46d4cfab7fbcdbc1159c4ed9474442b121752f6c662abe50b7f4
GWA-T-12-Rnd,rnd/2013-9/500.csv,1147145,dba391a9ced1e052caccf5dcce88731809dbd8fe3150ef0ff733f724ecd212c9
GWA-T-12-Rnd,rnd/2013-9/51.csv,1317282,0fd35d76f37f7a5aef38ad43752a4ec9048f7488d8c0bcdb7b6bffc6bc063ec9
GWA-T-12-Rnd,rnd/2013-9/52.csv,1110053,515470ddb9a8265b6275cc427769052f5f3fbbaf2831ebd441f415325fd44cdd
GWA-T-12-Rnd,rnd/2013-9/53.csv,1151402,6a3282b6c7e45c28380f77945f09e09b006a4fc2832e406708dd5466b58e9aaa
GWA-T-12-Rnd,rnd/2013-9/54.csv,1063025,500470ac95fe3108bcdb668176395518689b4603c6fbc86a459c50d4864ff9c5
GWA-T-12-Rnd,rnd/2013-9/55.csv,1082211,a0ccbbcb94faf282a8c404c838d302abf2efaba2cb6c697179e9533b021e5641
GWA-T-12-Rnd,rnd/2013-9/56.csv,1118645,62193419fc9e52fb63a07b38db49d1e994283a955089c0b89583c4ebce37043c
GWA-T-12-Rnd,rnd/2013-9/57.csv,1091401,55366ba8d3d243d8a42578250955bbf07eef715d41c869afa05557eb3586cb11
GWA-T-12-Rnd,rnd/2013-9/58.csv,1209739,cfdcf02969152930dd06b397baa8dabbe51ccd15fea8ff794e0e568a817a8cd8
GWA-T-12-Rnd,rnd/2013-9/59.csv,1110585,3da5359daccc1fb78c300b530987a34093e200b060c715ab97b1a5a3de7759c7
GWA-T-12-Rnd,rnd/2013-9/6.csv,1058059,992d22df63d24c962f93bbad2e68bceff87d8e26b9dcb205dc7dfe737d835099
GWA-T-12-Rnd,rnd/2013-9/60.csv,1245243,3fa8299a5d50f56f253463536970bd930092a7279c2c59de345c7ba7220e482a
GWA-T-12-Rnd,rnd/2013-9/61.csv,1075960,6b63f07b537705b9029bc6ff788166bbaab098d097cbd66a689c2a62fe54b71d
GWA-T-12-Rnd,rnd/2013-9/62.csv,1134892,524ed3db03fd5bf9062ebd4308b9dfed1020d82e9b901bf32c9cf5d3cf620709
GWA-T-12-Rnd,rnd/2013-9/63.csv,1086490,420a1b46d09ef2b4be48bc0161593e5572296388d81b3a3676ce9f432b6812ff
GWA-T-12-Rnd,rnd/2013-9/64.csv,1084484,e74318bc50abb1d430cd925287bbc9ca06618b649c43020ab98aa25864a0a207
GWA-T-12-Rnd,rnd/2013-9/65.csv,1167569,f96c8404efa60a1801385bb187fe106a0585a655cb87f06953a68e77e3728e89
GWA-T-12-Rnd,rnd/2013-9/66.csv,1177210,73e00818361a75f45dfbbd2f805879fdc4e1c26c2396196051f44c4a79625505
GWA-T-12-Rnd,rnd/2013-9/67.csv,1077121,f3975d1c8b33b9126832d31022f127b08991ece2f64152ebcda5ec77a2a1f7c5
GWA-T-12-Rnd,rnd/2013-9/68.csv,1048238,7e1694b64f232b2076184373b56ca4bf7800b6493c9072214dec4c6fc13a3d98
GWA-T-12-Rnd,rnd/2013-9/69.csv,1076634,db848821768d23d674674fe76d0033a878fef07ff8f34b0c0b02403a08a175eb
GWA-T-12-Rnd,rnd/2013-9/7.csv,1204724,ec1621f375bb0d2c3621d51c4eb0ab1dd3b23a02d417b5161245e7874340e9d4
GWA-T-12-Rnd,rnd/2013-9/70.csv,1071804,b37d632173c8a69cdc77997c60c5107ff4892ab46494015ee7ce7f345cc4bef1
GWA-T-12-Rnd,rnd/2013-9/71.csv,1060705,adb8d9fdecb68c094faba4c8f93ac7478315ca7473a7760250484c39239e560c
GWA-T-12-Rnd,rnd/2013-9/72.csv,1074510,3e99744ff3b7f4814983b0222932311c9df74430b7bf3e3633867882b6972ac8
GWA-T-12-Rnd,rnd/2013-9/73.csv,1061326,2e2797455a9806263df65f96ed90e03c40ab1041b65b8366d1390f99d1c81930
GWA-T-12-Rnd,rnd/2013-9/74.csv,1064194,c32244f07c80996644f3e9def0bc9e090adbc61e7d6b0018744d9f5289a38203
GWA-T-12-Rnd,rnd/2013-9/75.csv,1069936,46c5b7f9786205a60b91aedbcf0ed201e357184e686d5cd80165366c69ba82c8
GWA-T-12-Rnd,rnd/2013-9/76.csv,1101831,e73546150661e14549cd93b328184cbbc0380845b30b1318ffbcbf176f73f0cb
GWA-T-12-Rnd,rnd/2013-9/77.csv,1050175,3b9e67fc5bc5bc47360a5551a48c0548b6883ac0e1e9305eb6c29d81bdc82064
GWA-T-12-Rnd,rnd/2013-9/78.csv,1056683,0f0fb5fba12f6a00d145a2b6ea28e1888bac01f36809cc3ebfd964e83c95ddc8
GWA-T-12-Rnd,rnd/2013-9/79.csv,1046299,07590705e29cc3840f6f08b18512ce23465d6c081e1827db5cc5a3208e565782
GWA-T-12-Rnd,rnd/2013-9/8.csv,1117942,a9aec9de3f9fb3d5107638e65dc4ce91f0b36de4c4a9ec89cd1100fa8919806c
GWA-T-12-Rnd,rnd/2013-9/80.csv,1101669,6e83f156e3e9f03acb087fbec108d2a94a56c14f814b1c0e796496c97d8d1ae5
GWA-T-12-Rnd,rnd/2013-9/81.csv,1267873,3dd3685be6faad847a48c4edd3f2e1d5617853e62a481ad3196b49591f404f57
GWA-T-12-Rnd,rnd/2013-9/82.csv,779524,a3ee102e86a9364b2b42bc89c23812f594abe8321b4f611feb3533ed56e89907
GWA-T-12-Rnd,rnd/2013-9/83.csv,1083832,48dd2b78f913baefeda1a6a5e4ec1690a73e5cc52e8c52150f84e4ec41f9a536
GWA-T-12-Rnd,rnd/2013-9/84.csv,1071566,eb1d4c5b36db8fb3b9eaf4f490b7c7021f8744009c58ab24ecf49d9e6c365890
GWA-T-12-Rnd,rnd/2013-9/85.csv,1003490,cce786d14cc8e2747ce0ba066d5aac21415258133da5607e1522ee117fb07217
GWA-T-12-Rnd,rnd/2013-9/86.csv,1046342,ea2dd03daad0ccd38cdce3db072e4743c3c50843417cc57581a9135941d2129f
GWA-T-12-Rnd,rnd/2013-9/87.csv,894278,b188730e9e4d2645c0687dd3e0c076bde2f2e1a85e04817a6b730c8208808700
GWA-T-12-Rnd,rnd/2013-9/88.csv,897956,212a57cb2f0c774e0ca77c93eb54f515a714c9bcf6c31abe51b50a1b269588ff
GWA-T-12-Rnd,rnd/2013-9/89.csv,1268330,5b735b505753404f89a24b7de4d7e4543c74875fa06eb734b551391e44b9ac76
GWA-T-12-Rnd,rnd/2013-9/9.csv,1132036,2fd0bab878b0e400b2fae8f43cb7137494f038d04a33dcdf588d084c153a824e
GWA-T-12-Rnd,rnd/2013-9/90.csv,1083172,2b065095ebd01dda5e06900169e1c51d643b99bba77eee8614ce6c54d97f3ed2
GWA-T-12-Rnd,rnd/2013-9/91.csv,1051511,3dd0586aef0d2b5495480a28b141fc945518f6c6106678f152077e4ea22159dd
GWA-T-12-Rnd,rnd/2013-9/92.csv,987553,fa5ec14717fb2b17ebe48a1aa14110bbab9fef4f3d90364d7b82721f52b052bc
GWA-T-12-Rnd,rnd/2013-9/93.csv,1282373,7a61721c26f37149fb90bbef84d1460f5c6b524bbe9f49fe5dc3f4ca6db1a131
GWA-T-12-Rnd,rnd/2013-9/94.csv,1159592,1fa770808e378680ddd704aa7165488f56f02295a4d52cfa8f58aa35222df7ae
GWA-T-12-Rnd,rnd/2013-9/95.csv,1148584,474bb6e1ff8595d5b56b26b1921186e02df88ae7fa7e88a9ee6f51519173ed24
GWA-T-12-Rnd,rnd/2013-9/96.csv,1145094,6c3940f756197a91fae86329f49a41ce2618c37adebedf7ea899720885bd5aee
GWA-T-12-Rnd,rnd/2013-9/97.csv,1115390,7a7ff481d0dd85171e92a3e167b31e0a3fc4147faeab356187be5141342d55e6
GWA-T-12-Rnd,rnd/2013-9/98.csv,1018136,de13e82975406d629d50e410a545a2b7fa138cbf192850e4cbd29403a46e4039
GWA-T-12-Rnd,rnd/2013-9/99.csv,1020622,2f9346ad241ce292311dbd31b043de90775783b36787464d2b2226a2d7c5defe
