seed,policy,provisioning_delay_epochs,test_epochs,test_requests,p50_latency_ms,p95_latency_ms,p99_latency_ms,sla_violation_fraction,scale_fraction,event_coverage_fraction,missed_event_fraction,mean_epoch_p95_ms,worker_epoch_cost
20260727,no_action,0,50,2007,15.0,42.00000000000002,50.50000000000003,0.5690084703537618,0.0,0.0,0.62,20.59350000000001,100.0
20260727,no_action,1,50,2007,15.0,42.00000000000002,50.50000000000003,0.5690084703537618,0.0,0.0,0.62,20.59350000000001,100.0
20260727,no_action,2,50,2007,15.0,42.00000000000002,50.50000000000003,0.5690084703537618,0.0,0.0,0.62,20.59350000000001,100.0
20260727,reactive,0,50,2007,4.499999999999997,23.349999999999916,38.00000000000002,0.11609367214748381,0.62,0.8387096774193549,0.1,7.812000000000002,193.0
20260727,reactive,1,50,2007,4.500000000000001,30.000000000000014,41.50000000000002,0.15296462381664175,0.62,0.8064516129032258,0.12,8.823000000000002,193.0
20260727,reactive,2,50,2007,4.999999999999998,38.00000000000002,50.00000000000003,0.2057797708021923,0.6,0.7096774193548387,0.18,10.262000000000002,190.0
20260727,snapshot,0,50,2007,4.499999999999999,23.50000000000001,39.00000000000002,0.12954658694569007,0.7,0.8387096774193549,0.1,7.868000000000004,205.0
20260727,snapshot,1,50,2007,4.499999999999999,19.000000000000007,36.50000000000002,0.11509715994020926,0.7,0.8387096774193549,0.1,7.661000000000002,205.0
20260727,snapshot,2,50,2007,4.499999999999999,25.000000000000007,40.97000000000005,0.12306925759840558,0.7,0.8709677419354839,0.08,8.000000000000002,205.0
20260727,satcap,0,50,2007,4.499999999999997,23.349999999999916,38.00000000000002,0.11609367214748381,0.62,0.8387096774193549,0.1,7.812000000000002,193.0
20260727,satcap,1,50,2007,4.500000000000001,30.000000000000014,41.50000000000002,0.15296462381664175,0.62,0.8064516129032258,0.12,8.823000000000002,193.0
20260727,satcap,2,50,2007,4.999999999999998,38.00000000000002,50.00000000000003,0.2057797708021923,0.6,0.7096774193548387,0.18,10.262000000000002,190.0
20260728,no_action,0,50,1008,5.999999999999999,32.500000000000014,44.464999999999996,0.33630952380952384,0.0,0.0,0.32,8.587500000000004,100.0
20260728,no_action,1,50,1008,5.999999999999999,32.500000000000014,44.464999999999996,0.33630952380952384,0.0,0.0,0.32,8.587500000000004,100.0
20260728,no_action,2,50,1008,5.999999999999999,32.500000000000014,44.464999999999996,0.33630952380952384,0.0,0.0,0.32,8.587500000000004,100.0
20260728,reactive,0,50,1008,3.0,11.500000000000004,19.500000000000007,0.047619047619047616,0.3,0.5625,0.14,4.4615,145.0
20260728,reactive,1,50,1008,2.999999999999999,25.00000000000001,40.894999999999946,0.12400793650793651,0.3,0.625,0.12,5.0815,145.0
20260728,reactive,2,50,1008,3.0,32.500000000000014,44.464999999999996,0.1884920634920635,0.3,0.4375,0.18,6.075500000000001,145.0
20260728,snapshot,0,50,1008,2.4999999999999987,16.474999999999966,40.894999999999946,0.0625,0.4,0.75,0.08,4.098,160.0
20260728,snapshot,1,50,1008,2.5000000000000004,24.500000000000007,40.894999999999946,0.12301587301587301,0.4,0.75,0.08,4.908000000000001,160.0
20260728,snapshot,2,50,1008,3.4999999999999996,27.00000000000001,40.894999999999946,0.16071428571428573,0.4,0.4375,0.18,5.78,160.0
20260728,satcap,0,50,1008,3.0,11.500000000000004,19.500000000000007,0.047619047619047616,0.3,0.5625,0.14,4.4615,145.0
20260728,satcap,1,50,1008,2.999999999999999,25.00000000000001,40.894999999999946,0.12400793650793651,0.3,0.625,0.12,5.0815,145.0
20260728,satcap,2,50,1008,3.0,32.500000000000014,44.464999999999996,0.1884920634920635,0.3,0.4375,0.18,6.075500000000001,145.0
20260729,no_action,0,50,1590,11.999999999999996,40.775,52.000000000000036,0.49245283018867925,0.0,0.0,0.56,15.450500000000003,100.0
20260729,no_action,1,50,1590,11.999999999999996,40.775,52.000000000000036,0.49245283018867925,0.0,0.0,0.56,15.450500000000003,100.0
20260729,no_action,2,50,1590,11.999999999999996,40.775,52.000000000000036,0.49245283018867925,0.0,0.0,0.56,15.450500000000003,100.0
20260729,reactive,0,50,1590,3.5000000000000004,14.000000000000005,34.000000000000014,0.07484276729559748,0.54,0.75,0.14,5.764000000000002,181.0
20260729,reactive,1,50,1590,3.999999999999999,22.000000000000007,37.55499999999997,0.12327044025157233,0.56,0.6785714285714286,0.18,6.694000000000001,184.0
20260729,reactive,2,50,1590,4.5,20.500000000000007,34.000000000000014,0.13522012578616352,0.58,0.6428571428571429,0.2,7.142500000000001,187.0
20260729,snapshot,0,50,1590,3.4999999999999987,14.500000000000002,46.05499999999998,0.06792452830188679,0.74,0.8571428571428571,0.08,5.419500000000001,211.0
20260729,snapshot,1,50,1590,3.4999999999999996,18.500000000000007,48.55499999999998,0.09056603773584905,0.76,0.8214285714285714,0.1,5.771500000000001,214.0
20260729,snapshot,2,50,1590,4.0,20.500000000000007,33.554999999999964,0.13333333333333333,0.76,0.75,0.14,6.599500000000001,214.0
20260729,satcap,0,50,1590,3.5000000000000004,23.274999999999988,46.05499999999998,0.11132075471698114,0.82,0.8571428571428571,0.08,6.211000000000001,223.0
20260729,satcap,1,50,1590,3.5000000000000004,29.274999999999988,48.55499999999998,0.14528301886792452,0.8,0.8214285714285714,0.1,6.707000000000002,220.0
20260729,satcap,2,50,1590,3.4999999999999996,29.00000000000001,38.50000000000002,0.17735849056603772,0.8,0.7857142857142857,0.12,6.917000000000003,220.0
20260730,no_action,0,50,1679,10.499999999999996,36.00000000000002,43.22000000000005,0.44371649791542583,0.0,0.0,0.62,15.706500000000005,100.0
20260730,no_action,1,50,1679,10.499999999999996,36.00000000000002,43.22000000000005,0.44371649791542583,0.0,0.0,0.62,15.706500000000005,100.0
20260730,no_action,2,50,1679,10.499999999999996,36.00000000000002,43.22000000000005,0.44371649791542583,0.0,0.0,0.62,15.706500000000005,100.0
20260730,reactive,0,50,1679,3.499999999999998,12.500000000000002,29.110000000000024,0.05539011316259678,0.62,0.8387096774193549,0.1,5.934500000000001,193.0
20260730,reactive,1,50,1679,3.4999999999999996,25.04999999999996,36.61000000000003,0.11137581893984515,0.62,0.7096774193548387,0.18,7.208,193.0
20260730,reactive,2,50,1679,3.9999999999999982,25.000000000000007,36.11000000000003,0.1346039309112567,0.62,0.7096774193548387,0.18,7.687500000000001,193.0
20260730,snapshot,0,50,1679,3.4999999999999996,17.5,30.000000000000014,0.07921381774865992,0.72,0.7419354838709677,0.16,6.3625,208.0
20260730,snapshot,1,50,1679,3.4999999999999996,27.50000000000001,37.00000000000002,0.13639070875521145,0.72,0.7096774193548387,0.18,7.309500000000001,208.0
20260730,snapshot,2,50,1679,3.9999999999999982,25.000000000000007,36.11000000000003,0.1429422275163788,0.7,0.7096774193548387,0.18,7.711500000000001,205.0
20260730,satcap,0,50,1679,3.499999999999998,12.500000000000002,29.110000000000024,0.05539011316259678,0.62,0.8387096774193549,0.1,5.934500000000001,193.0
20260730,satcap,1,50,1679,3.4999999999999996,25.04999999999996,36.61000000000003,0.11137581893984515,0.62,0.7096774193548387,0.18,7.208,193.0
20260730,satcap,2,50,1679,3.9999999999999982,25.000000000000007,36.11000000000003,0.1346039309112567,0.62,0.7096774193548387,0.18,7.687500000000001,193.0
20260731,no_action,0,50,1406,8.999999999999998,37.00000000000002,44.50000000000003,0.3755334281650071,0.0,0.0,0.54,12.873500000000003,100.0
20260731,no_action,1,50,1406,8.999999999999998,37.00000000000002,44.50000000000003,0.3755334281650071,0.0,0.0,0.54,12.873500000000003,100.0
20260731,no_action,2,50,1406,8.999999999999998,37.00000000000002,44.50000000000003,0.3755334281650071,0.0,0.0,0.54,12.873500000000003,100.0
20260731,reactive,0,50,1406,2.999999999999999,12.500000000000002,23.97500000000003,0.0561877667140825,0.54,0.8148148148148148,0.1,5.133500000000001,181.0
20260731,reactive,1,50,1406,2.999999999999999,19.625000000000004,39.00000000000002,0.08108108108108109,0.52,0.7407407407407407,0.14,5.766000000000001,178.0
20260731,reactive,2,50,1406,3.0,23.500000000000007,35.000000000000014,0.11735419630156473,0.52,0.6666666666666666,0.18,6.394500000000001,178.0
20260731,snapshot,0,50,1406,2.4999999999999987,10.499999999999998,13.000000000000002,0.017069701280227598,0.76,0.8888888888888888,0.06,4.010000000000001,214.0
20260731,snapshot,1,50,1406,2.4999999999999987,11.500000000000004,23.97500000000003,0.04480796586059744,0.76,0.9259259259259259,0.04,4.471,214.0
20260731,snapshot,2,50,1406,2.999999999999999,12.500000000000002,23.97500000000003,0.0561877667140825,0.76,0.8148148148148148,0.1,5.0535000000000005,214.0
20260731,satcap,0,50,1406,2.999999999999999,12.500000000000002,23.97500000000003,0.0561877667140825,0.54,0.8148148148148148,0.1,5.133500000000001,181.0
20260731,satcap,1,50,1406,2.999999999999999,19.625000000000004,39.00000000000002,0.08108108108108109,0.52,0.7407407407407407,0.14,5.766000000000001,178.0
20260731,satcap,2,50,1406,3.0,23.500000000000007,35.000000000000014,0.11735419630156473,0.52,0.6666666666666666,0.18,6.394500000000001,178.0
20260732,no_action,0,50,2029,13.499999999999998,40.50000000000002,46.00000000000003,0.5337604731394776,0.0,0.0,0.66,20.51500000000001,100.0
20260732,no_action,1,50,2029,13.499999999999998,40.50000000000002,46.00000000000003,0.5337604731394776,0.0,0.0,0.66,20.51500000000001,100.0
20260732,no_action,2,50,2029,13.499999999999998,40.50000000000002,46.00000000000003,0.5337604731394776,0.0,0.0,0.66,20.51500000000001,100.0
20260732,reactive,0,50,2029,4.999999999999998,21.000000000000004,36.36000000000003,0.11335633316904879,0.66,0.7575757575757576,0.16,8.398000000000003,199.0
20260732,reactive,1,50,2029,5.0,32.000000000000014,42.72000000000005,0.19517003449975356,0.66,0.696969696969697,0.2,10.248000000000003,199.0
20260732,reactive,2,50,2029,6.499999999999997,34.500000000000014,43.50000000000002,0.24248398225726958,0.66,0.5757575757575758,0.28,11.648000000000001,199.0
20260732,snapshot,0,50,2029,4.999999999999999,27.29999999999996,40.00000000000002,0.14046328240512568,0.6,0.696969696969697,0.2,9.169000000000002,190.0
20260732,snapshot,1,50,2029,5.499999999999998,35.000000000000014,44.360000000000035,0.21291276490882208,0.6,0.6666666666666666,0.22,10.854500000000003,190.0
20260732,snapshot,2,50,2029,5.999999999999999,36.00000000000002,44.50000000000003,0.259733859043864,0.6,0.5454545454545454,0.3,12.081000000000003,190.0
20260732,satcap,0,50,2029,4.999999999999998,21.000000000000004,36.36000000000003,0.11335633316904879,0.66,0.7575757575757576,0.16,8.398000000000003,199.0
20260732,satcap,1,50,2029,5.0,32.000000000000014,42.72000000000005,0.19517003449975356,0.66,0.696969696969697,0.2,10.248000000000003,199.0
20260732,satcap,2,50,2029,6.499999999999997,34.500000000000014,43.50000000000002,0.24248398225726958,0.66,0.5757575757575758,0.28,11.648000000000001,199.0
20260733,no_action,0,50,2023,13.999999999999998,41.50000000000002,47.50000000000003,0.5496786950074147,0.0,0.0,0.68,20.372500000000006,100.0
20260733,no_action,1,50,2023,13.999999999999998,41.50000000000002,47.50000000000003,0.5496786950074147,0.0,0.0,0.68,20.372500000000006,100.0
20260733,no_action,2,50,2023,13.999999999999998,41.50000000000002,47.50000000000003,0.5496786950074147,0.0,0.0,0.68,20.372500000000006,100.0
20260733,reactive,0,50,2023,4.499999999999998,13.499999999999998,39.89000000000001,0.06228373702422145,0.68,0.8529411764705882,0.1,7.134000000000001,202.0
20260733,reactive,1,50,2023,4.5,16.000000000000007,37.50000000000002,0.08947108255066732,0.68,0.8235294117647058,0.12,7.545500000000001,202.0
20260733,reactive,2,50,2023,4.500000000000001,22.44999999999994,37.779999999999994,0.13445378151260504,0.68,0.7647058823529411,0.16,8.567000000000002,202.0
20260733,snapshot,0,50,2023,4.499999999999998,22.949999999999942,39.89000000000001,0.10479485912011864,0.68,0.7941176470588235,0.14,7.899000000000002,202.0
20260733,snapshot,1,50,2023,4.499999999999999,33.500000000000014,45.390000000000015,0.15076618882847256,0.68,0.7647058823529411,0.16,8.993000000000002,202.0
20260733,snapshot,2,50,2023,4.999999999999999,33.000000000000014,44.890000000000015,0.18932278793870488,0.68,0.6764705882352942,0.22,10.096000000000002,202.0
20260733,satcap,0,50,2023,4.499999999999998,13.499999999999998,39.89000000000001,0.06228373702422145,0.68,0.8529411764705882,0.1,7.134000000000001,202.0
20260733,satcap,1,50,2023,4.5,16.000000000000007,37.50000000000002,0.08947108255066732,0.68,0.8235294117647058,0.12,7.545500000000001,202.0
20260733,satcap,2,50,2023,4.500000000000001,22.44999999999994,37.779999999999994,0.13445378151260504,0.68,0.7647058823529411,0.16,8.567000000000002,202.0
20260734,no_action,0,50,1911,13.999999999999998,41.00000000000002,47.50000000000003,0.5405546834118262,0.0,0.0,0.56,19.030000000000005,100.0
20260734,no_action,1,50,1911,13.999999999999998,41.00000000000002,47.50000000000003,0.5405546834118262,0.0,0.0,0.56,19.030000000000005,100.0
20260734,no_action,2,50,1911,13.999999999999998,41.00000000000002,47.50000000000003,0.5405546834118262,0.0,0.0,0.56,19.030000000000005,100.0
20260734,reactive,0,50,1911,4.5,22.500000000000007,37.50000000000002,0.12297226582940869,0.54,0.75,0.14,8.146500000000003,181.0
20260734,reactive,1,50,1911,4.999999999999999,35.75000000000002,47.50000000000003,0.21664050235478807,0.52,0.6071428571428571,0.22,10.451500000000003,178.0
20260734,reactive,2,50,1911,4.999999999999999,38.50000000000002,47.50000000000003,0.2370486656200942,0.5,0.6071428571428571,0.22,11.013000000000003,175.0
20260734,snapshot,0,50,1911,3.9999999999999982,12.500000000000002,33.45000000000006,0.05442176870748299,0.78,0.8928571428571429,0.06,6.100500000000001,217.0
20260734,snapshot,1,50,1911,3.999999999999999,25.000000000000007,39.50000000000002,0.11459968602825746,0.76,0.8214285714285714,0.1,7.408500000000001,214.0
20260734,snapshot,2,50,1911,3.999999999999999,32.250000000000014,43.00000000000002,0.13239141810570382,0.74,0.8214285714285714,0.1,7.848500000000001,211.0
20260734,satcap,0,50,1911,4.5,22.500000000000007,37.50000000000002,0.12297226582940869,0.54,0.75,0.14,8.146500000000003,181.0
20260734,satcap,1,50,1911,4.999999999999999,35.75000000000002,47.50000000000003,0.21664050235478807,0.52,0.6071428571428571,0.22,10.451500000000003,178.0
20260734,satcap,2,50,1911,4.999999999999999,38.50000000000002,47.50000000000003,0.2370486656200942,0.5,0.6071428571428571,0.22,11.013000000000003,175.0
20260735,no_action,0,50,1244,8.999999999999998,37.00000000000002,45.00000000000003,0.41639871382636656,0.0,0.0,0.46,11.504500000000004,100.0
20260735,no_action,1,50,1244,8.999999999999998,37.00000000000002,45.00000000000003,0.41639871382636656,0.0,0.0,0.46,11.504500000000004,100.0
20260735,no_action,2,50,1244,8.999999999999998,37.00000000000002,45.00000000000003,0.41639871382636656,0.0,0.0,0.46,11.504500000000004,100.0
20260735,reactive,0,50,1244,3.0,31.34999999999992,44.28499999999999,0.12861736334405144,0.48,0.6521739130434783,0.16,5.708500000000002,172.0
20260735,reactive,1,50,1244,3.9999999999999982,30.424999999999965,39.28499999999999,0.2162379421221865,0.48,0.5217391304347826,0.22,7.1640000000000015,172.0
20260735,reactive,2,50,1244,4.500000000000001,32.500000000000014,41.78499999999999,0.2508038585209003,0.48,0.4782608695652174,0.24,7.862500000000002,172.0
20260735,snapshot,0,50,1244,6.499999999999999,34.000000000000014,44.50000000000003,0.3247588424437299,0.14,0.17391304347826086,0.38,9.770000000000003,121.0
20260735,snapshot,1,50,1244,6.5,37.00000000000002,45.00000000000003,0.3545016077170418,0.14,0.17391304347826086,0.38,10.278500000000001,121.0
20260735,snapshot,2,50,1244,6.499999999999999,37.00000000000002,45.00000000000003,0.33360128617363344,0.16,0.13043478260869565,0.4,10.059000000000003,124.0
20260735,satcap,0,50,1244,7.499999999999998,32.500000000000014,40.78499999999999,0.33038585209003213,0.12,0.08695652173913043,0.42,10.14,118.0
20260735,satcap,1,50,1244,5.999999999999999,34.000000000000014,44.28499999999999,0.27491961414790994,0.14,0.17391304347826086,0.38,9.312500000000004,121.0
20260735,satcap,2,50,1244,6.499999999999998,35.34999999999992,45.00000000000003,0.30385852090032156,0.14,0.21739130434782608,0.36,9.662500000000003,121.0
20260736,no_action,0,50,2592,17.5,44.00000000000003,52.000000000000036,0.6257716049382716,0.0,0.0,0.86,27.880500000000016,100.0
20260736,no_action,1,50,2592,17.5,44.00000000000003,52.000000000000036,0.6257716049382716,0.0,0.0,0.86,27.880500000000016,100.0
20260736,no_action,2,50,2592,17.5,44.00000000000003,52.000000000000036,0.6257716049382716,0.0,0.0,0.86,27.880500000000016,100.0
20260736,reactive,0,50,2592,4.999999999999998,12.500000000000002,16.000000000000004,0.062114197530864196,0.88,0.9302325581395349,0.06,7.671500000000001,232.0
20260736,reactive,1,50,2592,4.999999999999998,13.500000000000002,19.00000000000001,0.07561728395061729,0.9,0.9534883720930233,0.04,7.980000000000001,235.0
20260736,reactive,2,50,2592,4.999999999999999,15.22499999999991,37.00000000000002,0.09490740740740741,0.9,0.9069767441860465,0.08,8.730500000000003,235.0
20260736,snapshot,0,50,2592,5.499999999999998,14.000000000000004,22.54500000000008,0.08873456790123457,0.76,0.813953488372093,0.16,9.106500000000002,214.0
20260736,snapshot,1,50,2592,5.0,13.724999999999913,19.00000000000001,0.07908950617283951,0.78,0.8837209302325582,0.1,8.6095,217.0
20260736,snapshot,2,50,2592,5.499999999999998,15.500000000000004,37.00000000000002,0.09722222222222222,0.8,0.8372093023255814,0.14,9.274500000000002,220.0
20260736,satcap,0,50,2592,4.999999999999998,12.500000000000002,16.000000000000004,0.062114197530864196,0.88,0.9302325581395349,0.06,7.671500000000001,232.0
20260736,satcap,1,50,2592,4.999999999999998,13.500000000000002,19.00000000000001,0.07561728395061729,0.9,0.9534883720930233,0.04,7.980000000000001,235.0
20260736,satcap,2,50,2592,4.999999999999999,15.22499999999991,37.00000000000002,0.09490740740740741,0.9,0.9069767441860465,0.08,8.730500000000003,235.0
20260737,no_action,0,50,1750,12.999999999999998,39.00000000000002,49.51000000000002,0.5148571428571429,0.0,0.0,0.54,17.146000000000004,100.0
20260737,no_action,1,50,1750,12.999999999999998,39.00000000000002,49.51000000000002,0.5148571428571429,0.0,0.0,0.54,17.146000000000004,100.0
20260737,no_action,2,50,1750,12.999999999999998,39.00000000000002,49.51000000000002,0.5148571428571429,0.0,0.0,0.54,17.146000000000004,100.0
20260737,reactive,0,50,1750,4.0,20.274999999999984,39.25500000000002,0.10571428571428572,0.54,0.8148148148148148,0.1,6.892000000000001,181.0
20260737,reactive,1,50,1750,4.500000000000001,24.000000000000007,43.50000000000002,0.1422857142857143,0.52,0.7037037037037037,0.16,7.926500000000002,178.0
20260737,reactive,2,50,1750,4.5,24.774999999999984,43.50000000000002,0.14742857142857144,0.52,0.6666666666666666,0.18,8.004500000000002,178.0
20260737,snapshot,0,50,1750,3.9999999999999964,12.500000000000002,21.01,0.053142857142857144,0.76,0.9259259259259259,0.04,5.3375,214.0
20260737,snapshot,1,50,1750,3.999999999999999,17.049999999999955,43.50000000000002,0.08685714285714285,0.76,0.8518518518518519,0.08,6.242,214.0
20260737,snapshot,2,50,1750,4.499999999999999,18.500000000000007,29.500000000000014,0.11771428571428572,0.74,0.7407407407407407,0.14,6.866500000000001,211.0
20260737,satcap,0,50,1750,4.0,20.274999999999984,39.25500000000002,0.10571428571428572,0.54,0.8148148148148148,0.1,6.892000000000001,181.0
20260737,satcap,1,50,1750,4.500000000000001,24.000000000000007,43.50000000000002,0.1422857142857143,0.52,0.7037037037037037,0.16,7.926500000000002,178.0
20260737,satcap,2,50,1750,4.5,24.774999999999984,43.50000000000002,0.14742857142857144,0.52,0.6666666666666666,0.18,8.004500000000002,178.0
20260738,no_action,0,50,2115,15.5,40.50000000000002,46.00000000000003,0.5711583924349882,0.0,0.0,0.64,21.69200000000001,100.0
20260738,no_action,1,50,2115,15.5,40.50000000000002,46.00000000000003,0.5711583924349882,0.0,0.0,0.64,21.69200000000001,100.0
20260738,no_action,2,50,2115,15.5,40.50000000000002,46.00000000000003,0.5711583924349882,0.0,0.0,0.64,21.69200000000001,100.0
20260738,reactive,0,50,2115,5.0,22.500000000000007,36.00000000000002,0.11205673758865248,0.62,0.75,0.16,8.904000000000002,193.0
20260738,reactive,1,50,2115,5.5,33.000000000000014,41.50000000000002,0.20709219858156028,0.6,0.65625,0.22,11.178500000000003,190.0
20260738,reactive,2,50,2115,5.499999999999999,37.00000000000002,46.00000000000003,0.20756501182033096,0.6,0.71875,0.18,11.387500000000001,190.0
20260738,snapshot,0,50,2115,4.999999999999999,28.149999999999988,41.00000000000002,0.13049645390070921,0.64,0.78125,0.14,9.162500000000001,196.0
20260738,snapshot,1,50,2115,5.499999999999999,35.64999999999999,46.00000000000003,0.20236406619385341,0.62,0.65625,0.22,11.313500000000001,193.0
20260738,snapshot,2,50,2115,5.499999999999999,35.000000000000014,43.00000000000002,0.20851063829787234,0.62,0.71875,0.18,11.164,193.0
20260738,satcap,0,50,2115,5.0,22.500000000000007,36.00000000000002,0.11205673758865248,0.62,0.75,0.16,8.904000000000002,193.0
20260738,satcap,1,50,2115,5.5,33.000000000000014,41.50000000000002,0.20709219858156028,0.6,0.65625,0.22,11.178500000000003,190.0
20260738,satcap,2,50,2115,5.499999999999999,37.00000000000002,46.00000000000003,0.20756501182033096,0.6,0.71875,0.18,11.387500000000001,190.0
20260739,no_action,0,50,1665,12.999999999999998,41.9,50.00000000000003,0.5153153153153153,0.0,0.0,0.58,16.395500000000006,100.0
20260739,no_action,1,50,1665,12.999999999999998,41.9,50.00000000000003,0.5153153153153153,0.0,0.0,0.58,16.395500000000006,100.0
20260739,no_action,2,50,1665,12.999999999999998,41.9,50.00000000000003,0.5153153153153153,0.0,0.0,0.58,16.395500000000006,100.0
20260739,reactive,0,50,1665,4.499999999999999,21.39999999999998,43.00000000000002,0.12192192192192192,0.56,0.6896551724137931,0.18,7.3245000000000005,184.0
20260739,reactive,1,50,1665,4.499999999999999,19.500000000000004,32.539999999999864,0.12072072072072072,0.54,0.6551724137931034,0.2,7.295000000000001,181.0
20260739,reactive,2,50,1665,4.5,32.500000000000014,47.00000000000003,0.17777777777777778,0.54,0.6551724137931034,0.2,8.484000000000002,181.0
20260739,snapshot,0,50,1665,3.4999999999999996,11.500000000000004,14.000000000000004,0.036036036036036036,0.8,0.9310344827586207,0.04,4.8865,220.0
20260739,snapshot,1,50,1665,3.4999999999999996,11.500000000000004,14.000000000000004,0.036036036036036036,0.78,0.896551724137931,0.06,5.106499999999999,217.0
20260739,snapshot,2,50,1665,3.4999999999999996,12.0,14.500000000000005,0.04624624624624624,0.78,0.8620689655172413,0.08,5.172500000000001,217.0
20260739,satcap,0,50,1665,4.499999999999999,21.39999999999998,43.00000000000002,0.12192192192192192,0.56,0.6896551724137931,0.18,7.3245000000000005,184.0
20260739,satcap,1,50,1665,4.499999999999999,19.500000000000004,32.539999999999864,0.12072072072072072,0.54,0.6551724137931034,0.2,7.295000000000001,181.0
20260739,satcap,2,50,1665,4.5,32.500000000000014,47.00000000000003,0.17777777777777778,0.54,0.6551724137931034,0.2,8.484000000000002,181.0
20260740,no_action,0,50,1286,9.499999999999998,38.00000000000002,46.00000000000003,0.4097978227060653,0.0,0.0,0.54,12.045000000000005,100.0
20260740,no_action,1,50,1286,9.499999999999998,38.00000000000002,46.00000000000003,0.4097978227060653,0.0,0.0,0.54,12.045000000000005,100.0
20260740,no_action,2,50,1286,9.499999999999998,38.00000000000002,46.00000000000003,0.4097978227060653,0.0,0.0,0.54,12.045000000000005,100.0
20260740,reactive,0,50,1286,2.5000000000000004,12.0,25.075000000000056,0.049766718506998445,0.52,0.7037037037037037,0.16,4.6915000000000004,178.0
20260740,reactive,1,50,1286,3.0,12.875,22.500000000000007,0.056765163297045104,0.52,0.7037037037037037,0.16,5.0085000000000015,178.0
20260740,reactive,2,50,1286,2.999999999999999,26.00000000000001,44.65000000000012,0.12130637636080871,0.5,0.6666666666666666,0.18,5.885000000000001,175.0
20260740,snapshot,0,50,1286,2.999999999999999,29.500000000000014,44.65000000000012,0.12986003110419908,0.46,0.6666666666666666,0.18,5.9910000000000005,169.0
20260740,snapshot,1,50,1286,3.0,26.00000000000001,39.00000000000002,0.12752721617418353,0.46,0.6296296296296297,0.2,6.099000000000001,169.0
20260740,snapshot,2,50,1286,3.4999999999999987,23.375000000000007,36.22500000000015,0.13374805598755832,0.44,0.5925925925925926,0.22,6.296000000000001,166.0
20260740,satcap,0,50,1286,2.5000000000000004,12.0,25.075000000000056,0.049766718506998445,0.52,0.7037037037037037,0.16,4.6915000000000004,178.0
20260740,satcap,1,50,1286,3.0,12.875,22.500000000000007,0.056765163297045104,0.52,0.7037037037037037,0.16,5.0085000000000015,178.0
20260740,satcap,2,50,1286,2.999999999999999,26.00000000000001,44.65000000000012,0.12130637636080871,0.5,0.6666666666666666,0.18,5.885000000000001,175.0
20260741,no_action,0,50,1635,11.499999999999998,37.00000000000002,42.16000000000011,0.4776758409785933,0.0,0.0,0.52,15.499500000000008,100.0
20260741,no_action,1,50,1635,11.499999999999998,37.00000000000002,42.16000000000011,0.4776758409785933,0.0,0.0,0.52,15.499500000000008,100.0
20260741,no_action,2,50,1635,11.499999999999998,37.00000000000002,42.16000000000011,0.4776758409785933,0.0,0.0,0.52,15.499500000000008,100.0
20260741,reactive,0,50,1635,3.9999999999999982,20.500000000000004,38.83000000000006,0.08685015290519878,0.5,0.6923076923076923,0.16,6.7865,175.0
20260741,reactive,1,50,1635,4.499999999999999,28.50000000000001,40.6600000000001,0.14984709480122324,0.48,0.5769230769230769,0.22,8.065500000000002,172.0
20260741,reactive,2,50,1635,4.5,24.000000000000007,39.50000000000002,0.1382262996941896,0.48,0.6153846153846154,0.2,8.041000000000002,172.0
20260741,snapshot,0,50,1635,3.0,10.499999999999998,17.000000000000007,0.03058103975535168,0.76,0.8846153846153846,0.06,4.867000000000001,214.0
20260741,snapshot,1,50,1635,3.0,12.000000000000002,29.830000000000055,0.05137614678899083,0.76,0.8461538461538461,0.08,5.36,214.0
20260741,snapshot,2,50,1635,3.4999999999999996,13.499999999999998,33.49000000000014,0.0617737003058104,0.74,0.7692307692307693,0.12,5.86,211.0
20260741,satcap,0,50,1635,3.9999999999999982,20.500000000000004,38.83000000000006,0.08685015290519878,0.5,0.6923076923076923,0.16,6.7865,175.0
20260741,satcap,1,50,1635,4.499999999999999,28.50000000000001,40.6600000000001,0.14984709480122324,0.48,0.5769230769230769,0.22,8.065500000000002,172.0
20260741,satcap,2,50,1635,4.5,24.000000000000007,39.50000000000002,0.1382262996941896,0.48,0.6153846153846154,0.2,8.041000000000002,172.0
20260742,no_action,0,50,1198,5.999999999999999,34.000000000000014,47.515000000000015,0.29632721202003337,0.0,0.0,0.46,9.919000000000002,100.0
20260742,no_action,1,50,1198,5.999999999999999,34.000000000000014,47.515000000000015,0.29632721202003337,0.0,0.0,0.46,9.919000000000002,100.0
20260742,no_action,2,50,1198,5.999999999999999,34.000000000000014,47.515000000000015,0.29632721202003337,0.0,0.0,0.46,9.919000000000002,100.0
20260742,reactive,0,50,1198,2.5000000000000004,26.00000000000001,40.51500000000001,0.15943238731218698,0.48,0.5217391304347826,0.22,6.234,172.0
20260742,reactive,1,50,1198,3.0,32.074999999999946,47.515000000000015,0.17111853088480802,0.48,0.43478260869565216,0.26,6.731500000000001,172.0
20260742,reactive,2,50,1198,3.0,19.000000000000007,29.544999999999973,0.1285475792988314,0.5,0.5217391304347826,0.22,5.977000000000001,175.0
20260742,snapshot,0,50,1198,2.0,26.00000000000001,40.51500000000001,0.13689482470784642,0.5,0.5217391304347826,0.22,5.635999999999999,175.0
20260742,snapshot,1,50,1198,2.4999999999999996,32.074999999999946,47.515000000000015,0.14023372287145242,0.52,0.5652173913043478,0.2,5.893000000000002,178.0
20260742,snapshot,2,50,1198,2.4999999999999987,15.574999999999937,29.54499999999997,0.09432387312186978,0.54,0.5652173913043478,0.2,5.074000000000001,181.0
20260742,satcap,0,50,1198,2.5000000000000004,26.00000000000001,40.51500000000001,0.15943238731218698,0.48,0.5217391304347826,0.22,6.234,172.0
20260742,satcap,1,50,1198,3.0,32.074999999999946,47.515000000000015,0.17111853088480802,0.48,0.43478260869565216,0.26,6.731500000000001,172.0
20260742,satcap,2,50,1198,3.0,19.000000000000007,29.544999999999973,0.1285475792988314,0.5,0.5217391304347826,0.22,5.977000000000001,175.0
20260743,no_action,0,50,2554,18.500000000000007,44.50000000000003,50.50000000000003,0.6480031323414253,0.0,0.0,0.74,27.750500000000013,100.0
20260743,no_action,1,50,2554,18.500000000000007,44.50000000000003,50.50000000000003,0.6480031323414253,0.0,0.0,0.74,27.750500000000013,100.0
20260743,no_action,2,50,2554,18.500000000000007,44.50000000000003,50.50000000000003,0.6480031323414253,0.0,0.0,0.74,27.750500000000013,100.0
20260743,reactive,0,50,2554,5.499999999999999,14.174999999999956,26.50000000000001,0.10258418167580266,0.74,0.8648648648648649,0.1,9.093,211.0
20260743,reactive,1,50,2554,5.5,15.500000000000002,34.500000000000014,0.1115896632732968,0.74,0.8378378378378378,0.12,9.545500000000002,211.0
20260743,reactive,2,50,2554,5.9999999999999964,29.00000000000001,43.23499999999993,0.15857478465152702,0.76,0.8108108108108109,0.14,10.735999999999999,214.0
20260743,snapshot,0,50,2554,5.5,23.500000000000007,42.50000000000002,0.1331245105716523,0.78,0.8378378378378378,0.12,10.012,217.0
20260743,snapshot,1,50,2554,5.999999999999998,29.50000000000001,46.50000000000003,0.16523101018010963,0.78,0.8378378378378378,0.12,11.123000000000001,217.0
20260743,snapshot,2,50,2554,5.999999999999998,29.00000000000001,39.73499999999992,0.1898981989036805,0.78,0.7567567567567568,0.18,11.5395,217.0
20260743,satcap,0,50,2554,5.499999999999999,14.174999999999956,26.50000000000001,0.10258418167580266,0.74,0.8648648648648649,0.1,9.093,211.0
20260743,satcap,1,50,2554,5.5,15.500000000000002,34.500000000000014,0.1115896632732968,0.74,0.8378378378378378,0.12,9.545500000000002,211.0
20260743,satcap,2,50,2554,5.9999999999999964,29.00000000000001,43.23499999999993,0.15857478465152702,0.76,0.8108108108108109,0.14,10.735999999999999,214.0
20260744,no_action,0,50,1167,7.999999999999998,42.00000000000002,49.00000000000003,0.39845758354755784,0.0,0.0,0.42,10.527000000000001,100.0
20260744,no_action,1,50,1167,7.999999999999998,42.00000000000002,49.00000000000003,0.39845758354755784,0.0,0.0,0.42,10.527000000000001,100.0
20260744,no_action,2,50,1167,7.999999999999998,42.00000000000002,49.00000000000003,0.39845758354755784,0.0,0.0,0.42,10.527000000000001,100.0
20260744,reactive,0,50,1167,3.4999999999999996,11.850000000000025,14.000000000000004,0.04113110539845758,0.42,0.6666666666666666,0.14,4.345000000000001,163.0
20260744,reactive,1,50,1167,3.5000000000000004,14.000000000000004,31.669999999999977,0.0805484147386461,0.42,0.6666666666666666,0.14,5.0120000000000005,163.0
20260744,reactive,2,50,1167,3.5000000000000004,16.850000000000026,31.669999999999977,0.1062553556126821,0.42,0.5238095238095238,0.2,5.290000000000001,163.0
20260744,snapshot,0,50,1167,3.4999999999999987,14.000000000000004,31.669999999999977,0.0805484147386461,0.5,0.6190476190476191,0.16,4.686000000000001,175.0
20260744,snapshot,1,50,1167,3.4999999999999996,16.850000000000026,31.669999999999977,0.1062553556126821,0.5,0.6190476190476191,0.16,5.053000000000001,175.0
20260744,snapshot,2,50,1167,3.5000000000000004,28.850000000000037,41.5099999999999,0.181662382176521,0.48,0.5238095238095238,0.2,6.151500000000001,172.0
20260744,satcap,0,50,1167,3.4999999999999996,11.850000000000025,14.000000000000004,0.04113110539845758,0.42,0.6666666666666666,0.14,4.345000000000001,163.0
20260744,satcap,1,50,1167,3.5000000000000004,14.000000000000004,31.669999999999977,0.0805484147386461,0.42,0.6666666666666666,0.14,5.0120000000000005,163.0
20260744,satcap,2,50,1167,3.5000000000000004,16.850000000000026,31.669999999999977,0.1062553556126821,0.42,0.5238095238095238,0.2,5.290000000000001,163.0
20260745,no_action,0,50,2025,15.0,39.4,49.38000000000003,0.5698765432098766,0.0,0.0,0.72,20.89750000000001,100.0
20260745,no_action,1,50,2025,15.0,39.4,49.38000000000003,0.5698765432098766,0.0,0.0,0.72,20.89750000000001,100.0
20260745,no_action,2,50,2025,15.0,39.4,49.38000000000003,0.5698765432098766,0.0,0.0,0.72,20.89750000000001,100.0
20260745,reactive,0,50,2025,3.999999999999999,11.0,14.000000000000004,0.024691358024691357,0.7,0.9166666666666666,0.06,5.846,205.0
20260745,reactive,1,50,2025,3.999999999999999,11.0,14.000000000000004,0.024691358024691357,0.68,0.8888888888888888,0.08,5.985999999999999,202.0
20260745,reactive,2,50,2025,3.999999999999999,11.0,14.000000000000004,0.025185185185185185,0.66,0.8888888888888888,0.08,6.067999999999999,199.0
20260745,snapshot,0,50,2025,3.999999999999999,11.999999999999998,38.38000000000002,0.04938271604938271,0.72,0.8888888888888888,0.08,6.591000000000001,208.0
20260745,snapshot,1,50,2025,3.999999999999999,12.0,29.14,0.04938271604938271,0.72,0.8611111111111112,0.1,6.4755,208.0
20260745,snapshot,2,50,2025,4.0,13.000000000000005,31.380000000000013,0.06172839506172839,0.7,0.8611111111111112,0.1,6.8275000000000015,205.0
20260745,satcap,0,50,2025,3.999999999999999,11.0,14.000000000000004,0.024691358024691357,0.7,0.9166666666666666,0.06,5.846,205.0
20260745,satcap,1,50,2025,3.999999999999999,11.0,14.000000000000004,0.024691358024691357,0.68,0.8888888888888888,0.08,5.985999999999999,202.0
20260745,satcap,2,50,2025,3.999999999999999,11.0,14.000000000000004,0.025185185185185185,0.66,0.8888888888888888,0.08,6.067999999999999,199.0
20260746,no_action,0,50,999,5.499999999999999,32.000000000000014,41.01000000000001,0.2852852852852853,0.0,0.0,0.38,8.2485,100.0
20260746,no_action,1,50,999,5.499999999999999,32.000000000000014,41.01000000000001,0.2852852852852853,0.0,0.0,0.38,8.2485,100.0
20260746,no_action,2,50,999,5.499999999999999,32.000000000000014,41.01000000000001,0.2852852852852853,0.0,0.0,0.38,8.2485,100.0
20260746,reactive,0,50,999,2.9999999999999973,13.000000000000002,17.009999999999998,0.062062062062062065,0.36,0.42105263157894735,0.22,4.569,154.0
20260746,reactive,1,50,999,2.999999999999999,13.04999999999996,22.509999999999994,0.062062062062062065,0.36,0.42105263157894735,0.22,4.859,154.0
20260746,reactive,2,50,999,2.4999999999999996,18.000000000000004,29.029999999999983,0.09309309309309309,0.38,0.47368421052631576,0.2,4.883500000000001,157.0
20260746,snapshot,0,50,999,2.0,10.499999999999998,16.000000000000004,0.03303303303303303,0.4,0.5263157894736842,0.18,4.058,160.0
20260746,snapshot,1,50,999,2.5000000000000004,15.000000000000004,22.509999999999994,0.08308308308308308,0.4,0.42105263157894735,0.22,4.771000000000001,160.0
20260746,snapshot,2,50,999,3.0,17.04999999999996,29.029999999999983,0.1001001001001001,0.4,0.3684210526315789,0.24,5.167000000000001,160.0
20260746,satcap,0,50,999,2.9999999999999973,13.000000000000002,17.009999999999998,0.062062062062062065,0.36,0.42105263157894735,0.22,4.569,154.0
20260746,satcap,1,50,999,2.999999999999999,13.04999999999996,22.509999999999994,0.062062062062062065,0.36,0.42105263157894735,0.22,4.859,154.0
20260746,satcap,2,50,999,2.4999999999999996,18.000000000000004,29.029999999999983,0.09309309309309309,0.38,0.47368421052631576,0.2,4.883500000000001,157.0
20260747,no_action,0,50,1268,8.499999999999996,38.00000000000002,45.50000000000003,0.38958990536277605,0.0,0.0,0.48,11.588500000000003,100.0
20260747,no_action,1,50,1268,8.499999999999996,38.00000000000002,45.50000000000003,0.38958990536277605,0.0,0.0,0.48,11.588500000000003,100.0
20260747,no_action,2,50,1268,8.499999999999996,38.00000000000002,45.50000000000003,0.38958990536277605,0.0,0.0,0.48,11.588500000000003,100.0
20260747,reactive,0,50,1268,3.0,17.324999999999935,31.32999999999994,0.09069400630914827,0.48,0.5833333333333334,0.2,5.554,172.0
20260747,reactive,1,50,1268,3.5000000000000004,34.000000000000014,44.16499999999999,0.23422712933753942,0.5,0.4166666666666667,0.28,7.9300000000000015,175.0
20260747,reactive,2,50,1268,4.249999999999998,36.50000000000002,45.50000000000003,0.25630914826498424,0.5,0.3333333333333333,0.32,8.349000000000002,175.0
20260747,snapshot,0,50,1268,2.999999999999999,21.000000000000004,35.500000000000014,0.08911671924290221,0.62,0.7083333333333334,0.14,5.0995,193.0
20260747,snapshot,1,50,1268,2.999999999999999,31.824999999999942,43.32999999999995,0.16482649842271294,0.6,0.6666666666666666,0.16,6.225000000000001,190.0
20260747,snapshot,2,50,1268,3.4999999999999996,30.000000000000014,41.164999999999985,0.1695583596214511,0.6,0.4583333333333333,0.26,6.808500000000002,190.0
20260747,satcap,0,50,1268,3.0,17.324999999999935,31.32999999999994,0.09069400630914827,0.48,0.5833333333333334,0.2,5.554,172.0
20260747,satcap,1,50,1268,3.5000000000000004,34.000000000000014,44.16499999999999,0.23422712933753942,0.5,0.4166666666666667,0.28,7.9300000000000015,175.0
20260747,satcap,2,50,1268,4.249999999999998,36.50000000000002,45.50000000000003,0.25630914826498424,0.5,0.3333333333333333,0.32,8.349000000000002,175.0
20260748,no_action,0,50,1027,5.499999999999998,31.500000000000014,40.50000000000002,0.26582278481012656,0.0,0.0,0.38,8.257,100.0
20260748,no_action,1,50,1027,5.499999999999998,31.500000000000014,40.50000000000002,0.26582278481012656,0.0,0.0,0.38,8.257,100.0
20260748,no_action,2,50,1027,5.499999999999998,31.500000000000014,40.50000000000002,0.26582278481012656,0.0,0.0,0.38,8.257,100.0
20260748,reactive,0,50,1027,2.5000000000000004,13.000000000000004,37.37000000000002,0.05647517039922103,0.38,0.5789473684210527,0.16,4.6095,157.0
20260748,reactive,1,50,1027,2.999999999999999,15.000000000000004,29.50000000000001,0.07497565725413827,0.4,0.5263157894736842,0.18,4.923500000000001,160.0
20260748,reactive,2,50,1027,2.4999999999999996,15.500000000000002,24.500000000000007,0.07692307692307693,0.4,0.5263157894736842,0.18,4.843000000000001,160.0
20260748,snapshot,0,50,1027,2.0,15.0,37.37000000000002,0.06426484907497566,0.62,0.7368421052631579,0.1,3.9555000000000007,193.0
20260748,snapshot,1,50,1027,2.0,13.0,29.50000000000001,0.05744888023369036,0.62,0.5263157894736842,0.18,4.255000000000001,193.0
20260748,snapshot,2,50,1027,2.0,13.849999999999964,22.00000000000001,0.062317429406037,0.62,0.5263157894736842,0.18,4.316500000000001,193.0
20260748,satcap,0,50,1027,2.5000000000000004,13.000000000000004,37.37000000000002,0.05647517039922103,0.38,0.5789473684210527,0.16,4.6095,157.0
20260748,satcap,1,50,1027,2.999999999999999,15.000000000000004,29.50000000000001,0.07497565725413827,0.4,0.5263157894736842,0.18,4.923500000000001,160.0
20260748,satcap,2,50,1027,2.4999999999999996,15.500000000000002,24.500000000000007,0.07692307692307693,0.4,0.5263157894736842,0.18,4.843000000000001,160.0
20260749,no_action,0,50,2705,17.000000000000007,44.50000000000003,52.000000000000036,0.6184842883548983,0.0,0.0,0.86,28.851000000000013,100.0
20260749,no_action,1,50,2705,17.000000000000007,44.50000000000003,52.000000000000036,0.6184842883548983,0.0,0.0,0.86,28.851000000000013,100.0
20260749,no_action,2,50,2705,17.000000000000007,44.50000000000003,52.000000000000036,0.6184842883548983,0.0,0.0,0.86,28.851000000000013,100.0
20260749,reactive,0,50,2705,5.0,13.000000000000002,15.500000000000005,0.06913123844731978,0.86,0.8837209302325582,0.1,8.313500000000001,229.0
20260749,reactive,1,50,2705,5.499999999999998,15.5,39.50000000000002,0.09944547134935305,0.86,0.8837209302325582,0.1,9.287500000000003,229.0
20260749,reactive,2,50,2705,5.499999999999998,15.000000000000004,38.50000000000002,0.10018484288354898,0.86,0.8837209302325582,0.1,9.299,229.0
20260749,snapshot,0,50,2705,5.999999999999998,19.899999999999867,41.00000000000002,0.13086876155268024,0.72,0.7906976744186046,0.18,11.069500000000003,208.0
20260749,snapshot,1,50,2705,5.999999999999999,30.000000000000014,46.50000000000003,0.155637707948244,0.72,0.7209302325581395,0.24,11.966000000000003,208.0
20260749,snapshot,2,50,2705,5.999999999999998,30.000000000000014,46.00000000000003,0.15600739371534195,0.72,0.7441860465116279,0.22,11.927000000000003,208.0
20260749,satcap,0,50,2705,5.0,13.000000000000002,15.500000000000005,0.06913123844731978,0.86,0.8837209302325582,0.1,8.313500000000001,229.0
20260749,satcap,1,50,2705,5.499999999999998,15.5,39.50000000000002,0.09944547134935305,0.86,0.8837209302325582,0.1,9.287500000000003,229.0
20260749,satcap,2,50,2705,5.499999999999998,15.000000000000004,38.50000000000002,0.10018484288354898,0.86,0.8837209302325582,0.1,9.299,229.0
20260750,no_action,0,50,1716,10.499999999999996,37.00000000000002,46.27499999999989,0.43997668997669,0.0,0.0,0.64,16.13500000000001,100.0
20260750,no_action,1,50,1716,10.499999999999996,37.00000000000002,46.27499999999989,0.43997668997669,0.0,0.0,0.64,16.13500000000001,100.0
20260750,no_action,2,50,1716,10.499999999999996,37.00000000000002,46.27499999999989,0.43997668997669,0.0,0.0,0.64,16.13500000000001,100.0
20260750,reactive,0,50,1716,3.4999999999999987,13.500000000000002,27.50000000000001,0.057692307692307696,0.64,0.78125,0.14,5.978,196.0
20260750,reactive,1,50,1716,3.5000000000000004,24.625000000000007,38.00000000000002,0.1148018648018648,0.64,0.71875,0.18,7.026500000000001,196.0
20260750,reactive,2,50,1716,4.0,26.00000000000001,36.50000000000002,0.14335664335664336,0.64,0.71875,0.18,7.825500000000001,196.0
20260750,snapshot,0,50,1716,9.499999999999998,36.50000000000002,46.27499999999989,0.40734265734265734,0.18,0.09375,0.58,15.178500000000007,127.0
20260750,snapshot,1,50,1716,8.499999999999998,36.50000000000002,46.27499999999989,0.3793706293706294,0.18,0.15625,0.54,14.443500000000006,127.0
20260750,snapshot,2,50,1716,7.9999999999999964,36.00000000000002,46.27499999999989,0.34906759906759904,0.18,0.15625,0.54,13.808500000000002,127.0
20260750,satcap,0,50,1716,3.4999999999999987,13.500000000000002,27.50000000000001,0.057692307692307696,0.64,0.78125,0.14,5.978,196.0
20260750,satcap,1,50,1716,3.5000000000000004,24.625000000000007,38.00000000000002,0.1148018648018648,0.64,0.71875,0.18,7.026500000000001,196.0
20260750,satcap,2,50,1716,4.0,26.00000000000001,36.50000000000002,0.14335664335664336,0.64,0.71875,0.18,7.825500000000001,196.0
20260751,no_action,0,50,1415,8.0,35.500000000000014,43.42999999999998,0.36890459363957595,0.0,0.0,0.62,12.637500000000001,100.0
20260751,no_action,1,50,1415,8.0,35.500000000000014,43.42999999999998,0.36890459363957595,0.0,0.0,0.62,12.637500000000001,100.0
20260751,no_action,2,50,1415,8.0,35.500000000000014,43.42999999999998,0.36890459363957595,0.0,0.0,0.62,12.637500000000001,100.0
20260751,reactive,0,50,1415,3.0,14.500000000000004,30.35999999999991,0.07561837455830389,0.62,0.6451612903225806,0.22,5.780500000000001,193.0
20260751,reactive,1,50,1415,2.9999999999999982,22.500000000000007,37.42999999999997,0.1314487632508834,0.62,0.7096774193548387,0.18,6.225000000000001,193.0
20260751,reactive,2,50,1415,3.4999999999999987,31.00000000000001,43.42999999999998,0.17879858657243816,0.6,0.5806451612903226,0.26,7.506000000000001,190.0
20260751,snapshot,0,50,1415,2.999999999999999,13.000000000000002,30.35999999999991,0.06219081272084806,0.54,0.6774193548387096,0.2,5.428000000000001,181.0
20260751,snapshot,1,50,1415,3.4999999999999987,13.500000000000002,20.00000000000001,0.06996466431095406,0.56,0.5806451612903226,0.26,5.9565,184.0
20260751,snapshot,2,50,1415,3.4999999999999996,26.649999999999988,43.42999999999998,0.13498233215547703,0.54,0.4838709677419355,0.32,7.1530000000000005,181.0
20260751,satcap,0,50,1415,3.0,14.500000000000004,30.35999999999991,0.07561837455830389,0.62,0.6451612903225806,0.22,5.780500000000001,193.0
20260751,satcap,1,50,1415,2.9999999999999982,22.500000000000007,37.42999999999997,0.1314487632508834,0.62,0.7096774193548387,0.18,6.225000000000001,193.0
20260751,satcap,2,50,1415,3.4999999999999987,31.00000000000001,43.42999999999998,0.17879858657243816,0.6,0.5806451612903226,0.26,7.506000000000001,190.0
20260752,no_action,0,50,2117,13.5,38.09999999999992,44.9200000000001,0.5314123760037789,0.0,0.0,0.72,21.160500000000006,100.0
20260752,no_action,1,50,2117,13.5,38.09999999999992,44.9200000000001,0.5314123760037789,0.0,0.0,0.72,21.160500000000006,100.0
20260752,no_action,2,50,2117,13.5,38.09999999999992,44.9200000000001,0.5314123760037789,0.0,0.0,0.72,21.160500000000006,100.0
20260752,reactive,0,50,2117,3.999999999999999,18.599999999999913,34.92000000000009,0.07652338214454417,0.74,0.8333333333333334,0.12,7.336500000000001,211.0
20260752,reactive,1,50,2117,4.499999999999999,31.000000000000014,42.00000000000002,0.15210203117619273,0.74,0.7222222222222222,0.2,9.361000000000002,211.0
20260752,reactive,2,50,2117,4.5,27.59999999999992,38.50000000000002,0.15918752952290977,0.74,0.75,0.18,9.508000000000003,211.0
20260752,snapshot,0,50,2117,4.0,20.500000000000004,35.920000000000094,0.09636277751535191,0.88,0.8611111111111112,0.1,7.599000000000002,232.0
20260752,snapshot,1,50,2117,4.0,24.500000000000007,36.50000000000002,0.1209258384506377,0.88,0.8333333333333334,0.12,8.137000000000002,232.0
20260752,snapshot,2,50,2117,3.999999999999999,21.500000000000007,36.920000000000094,0.09069437883797828,0.88,0.8611111111111112,0.1,7.376500000000003,232.0
20260752,satcap,0,50,2117,3.999999999999999,18.599999999999913,34.92000000000009,0.07652338214454417,0.74,0.8333333333333334,0.12,7.336500000000001,211.0
20260752,satcap,1,50,2117,4.499999999999999,31.000000000000014,42.00000000000002,0.15210203117619273,0.74,0.7222222222222222,0.2,9.361000000000002,211.0
20260752,satcap,2,50,2117,4.5,27.59999999999992,38.50000000000002,0.15918752952290977,0.74,0.75,0.18,9.508000000000003,211.0
20260753,no_action,0,50,2135,13.499999999999998,40.50000000000002,47.50000000000003,0.5334894613583138,0.0,0.0,0.72,21.497000000000007,100.0
20260753,no_action,1,50,2135,13.499999999999998,40.50000000000002,47.50000000000003,0.5334894613583138,0.0,0.0,0.72,21.497000000000007,100.0
20260753,no_action,2,50,2135,13.499999999999998,40.50000000000002,47.50000000000003,0.5334894613583138,0.0,0.0,0.72,21.497000000000007,100.0
20260753,reactive,0,50,2135,4.0,16.0,31.000000000000014,0.09180327868852459,0.72,0.8055555555555556,0.14,7.870000000000002,208.0
20260753,reactive,1,50,2135,3.999999999999999,27.149999999999988,40.32999999999995,0.14379391100702577,0.72,0.7777777777777778,0.16,8.862000000000002,208.0
20260753,reactive,2,50,2135,4.0,32.000000000000014,43.00000000000002,0.17330210772833723,0.7,0.75,0.18,9.668000000000003,205.0
20260753,snapshot,0,50,2135,4.5,32.500000000000014,46.329999999999956,0.17423887587822015,0.68,0.6944444444444444,0.22,10.253000000000002,202.0
20260753,snapshot,1,50,2135,4.500000000000001,38.00000000000002,47.00000000000003,0.26885245901639343,0.66,0.6388888888888888,0.26,12.2765,199.0
20260753,snapshot,2,50,2135,4.499999999999999,33.000000000000014,43.00000000000002,0.1901639344262295,0.66,0.75,0.18,10.3825,199.0
20260753,satcap,0,50,2135,4.0,16.0,31.000000000000014,0.09180327868852459,0.72,0.8055555555555556,0.14,7.870000000000002,208.0
20260753,satcap,1,50,2135,3.999999999999999,27.149999999999988,40.32999999999995,0.14379391100702577,0.72,0.7777777777777778,0.16,8.862000000000002,208.0
20260753,satcap,2,50,2135,4.0,32.000000000000014,43.00000000000002,0.17330210772833723,0.7,0.75,0.18,9.668000000000003,205.0
20260754,no_action,0,50,2697,16.000000000000007,43.00000000000002,55.52000000000001,0.5977011494252874,0.0,0.0,0.9,28.368500000000008,100.0
20260754,no_action,1,50,2697,16.000000000000007,43.00000000000002,55.52000000000001,0.5977011494252874,0.0,0.0,0.9,28.368500000000008,100.0
20260754,no_action,2,50,2697,16.000000000000007,43.00000000000002,55.52000000000001,0.5977011494252874,0.0,0.0,0.9,28.368500000000008,100.0
20260754,reactive,0,50,2697,4.999999999999997,14.000000000000002,26.019999999999992,0.07563959955506118,0.9,0.9333333333333333,0.06,8.3865,235.0
20260754,reactive,1,50,2697,4.999999999999997,21.000000000000004,44.50000000000003,0.10196514645902854,0.9,0.9111111111111111,0.08,9.370000000000001,235.0
20260754,reactive,2,50,2697,4.999999999999999,18.500000000000004,35.500000000000014,0.11160548757879125,0.9,0.8888888888888888,0.1,9.371500000000003,235.0
20260754,snapshot,0,50,2697,4.999999999999998,12.5,17.000000000000007,0.05710048201705599,0.88,0.9111111111111111,0.08,8.191500000000001,232.0
20260754,snapshot,1,50,2697,4.999999999999999,29.50000000000001,46.00000000000003,0.13311086392287727,0.86,0.8666666666666667,0.12,10.562999999999999,229.0
20260754,snapshot,2,50,2697,4.999999999999999,28.500000000000007,46.00000000000003,0.12977382276603633,0.84,0.8444444444444444,0.14,10.647500000000003,226.0
20260754,satcap,0,50,2697,4.999999999999997,14.000000000000002,26.019999999999992,0.07563959955506118,0.9,0.9333333333333333,0.06,8.3865,235.0
20260754,satcap,1,50,2697,4.999999999999997,21.000000000000004,44.50000000000003,0.10196514645902854,0.9,0.9111111111111111,0.08,9.370000000000001,235.0
20260754,satcap,2,50,2697,4.999999999999999,18.500000000000004,35.500000000000014,0.11160548757879125,0.9,0.8888888888888888,0.1,9.371500000000003,235.0
20260755,no_action,0,50,1492,9.749999999999998,40.00000000000002,47.00000000000003,0.435656836461126,0.0,0.0,0.48,13.933000000000005,100.0
20260755,no_action,1,50,1492,9.749999999999998,40.00000000000002,47.00000000000003,0.435656836461126,0.0,0.0,0.48,13.933000000000005,100.0
20260755,no_action,2,50,1492,9.749999999999998,40.00000000000002,47.00000000000003,0.435656836461126,0.0,0.0,0.48,13.933000000000005,100.0
20260755,reactive,0,50,1492,4.5,16.725000000000026,30.500000000000014,0.10187667560321716,0.46,0.625,0.18,6.617000000000002,169.0
20260755,reactive,1,50,1492,4.0,25.000000000000007,34.000000000000014,0.15616621983914208,0.44,0.6666666666666666,0.16,7.180000000000002,166.0
20260755,reactive,2,50,1492,4.5,25.000000000000007,40.00000000000002,0.1380697050938338,0.44,0.625,0.18,7.3535,166.0
20260755,snapshot,0,50,1492,3.5000000000000004,12.500000000000002,27.634999999999888,0.06166219839142091,0.62,0.7916666666666666,0.1,5.477500000000001,193.0
20260755,snapshot,1,50,1492,3.5000000000000004,20.500000000000004,31.089999999999932,0.1239946380697051,0.6,0.75,0.12,6.345500000000001,190.0
20260755,snapshot,2,50,1492,3.999999999999999,13.000000000000005,27.634999999999888,0.07104557640750671,0.6,0.75,0.12,5.7145,190.0
20260755,satcap,0,50,1492,4.5,16.725000000000026,30.500000000000014,0.10187667560321716,0.46,0.625,0.18,6.617000000000002,169.0
20260755,satcap,1,50,1492,4.0,25.000000000000007,34.000000000000014,0.15616621983914208,0.44,0.6666666666666666,0.16,7.180000000000002,166.0
20260755,satcap,2,50,1492,4.5,25.000000000000007,40.00000000000002,0.1380697050938338,0.44,0.625,0.18,7.3535,166.0
20260756,no_action,0,50,1187,6.0,31.500000000000014,40.00000000000002,0.3058129738837405,0.0,0.0,0.38,9.803000000000003,100.0
20260756,no_action,1,50,1187,6.0,31.500000000000014,40.00000000000002,0.3058129738837405,0.0,0.0,0.38,9.803000000000003,100.0
20260756,no_action,2,50,1187,6.0,31.500000000000014,40.00000000000002,0.3058129738837405,0.0,0.0,0.38,9.803000000000003,100.0
20260756,reactive,0,50,1187,2.999999999999999,22.85000000000003,34.570000000000064,0.12215669755686605,0.4,0.5263157894736842,0.18,5.952500000000001,160.0
20260756,reactive,1,50,1187,3.0,27.00000000000001,38.50000000000002,0.13984835720303285,0.4,0.5263157894736842,0.18,6.380000000000001,160.0
20260756,reactive,2,50,1187,3.0,23.35000000000003,34.570000000000064,0.13984835720303285,0.38,0.5263157894736842,0.18,6.409500000000001,157.0
20260756,snapshot,0,50,1187,2.5000000000000004,20.000000000000004,34.570000000000064,0.09435551811288964,0.52,0.5263157894736842,0.18,5.4445,178.0
20260756,snapshot,1,50,1187,2.5000000000000004,19.350000000000026,34.570000000000064,0.08761583824768324,0.54,0.631578947368421,0.14,5.3134999999999994,181.0
20260756,snapshot,2,50,1187,3.0,17.500000000000004,34.570000000000064,0.08677337826453244,0.54,0.47368421052631576,0.2,5.561500000000001,181.0
20260756,satcap,0,50,1187,2.999999999999999,22.85000000000003,34.570000000000064,0.12215669755686605,0.4,0.5263157894736842,0.18,5.952500000000001,160.0
20260756,satcap,1,50,1187,3.0,27.00000000000001,38.50000000000002,0.13984835720303285,0.4,0.5263157894736842,0.18,6.380000000000001,160.0
20260756,satcap,2,50,1187,3.0,23.35000000000003,34.570000000000064,0.13984835720303285,0.38,0.5263157894736842,0.18,6.409500000000001,157.0
20260757,no_action,0,50,934,6.999999999999999,33.500000000000014,41.50000000000002,0.34582441113490364,0.0,0.0,0.36,8.189500000000002,100.0
20260757,no_action,1,50,934,6.999999999999999,33.500000000000014,41.50000000000002,0.34582441113490364,0.0,0.0,0.36,8.189500000000002,100.0
20260757,no_action,2,50,934,6.999999999999999,33.500000000000014,41.50000000000002,0.34582441113490364,0.0,0.0,0.36,8.189500000000002,100.0
20260757,reactive,0,50,934,2.4999999999999987,9.674999999999955,14.66999999999996,0.020342612419700215,0.36,0.8333333333333334,0.06,3.3009999999999997,154.0
20260757,reactive,1,50,934,2.4999999999999987,13.5,28.50000000000001,0.06423982869379015,0.36,0.7777777777777778,0.08,3.7905,154.0
20260757,reactive,2,50,934,2.4999999999999987,13.999999999999998,28.50000000000001,0.0728051391862955,0.38,0.7222222222222222,0.1,3.9515000000000002,157.0
20260757,snapshot,0,50,934,2.0,15.5,37.835,0.06209850107066381,0.4,0.8333333333333334,0.06,3.648500000000001,160.0
20260757,snapshot,1,50,934,2.0,17.674999999999958,40.00000000000002,0.0728051391862955,0.4,0.7777777777777778,0.08,3.890500000000001,160.0
20260757,snapshot,2,50,934,2.0,26.84999999999992,38.335,0.11241970021413276,0.4,0.7777777777777778,0.08,4.1295,160.0
20260757,satcap,0,50,934,2.4999999999999987,9.674999999999955,14.66999999999996,0.020342612419700215,0.36,0.8333333333333334,0.06,3.3009999999999997,154.0
20260757,satcap,1,50,934,2.4999999999999987,13.5,28.50000000000001,0.06423982869379015,0.36,0.7777777777777778,0.08,3.7905,154.0
20260757,satcap,2,50,934,2.4999999999999987,13.999999999999998,28.50000000000001,0.0728051391862955,0.38,0.7222222222222222,0.1,3.9515000000000002,157.0
20260758,no_action,0,50,2172,17.5,42.72499999999993,50.50000000000003,0.6155616942909761,0.0,0.0,0.68,22.957000000000008,100.0
20260758,no_action,1,50,2172,17.5,42.72499999999993,50.50000000000003,0.6155616942909761,0.0,0.0,0.68,22.957000000000008,100.0
20260758,no_action,2,50,2172,17.5,42.72499999999993,50.50000000000003,0.6155616942909761,0.0,0.0,0.68,22.957000000000008,100.0
20260758,reactive,0,50,2172,5.0,11.500000000000004,14.500000000000005,0.037753222836095765,0.7,0.9705882352941176,0.02,6.652000000000002,205.0
20260758,reactive,1,50,2172,5.499999999999998,15.500000000000005,36.644999999999996,0.08701657458563536,0.7,0.9117647058823529,0.06,7.760000000000002,205.0
20260758,reactive,2,50,2172,5.499999999999999,23.000000000000007,39.645,0.10957642725598526,0.72,0.8823529411764706,0.08,8.2215,208.0
20260758,snapshot,0,50,2172,5.0,13.000000000000005,31.500000000000014,0.06767955801104972,0.84,0.9411764705882353,0.04,7.106000000000002,226.0
20260758,snapshot,1,50,2172,5.499999999999998,15.0,36.00000000000002,0.08517495395948435,0.84,0.9117647058823529,0.06,7.611000000000002,226.0
20260758,snapshot,2,50,2172,5.499999999999999,26.72499999999992,41.00000000000002,0.12753222836095765,0.84,0.8823529411764706,0.08,8.597500000000002,226.0
20260758,satcap,0,50,2172,5.0,11.500000000000004,14.500000000000005,0.037753222836095765,0.7,0.9705882352941176,0.02,6.652000000000002,205.0
20260758,satcap,1,50,2172,5.499999999999998,15.500000000000005,36.644999999999996,0.08701657458563536,0.7,0.9117647058823529,0.06,7.760000000000002,205.0
20260758,satcap,2,50,2172,5.499999999999999,23.000000000000007,39.645,0.10957642725598526,0.72,0.8823529411764706,0.08,8.2215,208.0
20260759,no_action,0,50,1723,13.0,43.00000000000002,50.00000000000003,0.5240858966918166,0.0,0.0,0.58,17.184000000000008,100.0
20260759,no_action,1,50,1723,13.0,43.00000000000002,50.00000000000003,0.5240858966918166,0.0,0.0,0.58,17.184000000000008,100.0
20260759,no_action,2,50,1723,13.0,43.00000000000002,50.00000000000003,0.5240858966918166,0.0,0.0,0.58,17.184000000000008,100.0
20260759,reactive,0,50,1723,4.999999999999999,28.449999999999942,41.50000000000002,0.1665699361578642,0.56,0.6551724137931034,0.2,8.046000000000003,184.0
20260759,reactive,1,50,1723,4.999999999999998,31.000000000000014,47.66999999999999,0.1433546140452699,0.54,0.6896551724137931,0.18,8.088500000000002,181.0
20260759,reactive,2,50,1723,5.499999999999999,25.500000000000007,39.16999999999998,0.16715031921067905,0.52,0.6206896551724138,0.22,8.301500000000003,178.0
20260759,snapshot,0,50,1723,4.5,22.00000000000001,41.39000000000001,0.122460824143935,0.56,0.7241379310344828,0.16,7.185500000000001,184.0
20260759,snapshot,1,50,1723,4.999999999999999,30.000000000000014,41.50000000000002,0.1688914683691236,0.54,0.6551724137931034,0.2,8.248000000000003,181.0
20260759,snapshot,2,50,1723,5.499999999999999,22.00000000000001,37.779999999999994,0.1474172954149739,0.52,0.5862068965517241,0.24,8.129500000000002,178.0
20260759,satcap,0,50,1723,4.999999999999999,28.449999999999942,41.50000000000002,0.1665699361578642,0.56,0.6551724137931034,0.2,8.046000000000003,184.0
20260759,satcap,1,50,1723,4.999999999999998,31.000000000000014,47.66999999999999,0.1433546140452699,0.54,0.6896551724137931,0.18,8.088500000000002,181.0
20260759,satcap,2,50,1723,5.499999999999999,25.500000000000007,39.16999999999998,0.16715031921067905,0.52,0.6206896551724138,0.22,8.301500000000003,178.0
20260760,no_action,0,50,1524,9.999999999999998,41.50000000000002,51.27000000000001,0.4468503937007874,0.0,0.0,0.52,14.138500000000004,100.0
20260760,no_action,1,50,1524,9.999999999999998,41.50000000000002,51.27000000000001,0.4468503937007874,0.0,0.0,0.52,14.138500000000004,100.0
20260760,no_action,2,50,1524,9.999999999999998,41.50000000000002,51.27000000000001,0.4468503937007874,0.0,0.0,0.52,14.138500000000004,100.0
20260760,reactive,0,50,1524,3.5000000000000004,15.500000000000005,36.654999999999994,0.08661417322834646,0.52,0.6923076923076923,0.16,5.8375,178.0
20260760,reactive,1,50,1524,3.5000000000000004,29.50000000000001,43.00000000000002,0.13582677165354332,0.52,0.5769230769230769,0.22,6.941,178.0
20260760,reactive,2,50,1524,4.0,28.000000000000014,40.27,0.18110236220472442,0.52,0.5769230769230769,0.22,7.598500000000001,178.0
20260760,snapshot,0,50,1524,3.0,23.50000000000001,40.27,0.12401574803149606,0.78,0.7692307692307693,0.12,5.8530000000000015,217.0
20260760,snapshot,1,50,1524,3.0,29.500000000000014,43.00000000000002,0.16076115485564305,0.78,0.6923076923076923,0.16,6.607000000000002,217.0
20260760,snapshot,2,50,1524,3.5000000000000004,28.00000000000001,39.50000000000002,0.17979002624671916,0.78,0.8076923076923077,0.1,6.988500000000002,217.0
20260760,satcap,0,50,1524,3.5000000000000004,15.500000000000005,36.654999999999994,0.08661417322834646,0.52,0.6923076923076923,0.16,5.8375,178.0
20260760,satcap,1,50,1524,3.5000000000000004,29.50000000000001,43.00000000000002,0.13582677165354332,0.52,0.5769230769230769,0.22,6.941,178.0
20260760,satcap,2,50,1524,4.0,28.000000000000014,40.27,0.18110236220472442,0.52,0.5769230769230769,0.22,7.598500000000001,178.0
20260761,no_action,0,50,2442,14.000000000000005,40.00000000000002,46.00000000000003,0.5540540540540541,0.0,0.0,0.82,24.93000000000001,100.0
20260761,no_action,1,50,2442,14.000000000000005,40.00000000000002,46.00000000000003,0.5540540540540541,0.0,0.0,0.82,24.93000000000001,100.0
20260761,no_action,2,50,2442,14.000000000000005,40.00000000000002,46.00000000000003,0.5540540540540541,0.0,0.0,0.82,24.93000000000001,100.0
20260761,reactive,0,50,2442,4.999999999999997,14.500000000000002,31.09000000000016,0.07821457821457821,0.82,0.8292682926829268,0.14,8.6155,223.0
20260761,reactive,1,50,2442,4.999999999999999,26.00000000000001,40.00000000000002,0.1298116298116298,0.82,0.7804878048780488,0.18,9.906000000000004,223.0
20260761,reactive,2,50,2442,4.500000000000001,24.500000000000007,39.295000000000094,0.1162981162981163,0.82,0.8292682926829268,0.14,9.524000000000001,223.0
20260761,snapshot,0,50,2442,6.999999999999998,38.00000000000002,44.50000000000003,0.32678132678132676,0.52,0.4634146341463415,0.44,16.515000000000004,178.0
20260761,snapshot,1,50,2442,5.999999999999999,36.50000000000002,43.00000000000002,0.2674037674037674,0.54,0.5609756097560976,0.36,14.891000000000005,181.0
20260761,snapshot,2,50,2442,6.499999999999998,35.000000000000014,43.00000000000002,0.25552825552825553,0.56,0.5365853658536586,0.38,14.615500000000004,184.0
20260761,satcap,0,50,2442,4.999999999999997,14.500000000000002,31.09000000000016,0.07821457821457821,0.82,0.8292682926829268,0.14,8.6155,223.0
20260761,satcap,1,50,2442,4.999999999999999,26.00000000000001,40.00000000000002,0.1298116298116298,0.82,0.7804878048780488,0.18,9.906000000000004,223.0
20260761,satcap,2,50,2442,4.500000000000001,24.500000000000007,39.295000000000094,0.1162981162981163,0.82,0.8292682926829268,0.14,9.524000000000001,223.0
20260762,no_action,0,50,1975,12.499999999999996,36.50000000000002,45.630000000000024,0.509873417721519,0.0,0.0,0.72,19.34200000000001,100.0
20260762,no_action,1,50,1975,12.499999999999996,36.50000000000002,45.630000000000024,0.509873417721519,0.0,0.0,0.72,19.34200000000001,100.0
20260762,no_action,2,50,1975,12.499999999999996,36.50000000000002,45.630000000000024,0.509873417721519,0.0,0.0,0.72,19.34200000000001,100.0
20260762,reactive,0,50,1975,3.4999999999999996,18.000000000000004,36.63000000000002,0.08607594936708861,0.72,0.8611111111111112,0.1,6.941,208.0
20260762,reactive,1,50,1975,3.4999999999999996,27.50000000000001,39.63000000000002,0.149873417721519,0.7,0.7777777777777778,0.16,8.414500000000002,205.0
20260762,reactive,2,50,1975,3.999999999999999,25.649999999999984,38.50000000000002,0.1670886075949367,0.68,0.7222222222222222,0.2,8.994500000000002,202.0
20260762,snapshot,0,50,1975,3.0,10.499999999999998,15.629999999999997,0.026835443037974683,0.88,0.9722222222222222,0.02,5.186999999999999,232.0
20260762,snapshot,1,50,1975,3.0,19.14999999999998,42.76000000000001,0.0729113924050633,0.86,0.9166666666666666,0.06,6.28,229.0
20260762,snapshot,2,50,1975,3.499999999999998,26.00000000000001,38.50000000000002,0.11341772151898734,0.86,0.8611111111111112,0.1,7.107500000000001,229.0
20260762,satcap,0,50,1975,3.4999999999999996,18.000000000000004,36.63000000000002,0.08607594936708861,0.72,0.8611111111111112,0.1,6.941,208.0
20260762,satcap,1,50,1975,3.4999999999999996,27.50000000000001,39.63000000000002,0.149873417721519,0.7,0.7777777777777778,0.16,8.414500000000002,205.0
20260762,satcap,2,50,1975,3.999999999999999,25.649999999999984,38.50000000000002,0.1670886075949367,0.68,0.7222222222222222,0.2,8.994500000000002,202.0
20260763,no_action,0,50,2170,13.999999999999998,39.774999999999885,47.809999999999974,0.5479262672811059,0.0,0.0,0.8,21.855000000000008,100.0
20260763,no_action,1,50,2170,13.999999999999998,39.774999999999885,47.809999999999974,0.5479262672811059,0.0,0.0,0.8,21.855000000000008,100.0
20260763,no_action,2,50,2170,13.999999999999998,39.774999999999885,47.809999999999974,0.5479262672811059,0.0,0.0,0.8,21.855000000000008,100.0
20260763,reactive,0,50,2170,4.0,11.500000000000004,17.500000000000004,0.03824884792626728,0.8,0.9,0.08,6.541,220.0
20260763,reactive,1,50,2170,4.0,11.5,17.500000000000004,0.03732718894009217,0.82,0.9,0.08,6.47,223.0
20260763,reactive,2,50,2170,3.999999999999999,11.500000000000004,32.000000000000014,0.04516129032258064,0.84,0.925,0.06,6.6,226.0
20260763,snapshot,0,50,2170,3.5000000000000004,10.499999999999998,13.654999999999976,0.019815668202764977,1.0,1.0,0.0,5.439499999999999,250.0
20260763,snapshot,1,50,2170,3.5000000000000004,10.499999999999998,13.654999999999976,0.019815668202764977,1.0,1.0,0.0,5.439499999999999,250.0
20260763,snapshot,2,50,2170,3.5000000000000004,10.499999999999998,13.654999999999976,0.019815668202764977,1.0,1.0,0.0,5.439499999999999,250.0
20260763,satcap,0,50,2170,4.499999999999997,22.500000000000007,37.00000000000002,0.10230414746543778,0.8,0.8,0.16,8.128000000000002,220.0
20260763,satcap,1,50,2170,4.499999999999999,30.000000000000014,43.80999999999997,0.15299539170506912,0.8,0.775,0.18,9.475000000000001,220.0
20260763,satcap,2,50,2170,4.499999999999999,28.274999999999878,37.154999999999994,0.15944700460829492,0.8,0.8,0.16,9.280500000000004,220.0
20260764,no_action,0,50,982,4.249999999999998,34.000000000000014,44.68999999999997,0.24032586558044808,0.0,0.0,0.34,7.521000000000003,100.0
20260764,no_action,1,50,982,4.249999999999998,34.000000000000014,44.68999999999997,0.24032586558044808,0.0,0.0,0.34,7.521000000000003,100.0
20260764,no_action,2,50,982,4.249999999999998,34.000000000000014,44.68999999999997,0.24032586558044808,0.0,0.0,0.34,7.521000000000003,100.0
20260764,reactive,0,50,982,2.4999999999999987,24.44999999999994,44.28499999999993,0.12525458248472504,0.34,0.4117647058823529,0.2,5.274500000000001,151.0
20260764,reactive,1,50,982,2.999999999999999,19.00000000000001,31.500000000000014,0.13136456211812628,0.34,0.47058823529411764,0.18,5.2985000000000015,151.0
20260764,reactive,2,50,982,2.749999999999999,32.47499999999998,44.68999999999997,0.19653767820773932,0.32,0.23529411764705882,0.26,6.124500000000001,148.0
20260764,snapshot,0,50,982,2.999999999999999,24.44999999999994,44.28499999999993,0.12525458248472504,0.22,0.35294117647058826,0.22,5.607500000000001,133.0
20260764,snapshot,1,50,982,3.0,29.50000000000001,44.28499999999993,0.18329938900203666,0.22,0.4117647058823529,0.2,6.228500000000002,133.0
20260764,snapshot,2,50,982,3.499999999999998,34.000000000000014,44.68999999999997,0.24032586558044808,0.2,0.17647058823529413,0.28,6.930500000000002,130.0
20260764,satcap,0,50,982,2.4999999999999987,24.44999999999994,44.28499999999993,0.12525458248472504,0.34,0.4117647058823529,0.2,5.274500000000001,151.0
20260764,satcap,1,50,982,2.999999999999999,19.00000000000001,31.500000000000014,0.13136456211812628,0.34,0.47058823529411764,0.18,5.2985000000000015,151.0
20260764,satcap,2,50,982,2.749999999999999,32.47499999999998,44.68999999999997,0.19653767820773932,0.32,0.23529411764705882,0.26,6.124500000000001,148.0
20260765,no_action,0,50,1947,13.999999999999998,43.34999999999993,50.00000000000003,0.5346687211093991,0.0,0.0,0.62,19.452000000000012,100.0
20260765,no_action,1,50,1947,13.999999999999998,43.34999999999993,50.00000000000003,0.5346687211093991,0.0,0.0,0.62,19.452000000000012,100.0
20260765,no_action,2,50,1947,13.999999999999998,43.34999999999993,50.00000000000003,0.5346687211093991,0.0,0.0,0.62,19.452000000000012,100.0
20260765,reactive,0,50,1947,4.999999999999997,14.500000000000005,43.50000000000002,0.09193631227529532,0.62,0.7741935483870968,0.14,7.224500000000003,193.0
20260765,reactive,1,50,1947,4.999999999999999,23.349999999999916,44.50000000000003,0.12429378531073447,0.62,0.7741935483870968,0.14,8.084000000000003,193.0
20260765,reactive,2,50,1947,4.999999999999999,23.500000000000007,38.50000000000002,0.13713405238828968,0.64,0.7741935483870968,0.14,7.992000000000001,196.0
20260765,snapshot,0,50,1947,4.0,13.500000000000002,38.269999999999996,0.07139188495120699,0.68,0.8709677419354839,0.08,6.373500000000001,202.0
20260765,snapshot,1,50,1947,4.999999999999998,14.000000000000004,28.000000000000014,0.08936825885978428,0.68,0.8709677419354839,0.08,6.8820000000000014,202.0
20260765,snapshot,2,50,1947,4.999999999999998,29.349999999999916,45.00000000000003,0.13097072419106318,0.68,0.8064516129032258,0.12,7.9300000000000015,202.0
20260765,satcap,0,50,1947,4.999999999999997,14.500000000000005,43.50000000000002,0.09193631227529532,0.62,0.7741935483870968,0.14,7.224500000000003,193.0
20260765,satcap,1,50,1947,4.999999999999999,23.349999999999916,44.50000000000003,0.12429378531073447,0.62,0.7741935483870968,0.14,8.084000000000003,193.0
20260765,satcap,2,50,1947,4.999999999999999,23.500000000000007,38.50000000000002,0.13713405238828968,0.64,0.7741935483870968,0.14,7.992000000000001,196.0
20260766,no_action,0,50,1339,6.499999999999999,32.09999999999992,43.61999999999992,0.2658700522778193,0.0,0.0,0.56,10.943000000000003,100.0
20260766,no_action,1,50,1339,6.499999999999999,32.09999999999992,43.61999999999992,0.2658700522778193,0.0,0.0,0.56,10.943000000000003,100.0
20260766,no_action,2,50,1339,6.499999999999999,32.09999999999992,43.61999999999992,0.2658700522778193,0.0,0.0,0.56,10.943000000000003,100.0
20260766,reactive,0,50,1339,2.499999999999997,28.50000000000001,41.42999999999986,0.1179985063480209,0.54,0.6071428571428571,0.22,6.1025,181.0
20260766,reactive,1,50,1339,2.4999999999999996,28.50000000000001,41.42999999999986,0.1777445855115758,0.54,0.5357142857142857,0.26,7.111500000000003,181.0
20260766,reactive,2,50,1339,2.499999999999997,27.54999999999996,43.61999999999992,0.15982076176250934,0.56,0.6071428571428571,0.22,6.679000000000002,184.0
20260766,snapshot,0,50,1339,1.9999999999999991,12.5,18.119999999999898,0.05227781926811053,0.78,0.7857142857142857,0.12,4.440500000000001,217.0
20260766,snapshot,1,50,1339,1.9999999999999991,9.999999999999998,13.500000000000004,0.020911127707244213,0.76,0.8571428571428571,0.08,3.8075,214.0
20260766,snapshot,2,50,1339,2.0,11.500000000000004,17.500000000000004,0.040328603435399554,0.76,0.8214285714285714,0.1,4.264,214.0
20260766,satcap,0,50,1339,2.499999999999997,28.50000000000001,41.42999999999986,0.1179985063480209,0.54,0.6071428571428571,0.22,6.1025,181.0
20260766,satcap,1,50,1339,2.4999999999999996,28.50000000000001,41.42999999999986,0.1777445855115758,0.54,0.5357142857142857,0.26,7.111500000000003,181.0
20260766,satcap,2,50,1339,2.499999999999997,27.54999999999996,43.61999999999992,0.15982076176250934,0.56,0.6071428571428571,0.22,6.679000000000002,184.0
20260767,no_action,0,50,1649,9.999999999999998,39.299999999999976,48.52000000000001,0.4366282595512432,0.0,0.0,0.6,15.429500000000006,100.0
20260767,no_action,1,50,1649,9.999999999999998,39.299999999999976,48.52000000000001,0.4366282595512432,0.0,0.0,0.6,15.429500000000006,100.0
20260767,no_action,2,50,1649,9.999999999999998,39.299999999999976,48.52000000000001,0.4366282595512432,0.0,0.0,0.6,15.429500000000006,100.0
20260767,reactive,0,50,1649,4.0,15.000000000000002,25.26,0.0861127956337174,0.6,0.6333333333333333,0.22,6.642,190.0
20260767,reactive,1,50,1649,4.0,16.799999999999958,27.00000000000001,0.10369921164342026,0.62,0.7,0.18,6.8695,193.0
20260767,reactive,2,50,1649,5.499999999999998,22.79999999999996,29.26000000000001,0.16979987871437235,0.6,0.5333333333333333,0.28,8.403,190.0
20260767,snapshot,0,50,1649,4.5,23.500000000000007,30.500000000000014,0.15888417222559126,0.6,0.6666666666666666,0.2,7.667500000000001,190.0
20260767,snapshot,1,50,1649,4.5,24.500000000000007,40.50000000000002,0.14736203759854458,0.6,0.6333333333333333,0.22,8.0055,190.0
20260767,snapshot,2,50,1649,5.499999999999999,28.29999999999997,45.52,0.21285627653123104,0.58,0.5333333333333333,0.28,9.4135,187.0
20260767,satcap,0,50,1649,4.0,15.000000000000002,25.26,0.0861127956337174,0.6,0.6333333333333333,0.22,6.642,190.0
20260767,satcap,1,50,1649,4.0,16.799999999999958,27.00000000000001,0.10369921164342026,0.62,0.7,0.18,6.8695,193.0
20260767,satcap,2,50,1649,5.499999999999998,22.79999999999996,29.26000000000001,0.16979987871437235,0.6,0.5333333333333333,0.28,8.403,190.0
20260768,no_action,0,50,1682,12.999999999999998,41.50000000000002,47.50000000000003,0.5166468489892985,0.0,0.0,0.56,16.68150000000001,100.0
20260768,no_action,1,50,1682,12.999999999999998,41.50000000000002,47.50000000000003,0.5166468489892985,0.0,0.0,0.56,16.68150000000001,100.0
20260768,no_action,2,50,1682,12.999999999999998,41.50000000000002,47.50000000000003,0.5166468489892985,0.0,0.0,0.56,16.68150000000001,100.0
20260768,reactive,0,50,1682,3.5000000000000004,18.000000000000004,38.59500000000005,0.09274673008323424,0.56,0.7857142857142857,0.12,6.340000000000001,184.0
20260768,reactive,1,50,1682,4.499999999999997,23.474999999999916,40.50000000000002,0.12544589774078477,0.56,0.75,0.14,7.298000000000002,184.0
20260768,reactive,2,50,1682,4.499999999999997,27.97499999999992,41.50000000000002,0.14803804994054698,0.56,0.7142857142857143,0.16,7.629500000000003,184.0
20260768,snapshot,0,50,1682,11.000000000000004,41.00000000000002,47.50000000000003,0.47205707491082044,0.36,0.14285714285714285,0.48,15.243000000000006,154.0
20260768,snapshot,1,50,1682,9.999999999999998,40.00000000000002,47.50000000000003,0.4346016646848989,0.36,0.21428571428571427,0.44,14.461500000000008,154.0
20260768,snapshot,2,50,1682,9.499999999999998,40.00000000000002,47.50000000000003,0.4221165279429251,0.36,0.25,0.42,14.152000000000006,154.0
20260768,satcap,0,50,1682,3.5000000000000004,18.000000000000004,38.59500000000005,0.09274673008323424,0.56,0.7857142857142857,0.12,6.340000000000001,184.0
20260768,satcap,1,50,1682,4.499999999999997,23.474999999999916,40.50000000000002,0.12544589774078477,0.56,0.75,0.14,7.298000000000002,184.0
20260768,satcap,2,50,1682,4.499999999999997,27.97499999999992,41.50000000000002,0.14803804994054698,0.56,0.7142857142857143,0.16,7.629500000000003,184.0
20260769,no_action,0,50,2909,18.000000000000004,42.299999999999976,49.00000000000003,0.6555517359917498,0.0,0.0,0.94,31.58600000000001,100.0
20260769,no_action,1,50,2909,18.000000000000004,42.299999999999976,49.00000000000003,0.6555517359917498,0.0,0.0,0.94,31.58600000000001,100.0
20260769,no_action,2,50,2909,18.000000000000004,42.299999999999976,49.00000000000003,0.6555517359917498,0.0,0.0,0.94,31.58600000000001,100.0
20260769,reactive,0,50,2909,4.999999999999999,11.500000000000004,14.500000000000005,0.039876246132691646,0.94,0.9574468085106383,0.04,8.416500000000001,241.0
20260769,reactive,1,50,2909,4.999999999999999,11.500000000000004,14.000000000000004,0.031625988312134756,0.94,0.9574468085106383,0.04,8.1915,241.0
20260769,reactive,2,50,2909,4.999999999999999,12.000000000000004,30.500000000000014,0.05087658989343417,0.92,0.9361702127659575,0.06,9.0225,238.0
20260769,snapshot,0,50,2909,5.499999999999998,12.0,15.96000000000004,0.04915778618081815,0.86,0.8936170212765957,0.1,9.141500000000002,229.0
20260769,snapshot,1,50,2909,5.499999999999998,13.000000000000005,30.500000000000014,0.061876933654176694,0.86,0.8723404255319149,0.12,9.702,229.0
20260769,snapshot,2,50,2909,5.499999999999998,13.000000000000005,29.00000000000001,0.06565830182193194,0.86,0.8936170212765957,0.1,9.635000000000003,229.0
20260769,satcap,0,50,2909,4.999999999999999,11.500000000000004,14.500000000000005,0.039876246132691646,0.94,0.9574468085106383,0.04,8.416500000000001,241.0
20260769,satcap,1,50,2909,4.999999999999999,11.500000000000004,14.000000000000004,0.031625988312134756,0.94,0.9574468085106383,0.04,8.1915,241.0
20260769,satcap,2,50,2909,4.999999999999999,12.000000000000004,30.500000000000014,0.05087658989343417,0.92,0.9361702127659575,0.06,9.0225,238.0
20260770,no_action,0,50,2590,17.5,46.00000000000003,52.000000000000036,0.6247104247104247,0.0,0.0,0.8,27.599500000000017,100.0
20260770,no_action,1,50,2590,17.5,46.00000000000003,52.000000000000036,0.6247104247104247,0.0,0.0,0.8,27.599500000000017,100.0
20260770,no_action,2,50,2590,17.5,46.00000000000003,52.000000000000036,0.6247104247104247,0.0,0.0,0.8,27.599500000000017,100.0
20260770,reactive,0,50,2590,5.0,14.000000000000004,28.00000000000001,0.10965250965250965,0.82,0.9,0.08,8.694000000000003,223.0
20260770,reactive,1,50,2590,5.499999999999999,21.500000000000007,38.11000000000015,0.15444015444015444,0.8,0.85,0.12,9.870000000000003,220.0
20260770,reactive,2,50,2590,5.5,28.50000000000001,41.00000000000002,0.1945945945945946,0.8,0.8,0.16,11.038000000000002,220.0
20260770,snapshot,0,50,2590,5.0,14.000000000000004,28.00000000000001,0.10424710424710425,0.8,0.9,0.08,8.535,220.0
20260770,snapshot,1,50,2590,5.499999999999998,22.500000000000007,41.00000000000002,0.15135135135135136,0.8,0.85,0.12,9.874000000000002,220.0
20260770,snapshot,2,50,2590,5.5,27.00000000000001,41.00000000000002,0.19111969111969113,0.8,0.825,0.14,10.932500000000001,220.0
20260770,satcap,0,50,2590,5.0,14.000000000000004,28.00000000000001,0.10965250965250965,0.82,0.9,0.08,8.694000000000003,223.0
20260770,satcap,1,50,2590,5.499999999999999,21.500000000000007,38.11000000000015,0.15444015444015444,0.8,0.85,0.12,9.870000000000003,220.0
20260770,satcap,2,50,2590,5.5,28.50000000000001,41.00000000000002,0.1945945945945946,0.8,0.8,0.16,11.038000000000002,220.0
20260771,no_action,0,50,2338,14.499999999999996,44.50000000000003,52.000000000000036,0.5508982035928144,0.0,0.0,0.84,23.953000000000007,100.0
20260771,no_action,1,50,2338,14.499999999999996,44.50000000000003,52.000000000000036,0.5508982035928144,0.0,0.0,0.84,23.953000000000007,100.0
20260771,no_action,2,50,2338,14.499999999999996,44.50000000000003,52.000000000000036,0.5508982035928144,0.0,0.0,0.84,23.953000000000007,100.0
20260771,reactive,0,50,2338,4.5,17.000000000000007,37.50000000000002,0.1146278870829769,0.82,0.8571428571428571,0.12,8.444000000000003,223.0
20260771,reactive,1,50,2338,4.999999999999999,16.575000000000053,37.945000000000185,0.1176218990590248,0.82,0.8095238095238095,0.16,8.717500000000003,223.0
20260771,reactive,2,50,2338,4.999999999999999,15.000000000000002,30.500000000000014,0.10350727117194183,0.82,0.8333333333333334,0.14,8.311,223.0
20260771,snapshot,0,50,2338,4.499999999999999,14.000000000000004,32.000000000000014,0.08468776732249786,0.9,0.9285714285714286,0.06,7.5065,235.0
20260771,snapshot,1,50,2338,4.499999999999999,16.000000000000007,37.945000000000185,0.10564585115483319,0.9,0.9047619047619048,0.08,7.905,235.0
20260771,snapshot,2,50,2338,4.5,16.000000000000007,37.50000000000002,0.11206159110350727,0.9,0.8809523809523809,0.1,8.084500000000002,235.0
20260771,satcap,0,50,2338,4.5,17.000000000000007,37.50000000000002,0.1146278870829769,0.82,0.8571428571428571,0.12,8.444000000000003,223.0
20260771,satcap,1,50,2338,4.999999999999999,16.575000000000053,37.945000000000185,0.1176218990590248,0.82,0.8095238095238095,0.16,8.717500000000003,223.0
20260771,satcap,2,50,2338,4.999999999999999,15.000000000000002,30.500000000000014,0.10350727117194183,0.82,0.8333333333333334,0.14,8.311,223.0
20260772,no_action,0,50,2379,16.000000000000007,38.50000000000002,44.50000000000003,0.6120218579234973,0.0,0.0,0.78,24.916000000000015,100.0
20260772,no_action,1,50,2379,16.000000000000007,38.50000000000002,44.50000000000003,0.6120218579234973,0.0,0.0,0.78,24.916000000000015,100.0
20260772,no_action,2,50,2379,16.000000000000007,38.50000000000002,44.50000000000003,0.6120218579234973,0.0,0.0,0.78,24.916000000000015,100.0
20260772,reactive,0,50,2379,4.499999999999997,11.500000000000002,31.609999999999914,0.03656998738965952,0.78,0.8974358974358975,0.08,7.3515,217.0
20260772,reactive,1,50,2379,4.5,17.54999999999996,36.00000000000002,0.0807061790668348,0.78,0.8461538461538461,0.12,8.530000000000003,217.0
20260772,reactive,2,50,2379,4.500000000000001,20.500000000000004,36.60999999999992,0.0937368642286675,0.8,0.8461538461538461,0.12,8.718000000000002,220.0
20260772,snapshot,0,50,2379,4.499999999999997,11.500000000000002,31.609999999999914,0.03656998738965952,0.9,0.9230769230769231,0.06,7.159000000000002,235.0
20260772,snapshot,1,50,2379,4.499999999999999,12.000000000000002,31.500000000000014,0.05044136191677175,0.9,0.9230769230769231,0.06,7.479000000000002,235.0
20260772,snapshot,2,50,2379,4.0,11.000000000000002,25.000000000000007,0.031105506515342583,0.92,0.9487179487179487,0.04,6.819500000000001,238.0
20260772,satcap,0,50,2379,4.499999999999997,11.500000000000002,31.609999999999914,0.03656998738965952,0.78,0.8974358974358975,0.08,7.3515,217.0
20260772,satcap,1,50,2379,4.5,17.54999999999996,36.00000000000002,0.0807061790668348,0.78,0.8461538461538461,0.12,8.530000000000003,217.0
20260772,satcap,2,50,2379,4.500000000000001,20.500000000000004,36.60999999999992,0.0937368642286675,0.8,0.8461538461538461,0.12,8.718000000000002,220.0
20260773,no_action,0,50,2553,17.500000000000004,41.50000000000002,48.50000000000003,0.6384645515080297,0.0,0.0,0.76,27.29700000000001,100.0
20260773,no_action,1,50,2553,17.500000000000004,41.50000000000002,48.50000000000003,0.6384645515080297,0.0,0.0,0.76,27.29700000000001,100.0
20260773,no_action,2,50,2553,17.500000000000004,41.50000000000002,48.50000000000003,0.6384645515080297,0.0,0.0,0.76,27.29700000000001,100.0
20260773,reactive,0,50,2553,4.999999999999998,11.500000000000004,14.000000000000004,0.03760282021151586,0.76,0.9473684210526315,0.04,7.4475,214.0
20260773,reactive,1,50,2553,4.999999999999999,14.0,34.000000000000014,0.07598903251077165,0.76,0.8947368421052632,0.08,8.566000000000003,214.0
20260773,reactive,2,50,2553,5.499999999999998,17.0,34.48000000000004,0.09792401096748923,0.76,0.8421052631578947,0.12,9.367000000000004,214.0
20260773,snapshot,0,50,2553,4.999999999999997,11.5,14.000000000000004,0.03251077164120642,0.8,0.9736842105263158,0.02,7.340000000000002,220.0
20260773,snapshot,1,50,2553,4.999999999999998,12.500000000000002,29.00000000000001,0.057579318448883664,0.8,0.9210526315789473,0.06,8.015500000000001,220.0
20260773,snapshot,2,50,2553,4.999999999999999,16.0,34.48000000000004,0.09204857030943987,0.8,0.868421052631579,0.1,8.963500000000005,220.0
20260773,satcap,0,50,2553,4.999999999999998,11.500000000000004,14.000000000000004,0.03760282021151586,0.76,0.9473684210526315,0.04,7.4475,214.0
20260773,satcap,1,50,2553,4.999999999999999,14.0,34.000000000000014,0.07598903251077165,0.76,0.8947368421052632,0.08,8.566000000000003,214.0
20260773,satcap,2,50,2553,5.499999999999998,17.0,34.48000000000004,0.09792401096748923,0.76,0.8421052631578947,0.12,9.367000000000004,214.0
20260774,no_action,0,50,1455,10.499999999999996,39.15,47.960000000000065,0.44948453608247424,0.0,0.0,0.54,13.813500000000005,100.0
20260774,no_action,1,50,1455,10.499999999999996,39.15,47.960000000000065,0.44948453608247424,0.0,0.0,0.54,13.813500000000005,100.0
20260774,no_action,2,50,1455,10.499999999999996,39.15,47.960000000000065,0.44948453608247424,0.0,0.0,0.54,13.813500000000005,100.0
20260774,reactive,0,50,1455,3.499999999999998,14.000000000000004,25.960000000000047,0.08178694158075601,0.56,0.7407407407407407,0.14,5.365,184.0
20260774,reactive,1,50,1455,4.0,25.000000000000007,43.50000000000002,0.16288659793814433,0.56,0.6296296296296297,0.2,6.957000000000002,184.0
20260774,reactive,2,50,1455,3.5000000000000004,34.000000000000014,47.960000000000065,0.20893470790378008,0.54,0.6666666666666666,0.18,7.647000000000003,181.0
20260774,snapshot,0,50,1455,3.0,19.000000000000004,29.00000000000001,0.10446735395189004,0.64,0.7407407407407407,0.14,5.496,196.0
20260774,snapshot,1,50,1455,3.0,29.00000000000001,43.50000000000002,0.19450171821305842,0.64,0.7037037037037037,0.16,7.061000000000003,196.0
20260774,snapshot,2,50,1455,3.9999999999999982,35.000000000000014,47.960000000000065,0.23917525773195877,0.64,0.6666666666666666,0.18,8.112000000000004,196.0
20260774,satcap,0,50,1455,3.499999999999998,14.000000000000004,25.960000000000047,0.08178694158075601,0.56,0.7407407407407407,0.14,5.365,184.0
20260774,satcap,1,50,1455,4.0,25.000000000000007,43.50000000000002,0.16288659793814433,0.56,0.6296296296296297,0.2,6.957000000000002,184.0
20260774,satcap,2,50,1455,3.5000000000000004,34.000000000000014,47.960000000000065,0.20893470790378008,0.54,0.6666666666666666,0.18,7.647000000000003,181.0
20260775,no_action,0,50,1683,12.0,41.00000000000002,49.59000000000007,0.49554367201426025,0.0,0.0,0.6,16.590000000000003,100.0
20260775,no_action,1,50,1683,12.0,41.00000000000002,49.59000000000007,0.49554367201426025,0.0,0.0,0.6,16.590000000000003,100.0
20260775,no_action,2,50,1683,12.0,41.00000000000002,49.59000000000007,0.49554367201426025,0.0,0.0,0.6,16.590000000000003,100.0
20260775,reactive,0,50,1683,3.9999999999999982,19.50000000000001,34.500000000000014,0.11764705882352941,0.58,0.7666666666666667,0.14,6.855,187.0
20260775,reactive,1,50,1683,4.5,23.000000000000007,36.50000000000002,0.17349970291146763,0.58,0.6666666666666666,0.2,8.031500000000003,187.0
20260775,reactive,2,50,1683,4.499999999999999,30.500000000000014,42.00000000000002,0.21152703505644682,0.58,0.7,0.18,8.693000000000001,187.0
20260775,snapshot,0,50,1683,3.5000000000000004,13.000000000000005,20.00000000000001,0.06654783125371361,0.64,0.8,0.12,5.851499999999999,196.0
20260775,snapshot,1,50,1683,3.9999999999999982,13.000000000000005,22.00000000000001,0.0718954248366013,0.64,0.8,0.12,5.939500000000002,196.0
20260775,snapshot,2,50,1683,3.999999999999999,16.500000000000007,31.27000000000011,0.10635769459298872,0.64,0.8333333333333334,0.1,6.525500000000001,196.0
20260775,satcap,0,50,1683,3.9999999999999982,19.50000000000001,34.500000000000014,0.11764705882352941,0.58,0.7666666666666667,0.14,6.855,187.0
20260775,satcap,1,50,1683,4.5,23.000000000000007,36.50000000000002,0.17349970291146763,0.58,0.6666666666666666,0.2,8.031500000000003,187.0
20260775,satcap,2,50,1683,4.499999999999999,30.500000000000014,42.00000000000002,0.21152703505644682,0.58,0.7,0.18,8.693000000000001,187.0
20260776,no_action,0,50,1891,14.499999999999998,44.50000000000003,56.500000000000036,0.5520888418826018,0.0,0.0,0.62,19.17050000000001,100.0
20260776,no_action,1,50,1891,14.499999999999998,44.50000000000003,56.500000000000036,0.5520888418826018,0.0,0.0,0.62,19.17050000000001,100.0
20260776,no_action,2,50,1891,14.499999999999998,44.50000000000003,56.500000000000036,0.5520888418826018,0.0,0.0,0.62,19.17050000000001,100.0
20260776,reactive,0,50,1891,4.5,19.250000000000007,42.00000000000002,0.1253305129561079,0.62,0.7741935483870968,0.14,7.584500000000001,193.0
20260776,reactive,1,50,1891,4.999999999999999,25.000000000000007,38.50000000000002,0.1634056054997356,0.62,0.7096774193548387,0.18,8.313,193.0
20260776,reactive,2,50,1891,5.499999999999998,34.250000000000014,48.14999999999989,0.19619249074563722,0.6,0.6774193548387096,0.2,9.358500000000003,190.0
20260776,snapshot,0,50,1891,4.0,13.000000000000005,17.000000000000007,0.06610259122157588,0.88,0.9354838709677419,0.04,5.782000000000001,232.0
20260776,snapshot,1,50,1891,4.499999999999999,13.000000000000005,17.000000000000007,0.06821787414066631,0.88,0.9032258064516129,0.06,5.961500000000002,232.0
20260776,snapshot,2,50,1891,4.999999999999998,17.500000000000007,35.500000000000014,0.12374405076679006,0.88,0.8387096774193549,0.1,7.132000000000003,232.0
20260776,satcap,0,50,1891,4.5,19.250000000000007,42.00000000000002,0.1253305129561079,0.62,0.7741935483870968,0.14,7.584500000000001,193.0
20260776,satcap,1,50,1891,4.999999999999999,25.000000000000007,38.50000000000002,0.1634056054997356,0.62,0.7096774193548387,0.18,8.313,193.0
20260776,satcap,2,50,1891,5.499999999999998,34.250000000000014,48.14999999999989,0.19619249074563722,0.6,0.6774193548387096,0.2,9.358500000000003,190.0
20260777,no_action,0,50,1873,14.499999999999996,44.19999999999995,52.000000000000036,0.5493860117458622,0.0,0.0,0.64,18.838500000000007,100.0
20260777,no_action,1,50,1873,14.499999999999996,44.19999999999995,52.000000000000036,0.5493860117458622,0.0,0.0,0.64,18.838500000000007,100.0
20260777,no_action,2,50,1873,14.499999999999996,44.19999999999995,52.000000000000036,0.5493860117458622,0.0,0.0,0.64,18.838500000000007,100.0
20260777,reactive,0,50,1873,4.499999999999998,13.5,22.419999999999966,0.08382274426054458,0.62,0.78125,0.14,6.4915,193.0
20260777,reactive,1,50,1873,4.5,14.500000000000005,26.639999999999997,0.11158569140416444,0.62,0.78125,0.14,7.0695000000000014,193.0
20260777,reactive,2,50,1873,4.5,17.000000000000007,40.91999999999999,0.11852642819006941,0.64,0.71875,0.18,7.417500000000001,196.0
20260777,snapshot,0,50,1873,3.999999999999999,12.500000000000002,15.000000000000004,0.06300053390282968,0.86,0.9375,0.04,5.391,229.0
20260777,snapshot,1,50,1873,3.999999999999999,12.500000000000002,15.000000000000004,0.0603310197544047,0.88,0.9375,0.04,5.3465,232.0
20260777,snapshot,2,50,1873,4.0,13.000000000000004,16.000000000000004,0.06887346502936466,0.88,0.90625,0.06,5.554000000000001,232.0
20260777,satcap,0,50,1873,4.499999999999998,13.5,22.419999999999966,0.08382274426054458,0.62,0.78125,0.14,6.4915,193.0
20260777,satcap,1,50,1873,4.5,14.500000000000005,26.639999999999997,0.11158569140416444,0.62,0.78125,0.14,7.0695000000000014,193.0
20260777,satcap,2,50,1873,4.5,17.000000000000007,40.91999999999999,0.11852642819006941,0.64,0.71875,0.18,7.417500000000001,196.0
20260778,no_action,0,50,2333,18.000000000000004,45.700000000000074,53.00000000000003,0.6258036862408916,0.0,0.0,0.66,25.058500000000016,100.0
20260778,no_action,1,50,2333,18.000000000000004,45.700000000000074,53.00000000000003,0.6258036862408916,0.0,0.0,0.66,25.058500000000016,100.0
20260778,no_action,2,50,2333,18.000000000000004,45.700000000000074,53.00000000000003,0.6258036862408916,0.0,0.0,0.66,25.058500000000016,100.0
20260778,reactive,0,50,2333,5.499999999999999,15.500000000000005,36.33999999999993,0.12001714530647235,0.66,0.8787878787878788,0.08,8.683000000000002,199.0
20260778,reactive,1,50,2333,5.9999999999999964,17.0,33.000000000000014,0.1393056150878697,0.66,0.8181818181818182,0.12,9.265000000000002,199.0
20260778,reactive,2,50,2333,5.9999999999999964,19.000000000000007,40.00000000000002,0.14144877839691383,0.66,0.8181818181818182,0.12,9.389000000000003,199.0
20260778,snapshot,0,50,2333,5.5,16.000000000000007,36.33999999999993,0.13030432918988427,0.6,0.8484848484848485,0.1,9.141000000000002,190.0
20260778,snapshot,1,50,2333,5.999999999999998,17.000000000000007,33.000000000000014,0.1453064723531933,0.6,0.7878787878787878,0.14,9.607000000000003,190.0
20260778,snapshot,2,50,2333,5.999999999999999,22.000000000000007,40.00000000000002,0.15473639091298758,0.6,0.7878787878787878,0.14,10.039500000000004,190.0
20260778,satcap,0,50,2333,5.499999999999999,15.500000000000005,36.33999999999993,0.12001714530647235,0.66,0.8787878787878788,0.08,8.683000000000002,199.0
20260778,satcap,1,50,2333,5.9999999999999964,17.0,33.000000000000014,0.1393056150878697,0.66,0.8181818181818182,0.12,9.265000000000002,199.0
20260778,satcap,2,50,2333,5.9999999999999964,19.000000000000007,40.00000000000002,0.14144877839691383,0.66,0.8181818181818182,0.12,9.389000000000003,199.0
20260779,no_action,0,50,928,3.5000000000000004,30.000000000000014,43.09500000000005,0.20150862068965517,0.0,0.0,0.3,6.818500000000001,100.0
20260779,no_action,1,50,928,3.5000000000000004,30.000000000000014,43.09500000000005,0.20150862068965517,0.0,0.0,0.3,6.818500000000001,100.0
20260779,no_action,2,50,928,3.5000000000000004,30.000000000000014,43.09500000000005,0.20150862068965517,0.0,0.0,0.3,6.818500000000001,100.0
20260779,reactive,0,50,928,2.0,8.499999999999996,12.0,0.009698275862068966,0.3,0.6,0.12,3.4985,145.0
20260779,reactive,1,50,928,2.0,10.499999999999998,17.000000000000007,0.034482758620689655,0.32,0.4,0.18,3.968,148.0
20260779,reactive,2,50,928,2.0,11.500000000000002,17.000000000000007,0.04202586206896552,0.34,0.4,0.18,3.9445,151.0
20260779,snapshot,0,50,928,1.5000000000000004,7.4999999999999964,12.0,0.009698275862068966,1.0,1.0,0.0,2.2310000000000003,250.0
20260779,snapshot,1,50,928,1.5000000000000004,7.4999999999999964,12.0,0.009698275862068966,1.0,1.0,0.0,2.2310000000000003,250.0
20260779,snapshot,2,50,928,1.5000000000000004,7.4999999999999964,12.0,0.009698275862068966,1.0,1.0,0.0,2.2310000000000003,250.0
20260779,satcap,0,50,928,1.5000000000000004,7.4999999999999964,12.0,0.009698275862068966,1.0,1.0,0.0,2.2310000000000003,250.0
20260779,satcap,1,50,928,1.5000000000000004,7.4999999999999964,12.0,0.009698275862068966,1.0,1.0,0.0,2.2310000000000003,250.0
20260779,satcap,2,50,928,1.5000000000000004,7.4999999999999964,12.0,0.009698275862068966,1.0,1.0,0.0,2.2310000000000003,250.0
20260780,no_action,0,50,755,4.499999999999997,40.00000000000002,49.00000000000003,0.2913907284768212,0.0,0.0,0.32,6.488500000000003,100.0
20260780,no_action,1,50,755,4.499999999999997,40.00000000000002,49.00000000000003,0.2913907284768212,0.0,0.0,0.32,6.488500000000003,100.0
20260780,no_action,2,50,755,4.499999999999997,40.00000000000002,49.00000000000003,0.2913907284768212,0.0,0.0,0.32,6.488500000000003,100.0
20260780,reactive,0,50,755,2.999999999999999,26.649999999999988,44.23000000000005,0.10728476821192053,0.3,0.3125,0.22,4.343500000000001,145.0
20260780,reactive,1,50,755,2.999999999999999,33.500000000000014,44.23000000000005,0.16556291390728478,0.3,0.375,0.2,4.797000000000001,145.0
20260780,reactive,2,50,755,3.0,33.500000000000014,44.23000000000005,0.2185430463576159,0.3,0.25,0.24,5.234000000000002,145.0
20260780,snapshot,0,50,755,1.5000000000000004,11.000000000000002,13.000000000000005,0.030463576158940398,1.0,1.0,0.0,2.4725000000000006,250.0
20260780,snapshot,1,50,755,1.5000000000000004,11.000000000000002,13.000000000000005,0.030463576158940398,1.0,1.0,0.0,2.4725000000000006,250.0
20260780,snapshot,2,50,755,1.5000000000000004,11.000000000000002,13.000000000000005,0.030463576158940398,1.0,1.0,0.0,2.4725000000000006,250.0
20260780,satcap,0,50,755,2.999999999999999,26.649999999999988,44.23000000000005,0.10728476821192053,0.3,0.3125,0.22,4.343500000000001,145.0
20260780,satcap,1,50,755,2.999999999999999,33.500000000000014,44.23000000000005,0.16556291390728478,0.3,0.375,0.2,4.797000000000001,145.0
20260780,satcap,2,50,755,3.0,33.500000000000014,44.23000000000005,0.2185430463576159,0.3,0.25,0.24,5.234000000000002,145.0
20260781,no_action,0,50,2062,13.499999999999998,45.00000000000003,50.50000000000003,0.5315227934044617,0.0,0.0,0.66,20.58350000000001,100.0
20260781,no_action,1,50,2062,13.499999999999998,45.00000000000003,50.50000000000003,0.5315227934044617,0.0,0.0,0.66,20.58350000000001,100.0
20260781,no_action,2,50,2062,13.499999999999998,45.00000000000003,50.50000000000003,0.5315227934044617,0.0,0.0,0.66,20.58350000000001,100.0
20260781,reactive,0,50,2062,3.999999999999999,22.00000000000001,40.69499999999996,0.13870029097963144,0.66,0.7878787878787878,0.14,8.198500000000003,199.0
20260781,reactive,1,50,2062,3.999999999999999,38.00000000000002,49.00000000000003,0.20999030067895247,0.68,0.7575757575757576,0.16,9.796500000000004,202.0
20260781,reactive,2,50,2062,4.5,35.97499999999992,48.50000000000003,0.24296799224054316,0.7,0.6666666666666666,0.22,10.612,205.0
20260781,snapshot,0,50,2062,3.5000000000000004,14.000000000000004,40.19499999999996,0.08874878758486907,0.86,0.8787878787878788,0.08,6.551000000000001,229.0
20260781,snapshot,1,50,2062,3.5000000000000004,16.000000000000004,34.38999999999989,0.11639185257032007,0.88,0.9090909090909091,0.06,6.997000000000001,232.0
20260781,snapshot,2,50,2062,3.5000000000000004,14.500000000000005,37.88999999999989,0.0935984481086324,0.88,0.9090909090909091,0.06,6.575000000000002,232.0
20260781,satcap,0,50,2062,3.999999999999999,22.00000000000001,40.69499999999996,0.13870029097963144,0.66,0.7878787878787878,0.14,8.198500000000003,199.0
20260781,satcap,1,50,2062,3.999999999999999,38.00000000000002,49.00000000000003,0.20999030067895247,0.68,0.7575757575757576,0.16,9.796500000000004,202.0
20260781,satcap,2,50,2062,4.5,35.97499999999992,48.50000000000003,0.24296799224054316,0.7,0.6666666666666666,0.22,10.612,205.0
20260782,no_action,0,50,1495,9.499999999999998,38.00000000000002,43.00000000000002,0.42675585284280937,0.0,0.0,0.56,13.790500000000003,100.0
20260782,no_action,1,50,1495,9.499999999999998,38.00000000000002,43.00000000000002,0.42675585284280937,0.0,0.0,0.56,13.790500000000003,100.0
20260782,no_action,2,50,1495,9.499999999999998,38.00000000000002,43.00000000000002,0.42675585284280937,0.0,0.0,0.56,13.790500000000003,100.0
20260782,reactive,0,50,1495,3.9999999999999982,14.000000000000002,34.500000000000014,0.06354515050167224,0.56,0.7142857142857143,0.16,5.9135,184.0
20260782,reactive,1,50,1495,4.499999999999999,17.149999999999984,34.500000000000014,0.08561872909698996,0.56,0.6785714285714286,0.18,6.5935000000000015,184.0
20260782,reactive,2,50,1495,3.999999999999999,31.000000000000014,40.00000000000002,0.1665551839464883,0.56,0.6071428571428571,0.22,7.444500000000003,184.0
20260782,snapshot,0,50,1495,3.5000000000000004,15.000000000000002,34.500000000000014,0.06889632107023412,0.5,0.6071428571428571,0.22,6.054500000000002,175.0
20260782,snapshot,1,50,1495,4.0,23.500000000000007,38.029999999999994,0.11103678929765887,0.5,0.6785714285714286,0.18,6.877500000000001,175.0
20260782,snapshot,2,50,1495,3.9999999999999964,31.000000000000014,40.00000000000002,0.15117056856187291,0.52,0.5714285714285714,0.24,7.345000000000002,178.0
20260782,satcap,0,50,1495,3.9999999999999982,14.000000000000002,34.500000000000014,0.06354515050167224,0.56,0.7142857142857143,0.16,5.9135,184.0
20260782,satcap,1,50,1495,4.499999999999999,17.149999999999984,34.500000000000014,0.08561872909698996,0.56,0.6785714285714286,0.18,6.5935000000000015,184.0
20260782,satcap,2,50,1495,3.999999999999999,31.000000000000014,40.00000000000002,0.1665551839464883,0.56,0.6071428571428571,0.22,7.444500000000003,184.0
20260783,no_action,0,50,1825,11.999999999999996,41.00000000000002,50.640000000000015,0.4947945205479452,0.0,0.0,0.64,17.490500000000004,100.0
20260783,no_action,1,50,1825,11.999999999999996,41.00000000000002,50.640000000000015,0.4947945205479452,0.0,0.0,0.64,17.490500000000004,100.0
20260783,no_action,2,50,1825,11.999999999999996,41.00000000000002,50.640000000000015,0.4947945205479452,0.0,0.0,0.64,17.490500000000004,100.0
20260783,reactive,0,50,1825,4.0,17.500000000000007,32.500000000000014,0.11561643835616438,0.62,0.6875,0.2,7.4540000000000015,193.0
20260783,reactive,1,50,1825,4.499999999999997,18.50000000000001,32.500000000000014,0.1189041095890411,0.6,0.6875,0.2,7.528000000000001,190.0
20260783,reactive,2,50,1825,4.500000000000001,26.00000000000001,35.760000000000005,0.1841095890410959,0.58,0.625,0.24,8.881000000000002,187.0
20260783,snapshot,0,50,1825,4.999999999999999,26.00000000000001,40.38000000000002,0.18958904109589042,0.48,0.53125,0.3,9.505500000000003,172.0
20260783,snapshot,1,50,1825,5.499999999999998,30.500000000000014,50.640000000000015,0.21643835616438356,0.46,0.46875,0.34,10.350000000000001,169.0
20260783,snapshot,2,50,1825,5.499999999999998,29.00000000000001,40.00000000000002,0.21863013698630138,0.44,0.46875,0.34,10.284,166.0
20260783,satcap,0,50,1825,4.0,17.500000000000007,32.500000000000014,0.11561643835616438,0.62,0.6875,0.2,7.4540000000000015,193.0
20260783,satcap,1,50,1825,4.499999999999997,18.50000000000001,32.500000000000014,0.1189041095890411,0.6,0.6875,0.2,7.528000000000001,190.0
20260783,satcap,2,50,1825,4.500000000000001,26.00000000000001,35.760000000000005,0.1841095890410959,0.58,0.625,0.24,8.881000000000002,187.0
20260784,no_action,0,50,1673,10.499999999999998,40.00000000000002,49.640000000000015,0.45307830245068736,0.0,0.0,0.58,15.811000000000005,100.0
20260784,no_action,1,50,1673,10.499999999999998,40.00000000000002,49.640000000000015,0.45307830245068736,0.0,0.0,0.58,15.811000000000005,100.0
20260784,no_action,2,50,1673,10.499999999999998,40.00000000000002,49.640000000000015,0.45307830245068736,0.0,0.0,0.58,15.811000000000005,100.0
20260784,reactive,0,50,1673,3.5000000000000004,22.00000000000001,38.00000000000002,0.13986849970113568,0.6,0.6206896551724138,0.22,7.237500000000001,190.0
20260784,reactive,1,50,1673,3.5000000000000004,31.500000000000014,45.50000000000003,0.18469814704124327,0.6,0.6551724137931034,0.2,8.299000000000003,190.0
20260784,reactive,2,50,1673,3.5000000000000004,23.000000000000007,35.64000000000001,0.16377764494919306,0.58,0.6206896551724138,0.22,7.787500000000002,187.0
20260784,snapshot,0,50,1673,3.0,23.500000000000007,43.50000000000002,0.12432755528989839,0.68,0.7241379310344828,0.16,6.512500000000002,202.0
20260784,snapshot,1,50,1673,3.0,20.500000000000007,46.140000000000015,0.09145248057381948,0.68,0.7931034482758621,0.12,6.117000000000001,202.0
20260784,snapshot,2,50,1673,3.0,23.000000000000007,43.00000000000002,0.13209802749551702,0.68,0.7241379310344828,0.16,6.787000000000003,202.0
20260784,satcap,0,50,1673,3.5000000000000004,22.00000000000001,38.00000000000002,0.13986849970113568,0.6,0.6206896551724138,0.22,7.237500000000001,190.0
20260784,satcap,1,50,1673,3.5000000000000004,31.500000000000014,45.50000000000003,0.18469814704124327,0.6,0.6551724137931034,0.2,8.299000000000003,190.0
20260784,satcap,2,50,1673,3.5000000000000004,23.000000000000007,35.64000000000001,0.16377764494919306,0.58,0.6206896551724138,0.22,7.787500000000002,187.0
20260785,no_action,0,50,2152,15.0,43.00000000000002,53.98999999999982,0.5743494423791822,0.0,0.0,0.62,21.96150000000001,100.0
20260785,no_action,1,50,2152,15.0,43.00000000000002,53.98999999999982,0.5743494423791822,0.0,0.0,0.62,21.96150000000001,100.0
20260785,no_action,2,50,2152,15.0,43.00000000000002,53.98999999999982,0.5743494423791822,0.0,0.0,0.62,21.96150000000001,100.0
20260785,reactive,0,50,2152,4.500000000000001,26.500000000000007,44.00000000000003,0.15055762081784388,0.64,0.8064516129032258,0.12,9.080500000000002,196.0
20260785,reactive,1,50,2152,4.999999999999998,26.50000000000001,41.24499999999991,0.1607806691449814,0.64,0.7741935483870968,0.14,9.325500000000003,196.0
20260785,reactive,2,50,2152,4.999999999999999,29.500000000000014,43.00000000000002,0.18355018587360594,0.66,0.7419354838709677,0.16,9.824500000000004,199.0
20260785,snapshot,0,50,2152,3.999999999999999,12.0,16.000000000000007,0.04879182156133829,0.82,0.967741935483871,0.02,5.981000000000001,223.0
20260785,snapshot,1,50,2152,4.0,13.500000000000002,25.000000000000007,0.07295539033457249,0.82,0.9354838709677419,0.04,6.631500000000001,223.0
20260785,snapshot,2,50,2152,4.499999999999999,19.00000000000001,37.50000000000002,0.10827137546468402,0.82,0.8709677419354839,0.08,7.6480000000000015,223.0
20260785,satcap,0,50,2152,4.500000000000001,26.500000000000007,44.00000000000003,0.15055762081784388,0.64,0.8064516129032258,0.12,9.080500000000002,196.0
20260785,satcap,1,50,2152,4.999999999999998,26.50000000000001,41.24499999999991,0.1607806691449814,0.64,0.7741935483870968,0.14,9.325500000000003,196.0
20260785,satcap,2,50,2152,4.999999999999999,29.500000000000014,43.00000000000002,0.18355018587360594,0.66,0.7419354838709677,0.16,9.824500000000004,199.0
20260786,no_action,0,50,1847,11.999999999999996,42.50000000000002,50.50000000000003,0.4899837574445046,0.0,0.0,0.64,17.86150000000001,100.0
20260786,no_action,1,50,1847,11.999999999999996,42.50000000000002,50.50000000000003,0.4899837574445046,0.0,0.0,0.64,17.86150000000001,100.0
20260786,no_action,2,50,1847,11.999999999999996,42.50000000000002,50.50000000000003,0.4899837574445046,0.0,0.0,0.64,17.86150000000001,100.0
20260786,reactive,0,50,1847,4.5,13.000000000000005,16.000000000000007,0.06930157011369789,0.62,0.71875,0.18,6.701500000000002,193.0
20260786,reactive,1,50,1847,4.999999999999998,16.000000000000007,32.500000000000014,0.11423930698429886,0.6,0.6875,0.2,7.697000000000002,190.0
20260786,reactive,2,50,1847,4.999999999999999,28.34999999999992,43.50000000000002,0.1629669734704927,0.6,0.65625,0.22,8.605000000000004,190.0
20260786,snapshot,0,50,1847,4.999999999999999,19.349999999999916,43.50000000000002,0.11532214401732539,0.7,0.71875,0.18,7.700000000000001,205.0
20260786,snapshot,1,50,1847,5.0,26.500000000000007,43.50000000000002,0.14672441797509475,0.7,0.6875,0.2,8.466500000000002,205.0
20260786,snapshot,2,50,1847,4.999999999999999,25.000000000000007,43.50000000000002,0.15268002165674066,0.7,0.78125,0.14,8.227500000000004,205.0
20260786,satcap,0,50,1847,4.5,13.000000000000005,16.000000000000007,0.06930157011369789,0.62,0.71875,0.18,6.701500000000002,193.0
20260786,satcap,1,50,1847,4.999999999999998,16.000000000000007,32.500000000000014,0.11423930698429886,0.6,0.6875,0.2,7.697000000000002,190.0
20260786,satcap,2,50,1847,4.999999999999999,28.34999999999992,43.50000000000002,0.1629669734704927,0.6,0.65625,0.22,8.605000000000004,190.0
20260787,no_action,0,50,1526,10.499999999999998,39.50000000000002,49.62500000000003,0.4580602883355177,0.0,0.0,0.5,14.373000000000005,100.0
20260787,no_action,1,50,1526,10.499999999999998,39.50000000000002,49.62500000000003,0.4580602883355177,0.0,0.0,0.5,14.373000000000005,100.0
20260787,no_action,2,50,1526,10.499999999999998,39.50000000000002,49.62500000000003,0.4580602883355177,0.0,0.0,0.5,14.373000000000005,100.0
20260787,reactive,0,50,1526,3.4999999999999987,20.00000000000001,36.50000000000002,0.12450851900393185,0.5,0.72,0.14,6.366500000000001,175.0
20260787,reactive,1,50,1526,3.999999999999999,28.000000000000007,49.62500000000003,0.14154652686762778,0.5,0.6,0.2,7.403500000000002,175.0
20260787,reactive,2,50,1526,4.0,31.000000000000018,49.62500000000003,0.17758846657929228,0.5,0.64,0.18,7.910000000000002,175.0
20260787,snapshot,0,50,1526,4.249999999999998,33.375000000000014,49.62500000000003,0.16120576671035386,0.58,0.56,0.22,8.049500000000002,187.0
20260787,snapshot,1,50,1526,3.9999999999999982,29.00000000000001,38.50000000000002,0.19200524246395806,0.58,0.56,0.22,7.946500000000002,187.0
20260787,snapshot,2,50,1526,4.5,23.375000000000007,35.000000000000014,0.17496723460026212,0.58,0.52,0.24,7.852500000000002,187.0
20260787,satcap,0,50,1526,3.4999999999999987,20.00000000000001,36.50000000000002,0.12450851900393185,0.5,0.72,0.14,6.366500000000001,175.0
20260787,satcap,1,50,1526,3.999999999999999,28.000000000000007,49.62500000000003,0.14154652686762778,0.5,0.6,0.2,7.403500000000002,175.0
20260787,satcap,2,50,1526,4.0,31.000000000000018,49.62500000000003,0.17758846657929228,0.5,0.64,0.18,7.910000000000002,175.0
20260788,no_action,0,50,1491,8.499999999999998,40.00000000000002,46.09999999999993,0.4151576123407109,0.0,0.0,0.46,13.450000000000003,100.0
20260788,no_action,1,50,1491,8.499999999999998,40.00000000000002,46.09999999999993,0.4151576123407109,0.0,0.0,0.46,13.450000000000003,100.0
20260788,no_action,2,50,1491,8.499999999999998,40.00000000000002,46.09999999999993,0.4151576123407109,0.0,0.0,0.46,13.450000000000003,100.0
20260788,reactive,0,50,1491,3.9999999999999982,34.500000000000014,46.00000000000003,0.18712273641851107,0.48,0.5652173913043478,0.2,7.892000000000003,172.0
20260788,reactive,1,50,1491,4.0,32.500000000000014,44.59999999999993,0.1784037558685446,0.48,0.4782608695652174,0.24,7.921000000000003,172.0
20260788,reactive,2,50,1491,4.999999999999997,35.500000000000014,44.50000000000003,0.27095908786049633,0.5,0.391304347826087,0.28,9.410500000000003,175.0
20260788,snapshot,0,50,1491,3.9999999999999982,30.000000000000014,44.50000000000003,0.16096579476861167,0.58,0.6086956521739131,0.18,7.396000000000003,187.0
20260788,snapshot,1,50,1491,3.4999999999999987,25.500000000000007,39.549999999999976,0.12206572769953052,0.58,0.7391304347826086,0.12,6.380000000000001,187.0
20260788,snapshot,2,50,1491,3.5000000000000004,32.000000000000014,44.00000000000003,0.17706237424547283,0.6,0.5652173913043478,0.2,7.522000000000002,190.0
20260788,satcap,0,50,1491,3.9999999999999982,34.500000000000014,46.00000000000003,0.18712273641851107,0.48,0.5652173913043478,0.2,7.892000000000003,172.0
20260788,satcap,1,50,1491,4.0,32.500000000000014,44.59999999999993,0.1784037558685446,0.48,0.4782608695652174,0.24,7.921000000000003,172.0
20260788,satcap,2,50,1491,4.999999999999997,35.500000000000014,44.50000000000003,0.27095908786049633,0.5,0.391304347826087,0.28,9.410500000000003,175.0
20260789,no_action,0,50,1651,12.499999999999996,41.00000000000002,49.00000000000003,0.5021199273167777,0.0,0.0,0.52,16.219500000000004,100.0
20260789,no_action,1,50,1651,12.499999999999996,41.00000000000002,49.00000000000003,0.5021199273167777,0.0,0.0,0.52,16.219500000000004,100.0
20260789,no_action,2,50,1651,12.499999999999996,41.00000000000002,49.00000000000003,0.5021199273167777,0.0,0.0,0.52,16.219500000000004,100.0
20260789,reactive,0,50,1651,4.499999999999999,13.750000000000002,21.750000000000007,0.07934585099939431,0.52,0.7307692307692307,0.14,6.378500000000001,178.0
20260789,reactive,1,50,1651,5.499999999999998,24.500000000000007,40.75000000000002,0.17141126589945488,0.52,0.5384615384615384,0.24,8.421500000000002,178.0
20260789,reactive,2,50,1651,5.5,26.00000000000001,40.75000000000002,0.18837068443367655,0.52,0.5,0.26,8.915000000000001,178.0
20260789,snapshot,0,50,1651,3.4999999999999996,11.5,14.000000000000004,0.034524530587522716,0.76,0.9230769230769231,0.04,4.724,214.0
20260789,snapshot,1,50,1651,3.4999999999999996,12.000000000000004,17.5,0.0514839491217444,0.78,0.9230769230769231,0.04,5.007,217.0
20260789,snapshot,2,50,1651,3.9999999999999982,13.500000000000002,22.500000000000007,0.07510599636583888,0.78,0.8846153846153846,0.06,5.614,217.0
20260789,satcap,0,50,1651,4.499999999999999,13.750000000000002,21.750000000000007,0.07934585099939431,0.52,0.7307692307692307,0.14,6.378500000000001,178.0
20260789,satcap,1,50,1651,5.499999999999998,24.500000000000007,40.75000000000002,0.17141126589945488,0.52,0.5384615384615384,0.24,8.421500000000002,178.0
20260789,satcap,2,50,1651,5.5,26.00000000000001,40.75000000000002,0.18837068443367655,0.52,0.5,0.26,8.915000000000001,178.0
20260790,no_action,0,50,2567,17.5,42.00000000000002,47.50000000000003,0.6318659914296845,0.0,0.0,0.76,27.191000000000017,100.0
20260790,no_action,1,50,2567,17.5,42.00000000000002,47.50000000000003,0.6318659914296845,0.0,0.0,0.76,27.191000000000017,100.0
20260790,no_action,2,50,2567,17.5,42.00000000000002,47.50000000000003,0.6318659914296845,0.0,0.0,0.76,27.191000000000017,100.0
20260790,reactive,0,50,2567,4.999999999999999,11.500000000000004,14.500000000000005,0.04285157771717959,0.74,0.9210526315789473,0.06,8.008500000000002,211.0
20260790,reactive,1,50,2567,4.999999999999999,13.000000000000005,31.34000000000016,0.06895208414491624,0.72,0.868421052631579,0.1,8.846500000000002,208.0
20260790,reactive,2,50,2567,5.0,29.00000000000001,44.6700000000001,0.11492014024152708,0.72,0.8157894736842105,0.14,10.334000000000001,208.0
20260790,snapshot,0,50,2567,4.999999999999999,12.0,15.000000000000004,0.04791585508375536,0.78,0.8947368421052632,0.08,8.197000000000001,217.0
20260790,snapshot,1,50,2567,4.999999999999999,18.000000000000004,40.50000000000002,0.0876509544215037,0.76,0.8947368421052632,0.08,9.137000000000002,214.0
20260790,snapshot,2,50,2567,4.999999999999999,22.000000000000007,41.84000000000017,0.09622126996493961,0.74,0.8947368421052632,0.08,9.587500000000002,211.0
20260790,satcap,0,50,2567,4.999999999999999,11.500000000000004,14.500000000000005,0.04285157771717959,0.74,0.9210526315789473,0.06,8.008500000000002,211.0
20260790,satcap,1,50,2567,4.999999999999999,13.000000000000005,31.34000000000016,0.06895208414491624,0.72,0.868421052631579,0.1,8.846500000000002,208.0
20260790,satcap,2,50,2567,5.0,29.00000000000001,44.6700000000001,0.11492014024152708,0.72,0.8157894736842105,0.14,10.334000000000001,208.0
20260791,no_action,0,50,1837,14.499999999999996,43.00000000000002,51.6399999999999,0.5514425694066413,0.0,0.0,0.58,18.62400000000001,100.0
20260791,no_action,1,50,1837,14.499999999999996,43.00000000000002,51.6399999999999,0.5514425694066413,0.0,0.0,0.58,18.62400000000001,100.0
20260791,no_action,2,50,1837,14.499999999999996,43.00000000000002,51.6399999999999,0.5514425694066413,0.0,0.0,0.58,18.62400000000001,100.0
20260791,reactive,0,50,1837,5.0,14.500000000000002,25.319999999999943,0.0914534567229178,0.6,0.7586206896551724,0.14,7.0150000000000015,190.0
20260791,reactive,1,50,1837,5.499999999999998,19.59999999999992,36.00000000000002,0.13445835601524225,0.6,0.7241379310344828,0.16,7.8580000000000005,190.0
20260791,reactive,2,50,1837,5.499999999999999,25.500000000000007,42.819999999999965,0.150789330430049,0.6,0.6896551724137931,0.18,8.506000000000002,190.0
20260791,snapshot,0,50,1837,5.0,16.500000000000004,25.500000000000007,0.10832879695155144,0.58,0.7241379310344828,0.16,7.3165000000000004,187.0
20260791,snapshot,1,50,1837,5.0,16.500000000000004,25.500000000000007,0.10832879695155144,0.6,0.7586206896551724,0.14,7.315,190.0
20260791,snapshot,2,50,1837,5.000000000000001,14.500000000000002,23.319999999999943,0.0919978225367447,0.62,0.7241379310344828,0.16,7.173000000000002,193.0
20260791,satcap,0,50,1837,5.0,14.500000000000002,25.319999999999943,0.0914534567229178,0.6,0.7586206896551724,0.14,7.0150000000000015,190.0
20260791,satcap,1,50,1837,5.499999999999998,19.59999999999992,36.00000000000002,0.13445835601524225,0.6,0.7241379310344828,0.16,7.8580000000000005,190.0
20260791,satcap,2,50,1837,5.499999999999999,25.500000000000007,42.819999999999965,0.150789330430049,0.6,0.6896551724137931,0.18,8.506000000000002,190.0
20260792,no_action,0,50,1269,5.499999999999999,32.000000000000014,40.00000000000002,0.24507486209613868,0.0,0.0,0.52,10.106000000000002,100.0
20260792,no_action,1,50,1269,5.499999999999999,32.000000000000014,40.00000000000002,0.24507486209613868,0.0,0.0,0.52,10.106000000000002,100.0
20260792,no_action,2,50,1269,5.499999999999999,32.000000000000014,40.00000000000002,0.24507486209613868,0.0,0.0,0.52,10.106000000000002,100.0
20260792,reactive,0,50,1269,2.9999999999999982,23.899999999999874,39.50000000000002,0.0937746256895193,0.5,0.5,0.26,6.075,175.0
20260792,reactive,1,50,1269,2.5000000000000004,14.500000000000002,35.000000000000014,0.06619385342789598,0.5,0.5,0.26,5.445000000000001,175.0
20260792,reactive,2,50,1269,2.5000000000000004,23.79999999999996,39.50000000000002,0.1024428684003152,0.5,0.5384615384615384,0.24,6.039,175.0
20260792,snapshot,0,50,1269,2.4999999999999996,28.799999999999965,38.50000000000002,0.12450748620961387,0.5,0.5,0.26,6.337000000000001,175.0
20260792,snapshot,1,50,1269,2.5000000000000004,23.79999999999996,38.50000000000002,0.1008668242710796,0.5,0.5769230769230769,0.22,5.931000000000001,175.0
20260792,snapshot,2,50,1269,2.5000000000000004,29.799999999999965,40.00000000000002,0.16784869976359337,0.5,0.5384615384615384,0.24,6.965000000000002,175.0
20260792,satcap,0,50,1269,2.9999999999999982,23.899999999999874,39.50000000000002,0.0937746256895193,0.5,0.5,0.26,6.075,175.0
20260792,satcap,1,50,1269,2.5000000000000004,14.500000000000002,35.000000000000014,0.06619385342789598,0.5,0.5,0.26,5.445000000000001,175.0
20260792,satcap,2,50,1269,2.5000000000000004,23.79999999999996,39.50000000000002,0.1024428684003152,0.5,0.5384615384615384,0.24,6.039,175.0
20260793,no_action,0,50,1429,8.499999999999996,37.00000000000002,44.00000000000003,0.3918824352694192,0.0,0.0,0.46,12.854500000000005,100.0
20260793,no_action,1,50,1429,8.499999999999996,37.00000000000002,44.00000000000003,0.3918824352694192,0.0,0.0,0.46,12.854500000000005,100.0
20260793,no_action,2,50,1429,8.499999999999996,37.00000000000002,44.00000000000003,0.3918824352694192,0.0,0.0,0.46,12.854500000000005,100.0
20260793,reactive,0,50,1429,3.5000000000000004,17.799999999999958,31.360000000000028,0.08957312806158152,0.46,0.6086956521739131,0.18,6.324000000000001,169.0
20260793,reactive,1,50,1429,3.5000000000000004,32.000000000000014,40.50000000000002,0.18334499650104968,0.48,0.5652173913043478,0.2,7.657000000000003,172.0
20260793,reactive,2,50,1429,4.0,34.000000000000014,44.00000000000003,0.1959412176347096,0.46,0.4782608695652174,0.24,8.097,169.0
20260793,snapshot,0,50,1429,2.4999999999999996,9.999999999999998,11.500000000000004,0.006997900629811057,0.84,0.9565217391304348,0.02,3.8540000000000005,226.0
20260793,snapshot,1,50,1429,2.0,15.0,31.080000000000055,0.06438068579426172,0.84,0.8695652173913043,0.06,4.694500000000001,226.0
20260793,snapshot,2,50,1429,2.999999999999999,10.000000000000002,13.500000000000002,0.01959412176347096,0.86,0.8695652173913043,0.06,4.226999999999999,229.0
20260793,satcap,0,50,1429,3.5000000000000004,17.799999999999958,31.360000000000028,0.08957312806158152,0.46,0.6086956521739131,0.18,6.324000000000001,169.0
20260793,satcap,1,50,1429,3.5000000000000004,32.000000000000014,40.50000000000002,0.18334499650104968,0.48,0.5652173913043478,0.2,7.657000000000003,172.0
20260793,satcap,2,50,1429,4.0,34.000000000000014,44.00000000000003,0.1959412176347096,0.46,0.4782608695652174,0.24,8.097,169.0
20260794,no_action,0,50,1207,6.499999999999998,35.500000000000014,43.94000000000008,0.3264291632145816,0.0,0.0,0.4,10.124500000000003,100.0
20260794,no_action,1,50,1207,6.499999999999998,35.500000000000014,43.94000000000008,0.3264291632145816,0.0,0.0,0.4,10.124500000000003,100.0
20260794,no_action,2,50,1207,6.499999999999998,35.500000000000014,43.94000000000008,0.3264291632145816,0.0,0.0,0.4,10.124500000000003,100.0
20260794,reactive,0,50,1207,3.0,15.850000000000025,28.000000000000014,0.08864954432477216,0.38,0.5,0.2,5.6035,157.0
20260794,reactive,1,50,1207,3.5000000000000004,29.500000000000014,43.00000000000002,0.16652858326429162,0.36,0.35,0.26,6.940000000000001,154.0
20260794,reactive,2,50,1207,3.5000000000000004,33.000000000000014,43.00000000000002,0.20132560066280034,0.36,0.35,0.26,7.3125,154.0
20260794,snapshot,0,50,1207,3.4999999999999996,23.700000000000053,37.4100000000001,0.13256006628003314,0.28,0.4,0.24,6.541500000000001,142.0
20260794,snapshot,1,50,1207,3.9999999999999982,34.500000000000014,43.94000000000008,0.2212096106048053,0.28,0.2,0.32,7.611000000000002,142.0
20260794,snapshot,2,50,1207,3.4999999999999996,33.000000000000014,43.00000000000002,0.20132560066280034,0.28,0.45,0.22,7.2965,142.0
20260794,satcap,0,50,1207,3.0,15.850000000000025,28.000000000000014,0.08864954432477216,0.38,0.5,0.2,5.6035,157.0
20260794,satcap,1,50,1207,3.5000000000000004,29.500000000000014,43.00000000000002,0.16652858326429162,0.36,0.35,0.26,6.940000000000001,154.0
20260794,satcap,2,50,1207,3.5000000000000004,33.000000000000014,43.00000000000002,0.20132560066280034,0.36,0.35,0.26,7.3125,154.0
20260795,no_action,0,50,2026,15.0,41.00000000000002,47.50000000000003,0.5666337611056268,0.0,0.0,0.66,20.39250000000001,100.0
20260795,no_action,1,50,2026,15.0,41.00000000000002,47.50000000000003,0.5666337611056268,0.0,0.0,0.66,20.39250000000001,100.0
20260795,no_action,2,50,2026,15.0,41.00000000000002,47.50000000000003,0.5666337611056268,0.0,0.0,0.66,20.39250000000001,100.0
20260795,reactive,0,50,2026,4.999999999999998,11.500000000000004,14.875000000000004,0.042941757156959526,0.64,0.7878787878787878,0.14,6.7895,196.0
20260795,reactive,1,50,2026,5.0,17.5,35.500000000000014,0.09871668311944719,0.64,0.7272727272727273,0.18,8.129500000000002,196.0
20260795,reactive,2,50,2026,5.499999999999999,24.875000000000007,35.500000000000014,0.1416584402764067,0.62,0.6666666666666666,0.22,9.179500000000003,193.0
20260795,snapshot,0,50,2026,4.999999999999998,11.500000000000004,14.875000000000004,0.042941757156959526,0.64,0.7575757575757576,0.16,6.8935,196.0
20260795,snapshot,1,50,2026,4.999999999999998,14.500000000000005,35.500000000000014,0.08489634748272458,0.64,0.7878787878787878,0.14,7.651000000000002,196.0
20260795,snapshot,2,50,2026,5.0,21.375000000000004,34.500000000000014,0.11994076999012833,0.62,0.7272727272727273,0.18,8.540500000000002,193.0
20260795,satcap,0,50,2026,4.999999999999998,11.500000000000004,14.875000000000004,0.042941757156959526,0.64,0.7878787878787878,0.14,6.7895,196.0
20260795,satcap,1,50,2026,5.0,17.5,35.500000000000014,0.09871668311944719,0.64,0.7272727272727273,0.18,8.129500000000002,196.0
20260795,satcap,2,50,2026,5.499999999999999,24.875000000000007,35.500000000000014,0.1416584402764067,0.62,0.6666666666666666,0.22,9.179500000000003,193.0
20260796,no_action,0,50,2765,16.5,44.50000000000003,53.00000000000003,0.6245931283905968,0.0,0.0,0.9,29.507500000000018,100.0
20260796,no_action,1,50,2765,16.5,44.50000000000003,53.00000000000003,0.6245931283905968,0.0,0.0,0.9,29.507500000000018,100.0
20260796,no_action,2,50,2765,16.5,44.50000000000003,53.00000000000003,0.6245931283905968,0.0,0.0,0.9,29.507500000000018,100.0
20260796,reactive,0,50,2765,4.999999999999998,13.500000000000002,17.500000000000004,0.08499095840867993,0.9,0.9111111111111111,0.08,8.524500000000002,235.0
20260796,reactive,1,50,2765,4.999999999999997,13.5,17.000000000000004,0.08028933092224232,0.9,0.9333333333333333,0.06,8.3,235.0
20260796,reactive,2,50,2765,4.999999999999997,13.500000000000002,16.68000000000007,0.08245931283905968,0.9,0.9111111111111111,0.08,8.460500000000003,235.0
20260796,snapshot,0,50,2765,4.499999999999999,13.000000000000005,16.000000000000007,0.07341772151898734,0.96,0.9777777777777777,0.02,7.6905,244.0
20260796,snapshot,1,50,2765,4.499999999999999,13.000000000000005,16.18000000000007,0.07377938517179024,0.96,0.9777777777777777,0.02,7.707000000000001,244.0
20260796,snapshot,2,50,2765,4.5,13.000000000000005,16.000000000000007,0.07450271247739602,0.96,0.9555555555555556,0.04,7.859,244.0
20260796,satcap,0,50,2765,4.999999999999998,13.500000000000002,17.500000000000004,0.08499095840867993,0.9,0.9111111111111111,0.08,8.524500000000002,235.0
20260796,satcap,1,50,2765,4.999999999999997,13.5,17.000000000000004,0.08028933092224232,0.9,0.9333333333333333,0.06,8.3,235.0
20260796,satcap,2,50,2765,4.999999999999997,13.500000000000002,16.68000000000007,0.08245931283905968,0.9,0.9111111111111111,0.08,8.460500000000003,235.0
20260797,no_action,0,50,1952,14.500000000000002,39.50000000000002,46.00000000000003,0.5599385245901639,0.0,0.0,0.56,19.492000000000008,100.0
20260797,no_action,1,50,1952,14.500000000000002,39.50000000000002,46.00000000000003,0.5599385245901639,0.0,0.0,0.56,19.492000000000008,100.0
20260797,no_action,2,50,1952,14.500000000000002,39.50000000000002,46.00000000000003,0.5599385245901639,0.0,0.0,0.56,19.492000000000008,100.0
20260797,reactive,0,50,1952,4.499999999999999,13.000000000000005,28.000000000000014,0.06147540983606557,0.54,0.8214285714285714,0.1,6.947500000000001,181.0
20260797,reactive,1,50,1952,4.5,15.724999999999913,30.74500000000002,0.0860655737704918,0.54,0.7857142857142857,0.12,7.521000000000001,181.0
20260797,reactive,2,50,1952,4.5,22.22499999999992,38.00000000000002,0.1173155737704918,0.52,0.75,0.14,8.188,178.0
20260797,snapshot,0,50,1952,4.0,12.500000000000002,28.000000000000014,0.05584016393442623,0.7,0.9285714285714286,0.04,6.458500000000002,205.0
20260797,snapshot,1,50,1952,4.499999999999999,14.500000000000005,30.74500000000002,0.07735655737704918,0.68,0.8214285714285714,0.1,7.076,202.0
20260797,snapshot,2,50,1952,4.5,19.000000000000004,38.00000000000002,0.09733606557377049,0.66,0.8214285714285714,0.1,7.517000000000001,199.0
20260797,satcap,0,50,1952,4.499999999999999,13.000000000000005,28.000000000000014,0.06147540983606557,0.54,0.8214285714285714,0.1,6.947500000000001,181.0
20260797,satcap,1,50,1952,4.5,15.724999999999913,30.74500000000002,0.0860655737704918,0.54,0.7857142857142857,0.12,7.521000000000001,181.0
20260797,satcap,2,50,1952,4.5,22.22499999999992,38.00000000000002,0.1173155737704918,0.52,0.75,0.14,8.188,178.0
20260798,no_action,0,50,1696,14.0,41.50000000000002,50.025000000000006,0.5341981132075472,0.0,0.0,0.5,16.826000000000004,100.0
20260798,no_action,1,50,1696,14.0,41.50000000000002,50.025000000000006,0.5341981132075472,0.0,0.0,0.5,16.826000000000004,100.0
20260798,no_action,2,50,1696,14.0,41.50000000000002,50.025000000000006,0.5341981132075472,0.0,0.0,0.5,16.826000000000004,100.0
20260798,reactive,0,50,1696,4.999999999999997,19.625000000000004,38.00000000000002,0.10672169811320754,0.5,0.76,0.12,6.983500000000001,175.0
20260798,reactive,1,50,1696,5.499999999999999,27.12500000000001,40.00000000000002,0.1474056603773585,0.48,0.64,0.18,7.895500000000001,172.0
20260798,reactive,2,50,1696,5.5,31.000000000000014,41.50000000000002,0.17393867924528303,0.46,0.64,0.18,8.533000000000003,169.0
20260798,snapshot,0,50,1696,4.499999999999999,14.499999999999996,34.02499999999999,0.07665094339622641,0.68,0.88,0.06,5.9835,202.0
20260798,snapshot,1,50,1696,4.5,14.000000000000004,31.500000000000014,0.07252358490566038,0.7,0.88,0.06,5.932,205.0
20260798,snapshot,2,50,1696,4.249999999999998,19.500000000000004,40.00000000000002,0.09139150943396226,0.7,0.92,0.04,6.1400000000000015,205.0
20260798,satcap,0,50,1696,4.999999999999997,19.625000000000004,38.00000000000002,0.10672169811320754,0.5,0.76,0.12,6.983500000000001,175.0
20260798,satcap,1,50,1696,5.499999999999999,27.12500000000001,40.00000000000002,0.1474056603773585,0.48,0.64,0.18,7.895500000000001,172.0
20260798,satcap,2,50,1696,5.5,31.000000000000014,41.50000000000002,0.17393867924528303,0.46,0.64,0.18,8.533000000000003,169.0
20260799,no_action,0,50,1934,15.5,41.50000000000002,48.50000000000003,0.5713547052740434,0.0,0.0,0.56,19.799000000000007,100.0
20260799,no_action,1,50,1934,15.5,41.50000000000002,48.50000000000003,0.5713547052740434,0.0,0.0,0.56,19.799000000000007,100.0
20260799,no_action,2,50,1934,15.5,41.50000000000002,48.50000000000003,0.5713547052740434,0.0,0.0,0.56,19.799000000000007,100.0
20260799,reactive,0,50,1934,4.999999999999998,29.00000000000001,44.835000000000065,0.10651499482936919,0.56,0.7857142857142857,0.12,8.117500000000001,184.0
20260799,reactive,1,50,1934,5.499999999999998,31.000000000000014,40.00000000000002,0.16959669079627715,0.54,0.7142857142857143,0.16,9.407500000000002,181.0
20260799,reactive,2,50,1934,5.5,33.500000000000014,41.50000000000002,0.19906928645294725,0.54,0.6428571428571429,0.2,10.332,181.0
20260799,snapshot,0,50,1934,11.999999999999996,39.674999999999976,45.835000000000065,0.4901758014477766,0.44,0.17857142857142858,0.46,17.186000000000007,166.0
20260799,snapshot,1,50,1934,10.000000000000002,40.674999999999976,48.50000000000003,0.45243019648397104,0.46,0.25,0.42,16.42450000000001,169.0
20260799,snapshot,2,50,1934,9.499999999999998,40.00000000000002,48.50000000000003,0.4027921406411582,0.48,0.2857142857142857,0.4,15.233000000000006,172.0
20260799,satcap,0,50,1934,4.999999999999998,29.00000000000001,44.835000000000065,0.10651499482936919,0.56,0.7857142857142857,0.12,8.117500000000001,184.0
20260799,satcap,1,50,1934,5.499999999999998,31.000000000000014,40.00000000000002,0.16959669079627715,0.54,0.7142857142857143,0.16,9.407500000000002,181.0
20260799,satcap,2,50,1934,5.5,33.500000000000014,41.50000000000002,0.19906928645294725,0.54,0.6428571428571429,0.2,10.332,181.0
20260800,no_action,0,50,1918,15.0,41.50000000000002,47.50000000000003,0.5620437956204379,0.0,0.0,0.64,19.77950000000001,100.0
20260800,no_action,1,50,1918,15.0,41.50000000000002,47.50000000000003,0.5620437956204379,0.0,0.0,0.64,19.77950000000001,100.0
20260800,no_action,2,50,1918,15.0,41.50000000000002,47.50000000000003,0.5620437956204379,0.0,0.0,0.64,19.77950000000001,100.0
20260800,reactive,0,50,1918,4.499999999999999,12.500000000000002,37.414999999999985,0.056308654848800835,0.64,0.84375,0.1,6.592000000000001,196.0
20260800,reactive,1,50,1918,4.5,19.2249999999998,43.50000000000002,0.08342022940563086,0.62,0.8125,0.12,7.389000000000001,193.0
20260800,reactive,2,50,1918,4.999999999999999,29.57499999999995,45.50000000000003,0.13764337851929093,0.62,0.75,0.16,8.705500000000002,193.0
20260800,snapshot,0,50,1918,4.999999999999998,22.000000000000007,43.50000000000002,0.102711157455683,0.56,0.75,0.16,7.9775,184.0
20260800,snapshot,1,50,1918,4.999999999999997,29.57499999999995,45.50000000000003,0.1261730969760167,0.56,0.75,0.16,8.484500000000002,184.0
20260800,snapshot,2,50,1918,4.999999999999999,32.000000000000014,45.50000000000003,0.14963503649635038,0.58,0.71875,0.18,9.099000000000004,187.0
20260800,satcap,0,50,1918,4.499999999999999,12.500000000000002,37.414999999999985,0.056308654848800835,0.64,0.84375,0.1,6.592000000000001,196.0
20260800,satcap,1,50,1918,4.5,19.2249999999998,43.50000000000002,0.08342022940563086,0.62,0.8125,0.12,7.389000000000001,193.0
20260800,satcap,2,50,1918,4.999999999999999,29.57499999999995,45.50000000000003,0.13764337851929093,0.62,0.75,0.16,8.705500000000002,193.0
20260801,no_action,0,50,1312,11.999999999999996,39.00000000000002,46.00000000000003,0.4969512195121951,0.0,0.0,0.42,12.835500000000007,100.0
20260801,no_action,1,50,1312,11.999999999999996,39.00000000000002,46.00000000000003,0.4969512195121951,0.0,0.0,0.42,12.835500000000007,100.0
20260801,no_action,2,50,1312,11.999999999999996,39.00000000000002,46.00000000000003,0.4969512195121951,0.0,0.0,0.42,12.835500000000007,100.0
20260801,reactive,0,50,1312,4.0,12.500000000000004,25.445000000000057,0.06021341463414634,0.44,0.8095238095238095,0.08,5.0575,166.0
20260801,reactive,1,50,1312,4.499999999999999,15.000000000000004,25.945000000000057,0.08307926829268293,0.46,0.7142857142857143,0.12,5.578000000000002,169.0
20260801,reactive,2,50,1312,4.499999999999999,30.225000000000037,45.94500000000008,0.13414634146341464,0.48,0.6666666666666666,0.14,6.427000000000001,172.0
20260801,snapshot,0,50,1312,3.4999999999999996,10.499999999999998,12.500000000000004,0.019054878048780487,0.8,0.9523809523809523,0.02,3.8205,220.0
20260801,snapshot,1,50,1312,3.4999999999999996,10.499999999999998,12.500000000000004,0.019054878048780487,0.8,0.9523809523809523,0.02,3.8985000000000003,220.0
20260801,snapshot,2,50,1312,3.5000000000000004,10.499999999999998,12.500000000000004,0.019054878048780487,0.8,0.9523809523809523,0.02,4.0765,220.0
20260801,satcap,0,50,1312,4.0,12.500000000000004,25.445000000000057,0.06021341463414634,0.44,0.8095238095238095,0.08,5.0575,166.0
20260801,satcap,1,50,1312,4.499999999999999,15.000000000000004,25.945000000000057,0.08307926829268293,0.46,0.7142857142857143,0.12,5.578000000000002,169.0
20260801,satcap,2,50,1312,4.499999999999999,30.225000000000037,45.94500000000008,0.13414634146341464,0.48,0.6666666666666666,0.14,6.427000000000001,172.0
20260802,no_action,0,50,2347,14.500000000000005,41.50000000000002,47.50000000000003,0.5713677034512143,0.0,0.0,0.8,24.12850000000001,100.0
20260802,no_action,1,50,2347,14.500000000000005,41.50000000000002,47.50000000000003,0.5713677034512143,0.0,0.0,0.8,24.12850000000001,100.0
20260802,no_action,2,50,2347,14.500000000000005,41.50000000000002,47.50000000000003,0.5713677034512143,0.0,0.0,0.8,24.12850000000001,100.0
20260802,reactive,0,50,2347,4.5,20.500000000000004,37.769999999999996,0.10737111205794632,0.8,0.85,0.12,8.633500000000002,220.0
20260802,reactive,1,50,2347,4.5,28.84999999999992,40.00000000000002,0.1337878142309331,0.82,0.825,0.14,9.423000000000004,223.0
20260802,reactive,2,50,2347,4.999999999999997,31.000000000000014,43.27,0.15807413719642097,0.84,0.8,0.16,10.171500000000002,226.0
20260802,snapshot,0,50,2347,7.9999999999999964,39.50000000000002,47.27,0.3702599062633149,0.5,0.45,0.44,16.965500000000006,175.0
20260802,snapshot,1,50,2347,6.999999999999998,37.50000000000002,45.77,0.3046442266723477,0.52,0.5,0.4,15.263000000000003,178.0
20260802,snapshot,2,50,2347,7.499999999999998,30.500000000000014,39.50000000000002,0.27183638687686407,0.5,0.475,0.42,14.519000000000004,175.0
20260802,satcap,0,50,2347,4.5,20.500000000000004,37.769999999999996,0.10737111205794632,0.8,0.85,0.12,8.633500000000002,220.0
20260802,satcap,1,50,2347,4.5,28.84999999999992,40.00000000000002,0.1337878142309331,0.82,0.825,0.14,9.423000000000004,223.0
20260802,satcap,2,50,2347,4.999999999999997,31.000000000000014,43.27,0.15807413719642097,0.84,0.8,0.16,10.171500000000002,226.0
20260803,no_action,0,50,1590,10.999999999999998,40.00000000000002,50.00000000000003,0.46037735849056605,0.0,0.0,0.58,15.130000000000003,100.0
20260803,no_action,1,50,1590,10.999999999999998,40.00000000000002,50.00000000000003,0.46037735849056605,0.0,0.0,0.58,15.130000000000003,100.0
20260803,no_action,2,50,1590,10.999999999999998,40.00000000000002,50.00000000000003,0.46037735849056605,0.0,0.0,0.58,15.130000000000003,100.0
20260803,reactive,0,50,1590,3.0,18.77499999999998,41.00000000000002,0.0930817610062893,0.58,0.7586206896551724,0.14,6.016000000000002,187.0
20260803,reactive,1,50,1590,3.0,29.324999999999946,49.05499999999998,0.1220125786163522,0.56,0.7241379310344828,0.16,6.748500000000002,184.0
20260803,reactive,2,50,1590,3.4999999999999996,24.500000000000007,39.50000000000002,0.14276729559748427,0.56,0.6896551724137931,0.18,7.1350000000000025,184.0
20260803,snapshot,0,50,1590,3.4999999999999996,30.000000000000014,46.66499999999988,0.18679245283018867,0.74,0.7241379310344828,0.16,7.6670000000000025,211.0
20260803,snapshot,1,50,1590,3.4999999999999987,23.00000000000001,39.50000000000002,0.14842767295597484,0.76,0.7931034482758621,0.12,6.667000000000002,214.0
20260803,snapshot,2,50,1590,2.999999999999999,16.000000000000007,30.000000000000014,0.09433962264150944,0.76,0.8620689655172413,0.08,5.503500000000002,214.0
20260803,satcap,0,50,1590,3.0,13.000000000000005,24.500000000000007,0.062264150943396226,0.6,0.8275862068965517,0.1,5.329000000000001,190.0
20260803,satcap,1,50,1590,3.0,22.274999999999984,40.66499999999988,0.11761006289308176,0.58,0.7586206896551724,0.14,6.441000000000002,187.0
20260803,satcap,2,50,1590,3.5000000000000004,25.000000000000007,40.66499999999988,0.1459119496855346,0.58,0.6551724137931034,0.2,7.273000000000002,187.0
20260804,no_action,0,50,2158,13.499999999999998,42.50000000000002,49.00000000000003,0.531047265987025,0.0,0.0,0.74,21.63000000000001,100.0
20260804,no_action,1,50,2158,13.499999999999998,42.50000000000002,49.00000000000003,0.531047265987025,0.0,0.0,0.74,21.63000000000001,100.0
20260804,no_action,2,50,2158,13.499999999999998,42.50000000000002,49.00000000000003,0.531047265987025,0.0,0.0,0.74,21.63000000000001,100.0
20260804,reactive,0,50,2158,4.5,22.00000000000001,40.00000000000002,0.12465245597775718,0.74,0.7297297297297297,0.2,8.585500000000001,211.0
20260804,reactive,1,50,2158,4.5,24.500000000000007,40.50000000000002,0.13484708063021317,0.74,0.7567567567567568,0.18,8.735500000000002,211.0
20260804,reactive,2,50,2158,4.499999999999999,23.500000000000007,39.21499999999994,0.12511584800741427,0.76,0.8108108108108109,0.14,8.177,214.0
20260804,snapshot,0,50,2158,4.0,13.000000000000005,33.500000000000014,0.07228915662650602,0.76,0.8378378378378378,0.12,6.971500000000001,214.0
20260804,snapshot,1,50,2158,4.0,13.000000000000002,27.71499999999993,0.06209453197405004,0.78,0.8648648648648649,0.1,6.6825,217.0
20260804,snapshot,2,50,2158,4.0,15.0,40.50000000000002,0.09128822984244671,0.78,0.8108108108108109,0.14,7.452000000000001,217.0
20260804,satcap,0,50,2158,4.5,22.00000000000001,40.00000000000002,0.12465245597775718,0.74,0.7297297297297297,0.2,8.585500000000001,211.0
20260804,satcap,1,50,2158,4.5,24.500000000000007,40.50000000000002,0.13484708063021317,0.74,0.7567567567567568,0.18,8.735500000000002,211.0
20260804,satcap,2,50,2158,4.499999999999999,23.500000000000007,39.21499999999994,0.12511584800741427,0.76,0.8108108108108109,0.14,8.177,214.0
20260805,no_action,0,50,1875,11.499999999999996,34.64999999999999,42.00000000000002,0.4688,0.0,0.0,0.76,18.182000000000002,100.0
20260805,no_action,1,50,1875,11.499999999999996,34.64999999999999,42.00000000000002,0.4688,0.0,0.0,0.76,18.182000000000002,100.0
20260805,no_action,2,50,1875,11.499999999999996,34.64999999999999,42.00000000000002,0.4688,0.0,0.0,0.76,18.182000000000002,100.0
20260805,reactive,0,50,1875,3.0,20.500000000000004,36.00000000000002,0.09173333333333333,0.74,0.7894736842105263,0.16,6.810000000000001,211.0
20260805,reactive,1,50,1875,3.0,29.00000000000001,39.50000000000002,0.1344,0.76,0.8157894736842105,0.14,7.472000000000001,214.0
20260805,reactive,2,50,1875,3.499999999999998,19.149999999999984,38.50000000000002,0.07733333333333334,0.74,0.7631578947368421,0.18,6.862500000000001,211.0
20260805,snapshot,0,50,1875,3.499999999999998,24.000000000000007,38.13000000000002,0.10506666666666667,0.66,0.7105263157894737,0.22,7.505000000000002,199.0
20260805,snapshot,1,50,1875,3.4999999999999996,26.149999999999984,40.63000000000002,0.1312,0.64,0.6578947368421053,0.26,8.349500000000003,196.0
20260805,snapshot,2,50,1875,3.5000000000000004,19.500000000000004,31.000000000000018,0.09546666666666667,0.64,0.6578947368421053,0.26,7.707500000000001,196.0
20260805,satcap,0,50,1875,3.0,20.500000000000004,36.00000000000002,0.09173333333333333,0.74,0.7894736842105263,0.16,6.810000000000001,211.0
20260805,satcap,1,50,1875,3.0,29.00000000000001,39.50000000000002,0.1344,0.76,0.8157894736842105,0.14,7.472000000000001,214.0
20260805,satcap,2,50,1875,3.499999999999998,19.149999999999984,38.50000000000002,0.07733333333333334,0.74,0.7631578947368421,0.18,6.862500000000001,211.0
20260806,no_action,0,50,1298,7.9999999999999964,35.000000000000014,42.50000000000002,0.35670261941448383,0.0,0.0,0.46,11.486000000000002,100.0
20260806,no_action,1,50,1298,7.9999999999999964,35.000000000000014,42.50000000000002,0.35670261941448383,0.0,0.0,0.46,11.486000000000002,100.0
20260806,no_action,2,50,1298,7.9999999999999964,35.000000000000014,42.50000000000002,0.35670261941448383,0.0,0.0,0.46,11.486000000000002,100.0
20260806,reactive,0,50,1298,3.4999999999999996,30.000000000000014,40.00000000000002,0.162557781201849,0.46,0.5217391304347826,0.22,6.7975,169.0
20260806,reactive,1,50,1298,3.4999999999999996,35.000000000000014,42.50000000000002,0.26733436055469956,0.46,0.43478260869565216,0.26,8.294000000000002,169.0
20260806,reactive,2,50,1298,4.500000000000001,33.500000000000014,40.01500000000001,0.300462249614792,0.44,0.34782608695652173,0.3,8.992000000000003,166.0
20260806,snapshot,0,50,1298,3.7499999999999996,27.00000000000001,40.00000000000002,0.12865947611710324,0.42,0.5652173913043478,0.2,6.577000000000002,163.0
20260806,snapshot,1,50,1298,4.0,32.000000000000014,42.50000000000002,0.20724191063174113,0.42,0.5217391304347826,0.22,7.870000000000002,163.0
20260806,snapshot,2,50,1298,4.0,30.000000000000014,40.00000000000002,0.20955315870570107,0.4,0.43478260869565216,0.26,7.860500000000003,160.0
20260806,satcap,0,50,1298,3.4999999999999996,30.000000000000014,40.00000000000002,0.162557781201849,0.46,0.5217391304347826,0.22,6.7975,169.0
20260806,satcap,1,50,1298,3.4999999999999996,35.000000000000014,42.50000000000002,0.26733436055469956,0.46,0.43478260869565216,0.26,8.294000000000002,169.0
20260806,satcap,2,50,1298,4.500000000000001,33.500000000000014,40.01500000000001,0.300462249614792,0.44,0.34782608695652173,0.3,8.992000000000003,166.0
20260807,no_action,0,50,1525,12.5,40.4,46.380000000000024,0.5108196721311475,0.0,0.0,0.46,14.725000000000009,100.0
20260807,no_action,1,50,1525,12.5,40.4,46.380000000000024,0.5108196721311475,0.0,0.0,0.46,14.725000000000009,100.0
20260807,no_action,2,50,1525,12.5,40.4,46.380000000000024,0.5108196721311475,0.0,0.0,0.46,14.725000000000009,100.0
20260807,reactive,0,50,1525,3.9999999999999964,22.500000000000007,39.50000000000002,0.10819672131147541,0.48,0.782608695652174,0.1,6.222000000000002,172.0
20260807,reactive,1,50,1525,3.999999999999999,27.50000000000001,40.00000000000002,0.13442622950819672,0.5,0.7391304347826086,0.12,6.676500000000002,175.0
20260807,reactive,2,50,1525,4.499999999999999,27.899999999999988,39.88000000000002,0.17245901639344263,0.52,0.6521739130434783,0.16,7.483500000000001,178.0
20260807,snapshot,0,50,1525,3.9999999999999982,22.00000000000001,39.50000000000002,0.1121311475409836,0.6,0.782608695652174,0.1,6.278500000000001,190.0
20260807,snapshot,1,50,1525,3.999999999999999,27.50000000000001,40.00000000000002,0.14032786885245901,0.6,0.7391304347826086,0.12,6.684500000000002,190.0
20260807,snapshot,2,50,1525,4.499999999999999,31.000000000000014,41.00000000000002,0.18885245901639344,0.62,0.6086956521739131,0.18,7.7420000000000035,193.0
20260807,satcap,0,50,1525,3.9999999999999964,22.500000000000007,39.50000000000002,0.10819672131147541,0.48,0.782608695652174,0.1,6.222000000000002,172.0
20260807,satcap,1,50,1525,3.999999999999999,27.50000000000001,40.00000000000002,0.13442622950819672,0.5,0.7391304347826086,0.12,6.676500000000002,175.0
20260807,satcap,2,50,1525,4.499999999999999,27.899999999999988,39.88000000000002,0.17245901639344263,0.52,0.6521739130434783,0.16,7.483500000000001,178.0
20260808,no_action,0,50,1617,12.999999999999998,41.50000000000002,47.50000000000003,0.5114409400123686,0.0,0.0,0.54,15.965000000000003,100.0
20260808,no_action,1,50,1617,12.999999999999998,41.50000000000002,47.50000000000003,0.5114409400123686,0.0,0.0,0.54,15.965000000000003,100.0
20260808,no_action,2,50,1617,12.999999999999998,41.50000000000002,47.50000000000003,0.5114409400123686,0.0,0.0,0.54,15.965000000000003,100.0
20260808,reactive,0,50,1617,4.0,13.500000000000004,32.000000000000014,0.07544836116264687,0.54,0.7777777777777778,0.12,6.085,181.0
20260808,reactive,1,50,1617,4.499999999999997,14.599999999999913,33.91999999999998,0.08967223252937538,0.54,0.7407407407407407,0.14,6.398500000000001,181.0
20260808,reactive,2,50,1617,4.999999999999997,23.00000000000001,35.91999999999998,0.13172541743970315,0.54,0.6296296296296297,0.2,7.377500000000001,181.0
20260808,snapshot,0,50,1617,4.0,12.0,16.000000000000004,0.049474335188620905,0.58,0.7777777777777778,0.12,5.6225,187.0
20260808,snapshot,1,50,1617,4.499999999999999,13.500000000000004,28.41999999999997,0.08039579468150897,0.58,0.7407407407407407,0.14,6.2589999999999995,187.0
20260808,snapshot,2,50,1617,4.999999999999997,16.000000000000004,29.339999999999932,0.09894867037724181,0.58,0.7037037037037037,0.16,6.763000000000002,187.0
20260808,satcap,0,50,1617,4.499999999999997,18.599999999999913,36.50000000000002,0.10513296227581942,0.78,0.7407407407407407,0.14,6.520000000000001,217.0
20260808,satcap,1,50,1617,4.5,23.000000000000007,36.50000000000002,0.137291280148423,0.76,0.7407407407407407,0.14,7.164500000000002,214.0
20260808,satcap,2,50,1617,4.499999999999999,27.59999999999992,39.91999999999998,0.15584415584415584,0.78,0.7777777777777778,0.12,7.294000000000003,217.0
20260809,no_action,0,50,1299,10.000000000000002,44.00000000000003,50.50000000000003,0.4588144726712856,0.0,0.0,0.4,12.235500000000005,100.0
20260809,no_action,1,50,1299,10.000000000000002,44.00000000000003,50.50000000000003,0.4588144726712856,0.0,0.0,0.4,12.235500000000005,100.0
20260809,no_action,2,50,1299,10.000000000000002,44.00000000000003,50.50000000000003,0.4588144726712856,0.0,0.0,0.4,12.235500000000005,100.0
20260809,reactive,0,50,1299,4.0,12.000000000000002,14.500000000000005,0.05157813702848345,0.4,0.65,0.14,4.976,160.0
20260809,reactive,1,50,1299,4.499999999999999,13.000000000000005,19.029999999999976,0.07236335642802155,0.4,0.6,0.16,5.343000000000002,160.0
20260809,reactive,2,50,1299,4.5,17.0,36.029999999999994,0.1147036181678214,0.38,0.6,0.16,5.9140000000000015,157.0
20260809,snapshot,0,50,1299,3.999999999999999,12.000000000000002,14.500000000000005,0.05157813702848345,0.48,0.7,0.12,4.814000000000001,172.0
20260809,snapshot,1,50,1299,4.499999999999999,13.000000000000005,19.029999999999976,0.07236335642802155,0.48,0.65,0.14,5.3115000000000006,172.0
20260809,snapshot,2,50,1299,4.499999999999999,17.0,36.029999999999994,0.1147036181678214,0.46,0.7,0.12,5.7225,169.0
20260809,satcap,0,50,1299,4.0,12.000000000000002,14.500000000000005,0.05157813702848345,0.4,0.65,0.14,4.976,160.0
20260809,satcap,1,50,1299,4.499999999999999,13.000000000000005,19.029999999999976,0.07236335642802155,0.4,0.6,0.16,5.343000000000002,160.0
20260809,satcap,2,50,1299,4.5,17.0,36.029999999999994,0.1147036181678214,0.38,0.6,0.16,5.9140000000000015,157.0
20260810,no_action,0,50,1640,11.499999999999996,39.525,54.00000000000003,0.47621951219512193,0.0,0.0,0.6,15.675000000000008,100.0
20260810,no_action,1,50,1640,11.499999999999996,39.525,54.00000000000003,0.47621951219512193,0.0,0.0,0.6,15.675000000000008,100.0
20260810,no_action,2,50,1640,11.499999999999996,39.525,54.00000000000003,0.47621951219512193,0.0,0.0,0.6,15.675000000000008,100.0
20260810,reactive,0,50,1640,3.9999999999999982,15.0,28.91499999999986,0.08536585365853659,0.62,0.7333333333333333,0.16,6.012,193.0
20260810,reactive,1,50,1640,3.5000000000000004,29.524999999999988,54.00000000000003,0.1274390243902439,0.64,0.7666666666666667,0.14,6.995000000000001,196.0
20260810,reactive,2,50,1640,3.5000000000000004,26.00000000000001,39.30499999999997,0.13597560975609757,0.64,0.7333333333333333,0.16,6.801000000000002,196.0
20260810,snapshot,0,50,1640,3.499999999999999,17.024999999999984,32.000000000000014,0.09207317073170732,0.58,0.7666666666666667,0.14,5.8955,187.0
20260810,snapshot,1,50,1640,3.5000000000000004,12.0,16.500000000000004,0.04695121951219512,0.6,0.7666666666666667,0.14,5.5234999999999985,190.0
20260810,snapshot,2,50,1640,3.5000000000000004,13.52499999999998,28.91499999999986,0.075,0.62,0.8,0.12,5.873499999999999,193.0
20260810,satcap,0,50,1640,3.9999999999999982,15.0,28.91499999999986,0.08536585365853659,0.62,0.7333333333333333,0.16,6.012,193.0
20260810,satcap,1,50,1640,3.5000000000000004,29.524999999999988,54.00000000000003,0.1274390243902439,0.64,0.7666666666666667,0.14,6.995000000000001,196.0
20260810,satcap,2,50,1640,3.5000000000000004,26.00000000000001,39.30499999999997,0.13597560975609757,0.64,0.7333333333333333,0.16,6.801000000000002,196.0
20260811,no_action,0,50,2383,16.5,43.00000000000002,50.58999999999995,0.6017624842635334,0.0,0.0,0.74,25.13150000000001,100.0
20260811,no_action,1,50,2383,16.5,43.00000000000002,50.58999999999995,0.6017624842635334,0.0,0.0,0.74,25.13150000000001,100.0
20260811,no_action,2,50,2383,16.5,43.00000000000002,50.58999999999995,0.6017624842635334,0.0,0.0,0.74,25.13150000000001,100.0
20260811,reactive,0,50,2383,4.5,12.000000000000002,15.500000000000005,0.05077633235417541,0.74,0.8648648648648649,0.1,7.253500000000001,211.0
20260811,reactive,1,50,2383,4.999999999999998,20.000000000000004,38.269999999999776,0.11665967268149391,0.72,0.8108108108108109,0.14,8.958500000000003,208.0
20260811,reactive,2,50,2383,4.999999999999999,27.50000000000001,45.50000000000003,0.13680234997901805,0.72,0.7837837837837838,0.16,9.896500000000003,208.0
20260811,snapshot,0,50,2383,4.999999999999999,14.500000000000002,23.000000000000007,0.08812421317666806,0.68,0.8108108108108109,0.14,8.700000000000003,202.0
20260811,snapshot,1,50,2383,5.499999999999998,25.450000000000056,40.17999999999986,0.15023080151070078,0.66,0.7567567567567568,0.18,10.210500000000003,199.0
20260811,snapshot,2,50,2383,5.499999999999999,35.000000000000014,47.58999999999995,0.17792698279479646,0.66,0.6756756756756757,0.24,11.440000000000005,199.0
20260811,satcap,0,50,2383,4.5,12.000000000000002,15.500000000000005,0.05077633235417541,0.74,0.8648648648648649,0.1,7.253500000000001,211.0
20260811,satcap,1,50,2383,4.999999999999998,20.000000000000004,38.269999999999776,0.11665967268149391,0.72,0.8108108108108109,0.14,8.958500000000003,208.0
20260811,satcap,2,50,2383,4.999999999999999,27.50000000000001,45.50000000000003,0.13680234997901805,0.72,0.7837837837837838,0.16,9.896500000000003,208.0
20260812,no_action,0,50,2295,17.5,42.00000000000002,46.00000000000003,0.6204793028322441,0.0,0.0,0.68,24.131500000000006,100.0
20260812,no_action,1,50,2295,17.5,42.00000000000002,46.00000000000003,0.6204793028322441,0.0,0.0,0.68,24.131500000000006,100.0
20260812,no_action,2,50,2295,17.5,42.00000000000002,46.00000000000003,0.6204793028322441,0.0,0.0,0.68,24.131500000000006,100.0
20260812,reactive,0,50,2295,4.999999999999999,13.000000000000005,34.529999999999994,0.06535947712418301,0.68,0.8823529411764706,0.08,8.0615,202.0
20260812,reactive,1,50,2295,5.499999999999998,32.000000000000014,44.00000000000003,0.13681917211328976,0.66,0.7647058823529411,0.16,10.138000000000003,199.0
20260812,reactive,2,50,2295,5.999999999999998,35.000000000000014,44.00000000000003,0.1830065359477124,0.66,0.6764705882352942,0.22,11.394000000000002,199.0
20260812,snapshot,0,50,2295,5.499999999999998,13.000000000000005,31.000000000000014,0.06971677559912855,0.7,0.8529411764705882,0.1,8.267000000000001,205.0
20260812,snapshot,1,50,2295,5.499999999999998,28.149999999999874,43.00000000000002,0.11416122004357299,0.7,0.7941176470588235,0.14,9.411000000000001,205.0
20260812,snapshot,2,50,2295,5.499999999999999,32.500000000000014,43.50000000000002,0.13899782135076252,0.7,0.7352941176470589,0.18,10.279500000000004,205.0
20260812,satcap,0,50,2295,4.999999999999999,13.000000000000005,34.529999999999994,0.06535947712418301,0.68,0.8823529411764706,0.08,8.0615,202.0
20260812,satcap,1,50,2295,5.499999999999998,32.000000000000014,44.00000000000003,0.13681917211328976,0.66,0.7647058823529411,0.16,10.138000000000003,199.0
20260812,satcap,2,50,2295,5.999999999999998,35.000000000000014,44.00000000000003,0.1830065359477124,0.66,0.6764705882352942,0.22,11.394000000000002,199.0
20260813,no_action,0,50,1074,5.499999999999999,22.674999999999958,29.00000000000001,0.2132216014897579,0.0,0.0,0.5,8.681000000000001,100.0
20260813,no_action,1,50,1074,5.499999999999999,22.674999999999958,29.00000000000001,0.2132216014897579,0.0,0.0,0.5,8.681000000000001,100.0
20260813,no_action,2,50,1074,5.499999999999999,22.674999999999958,29.00000000000001,0.2132216014897579,0.0,0.0,0.5,8.681000000000001,100.0
20260813,reactive,0,50,1074,2.0,8.499999999999998,14.769999999999987,0.030726256983240222,0.5,0.72,0.14,4.0725,175.0
20260813,reactive,1,50,1074,2.0,13.5,21.90499999999998,0.0633147113594041,0.5,0.6,0.2,4.4605,175.0
20260813,reactive,2,50,1074,2.0,13.5,21.90499999999998,0.06238361266294227,0.5,0.6,0.2,4.754,175.0
20260813,snapshot,0,50,1074,2.0,13.000000000000002,21.90499999999998,0.0595903165735568,0.44,0.64,0.18,4.6555,166.0
20260813,snapshot,1,50,1074,2.5,16.000000000000004,24.500000000000007,0.0931098696461825,0.44,0.56,0.22,5.419500000000001,166.0
20260813,snapshot,2,50,1074,2.4999999999999987,13.5,21.90499999999998,0.06238361266294227,0.44,0.56,0.22,4.9225,166.0
20260813,satcap,0,50,1074,2.0,8.499999999999998,14.769999999999987,0.030726256983240222,0.5,0.72,0.14,4.0725,175.0
20260813,satcap,1,50,1074,2.0,13.5,21.90499999999998,0.0633147113594041,0.5,0.6,0.2,4.4605,175.0
20260813,satcap,2,50,1074,2.0,13.5,21.90499999999998,0.06238361266294227,0.5,0.6,0.2,4.754,175.0
20260814,no_action,0,50,1128,5.999999999999998,29.324999999999946,37.00000000000002,0.26861702127659576,0.0,0.0,0.44,9.296000000000003,100.0
20260814,no_action,1,50,1128,5.999999999999998,29.324999999999946,37.00000000000002,0.26861702127659576,0.0,0.0,0.44,9.296000000000003,100.0
20260814,no_action,2,50,1128,5.999999999999998,29.324999999999946,37.00000000000002,0.26861702127659576,0.0,0.0,0.44,9.296000000000003,100.0
20260814,reactive,0,50,1128,2.4999999999999987,13.000000000000002,34.86500000000003,0.05585106382978723,0.46,0.6363636363636364,0.16,4.593500000000001,169.0
20260814,reactive,1,50,1128,2.999999999999999,19.64999999999987,34.86500000000003,0.10815602836879433,0.46,0.45454545454545453,0.24,5.618,169.0
20260814,reactive,2,50,1128,2.5000000000000004,20.500000000000007,34.86500000000003,0.12234042553191489,0.48,0.4090909090909091,0.26,5.6725,172.0
20260814,snapshot,0,50,1128,2.0,12.0,34.86500000000003,0.04964539007092199,0.5,0.7727272727272727,0.1,4.269,175.0
20260814,snapshot,1,50,1128,2.4999999999999987,16.500000000000004,34.86500000000003,0.07801418439716312,0.5,0.5454545454545454,0.2,4.912000000000001,175.0
20260814,snapshot,2,50,1128,2.499999999999999,16.500000000000004,34.86500000000003,0.07446808510638298,0.52,0.5,0.22,4.938000000000001,178.0
20260814,satcap,0,50,1128,2.4999999999999987,13.000000000000002,34.86500000000003,0.05585106382978723,0.46,0.6363636363636364,0.16,4.593500000000001,169.0
20260814,satcap,1,50,1128,2.999999999999999,19.64999999999987,34.86500000000003,0.10815602836879433,0.46,0.45454545454545453,0.24,5.618,169.0
20260814,satcap,2,50,1128,2.5000000000000004,20.500000000000007,34.86500000000003,0.12234042553191489,0.48,0.4090909090909091,0.26,5.6725,172.0
20260815,no_action,0,50,2071,12.499999999999996,36.50000000000002,42.50000000000002,0.5070014485755674,0.0,0.0,0.78,20.377000000000006,100.0
20260815,no_action,1,50,2071,12.499999999999996,36.50000000000002,42.50000000000002,0.5070014485755674,0.0,0.0,0.78,20.377000000000006,100.0
20260815,no_action,2,50,2071,12.499999999999996,36.50000000000002,42.50000000000002,0.5070014485755674,0.0,0.0,0.78,20.377000000000006,100.0
20260815,reactive,0,50,2071,3.4999999999999996,21.250000000000007,34.15000000000011,0.0951231289232255,0.76,0.8461538461538461,0.12,7.649000000000001,214.0
20260815,reactive,1,50,2071,3.9999999999999982,26.50000000000001,38.65000000000011,0.14872042491549975,0.74,0.717948717948718,0.22,8.992500000000003,211.0
20260815,reactive,2,50,2071,3.999999999999999,29.50000000000001,39.00000000000002,0.16658619024625784,0.72,0.6923076923076923,0.24,9.503000000000002,208.0
20260815,snapshot,0,50,2071,4.999999999999999,24.500000000000007,34.15000000000011,0.16755190729116368,0.54,0.5641025641025641,0.34,10.443000000000003,181.0
20260815,snapshot,1,50,2071,5.499999999999999,30.500000000000014,40.00000000000002,0.2588121680347658,0.52,0.48717948717948717,0.4,12.415500000000003,178.0
20260815,snapshot,2,50,2071,5.499999999999999,33.250000000000014,41.00000000000002,0.2737807822308064,0.5,0.5384615384615384,0.36,12.867500000000005,175.0
20260815,satcap,0,50,2071,3.4999999999999996,21.250000000000007,34.15000000000011,0.0951231289232255,0.76,0.8461538461538461,0.12,7.649000000000001,214.0
20260815,satcap,1,50,2071,3.9999999999999982,26.50000000000001,38.65000000000011,0.14872042491549975,0.74,0.717948717948718,0.22,8.992500000000003,211.0
20260815,satcap,2,50,2071,3.999999999999999,29.50000000000001,39.00000000000002,0.16658619024625784,0.72,0.6923076923076923,0.24,9.503000000000002,208.0
20260816,no_action,0,50,1683,11.0,37.00000000000002,47.09000000000006,0.45989304812834225,0.0,0.0,0.62,16.028000000000006,100.0
20260816,no_action,1,50,1683,11.0,37.00000000000002,47.09000000000006,0.45989304812834225,0.0,0.0,0.62,16.028000000000006,100.0
20260816,no_action,2,50,1683,11.0,37.00000000000002,47.09000000000006,0.45989304812834225,0.0,0.0,0.62,16.028000000000006,100.0
20260816,reactive,0,50,1683,3.5000000000000004,26.500000000000014,40.00000000000002,0.1467617349970291,0.6,0.6451612903225806,0.22,7.7105000000000015,190.0
20260816,reactive,1,50,1683,4.499999999999999,25.500000000000007,35.09000000000005,0.19429590017825313,0.58,0.5483870967741935,0.28,8.785500000000003,187.0
20260816,reactive,2,50,1683,4.0,29.500000000000014,42.09000000000006,0.23054070112893643,0.56,0.5806451612903226,0.26,9.253500000000003,184.0
20260816,snapshot,0,50,1683,3.999999999999999,23.00000000000001,40.00000000000002,0.13903743315508021,0.54,0.5806451612903226,0.26,7.776500000000003,181.0
20260816,snapshot,1,50,1683,4.499999999999999,24.89999999999987,35.09000000000005,0.16339869281045752,0.54,0.5806451612903226,0.26,8.477500000000003,181.0
20260816,snapshot,2,50,1683,4.999999999999997,29.50000000000001,42.09000000000006,0.2073677956030897,0.52,0.5161290322580645,0.3,9.515500000000003,178.0
20260816,satcap,0,50,1683,3.5000000000000004,26.500000000000014,40.00000000000002,0.1467617349970291,0.6,0.6451612903225806,0.22,7.7105000000000015,190.0
20260816,satcap,1,50,1683,4.499999999999999,25.500000000000007,35.09000000000005,0.19429590017825313,0.58,0.5483870967741935,0.28,8.785500000000003,187.0
20260816,satcap,2,50,1683,4.0,29.500000000000014,42.09000000000006,0.23054070112893643,0.56,0.5806451612903226,0.26,9.253500000000003,184.0
20260817,no_action,0,50,2788,18.500000000000007,42.00000000000002,47.50000000000003,0.6614060258249641,0.0,0.0,0.88,30.374500000000012,100.0
20260817,no_action,1,50,2788,18.500000000000007,42.00000000000002,47.50000000000003,0.6614060258249641,0.0,0.0,0.88,30.374500000000012,100.0
20260817,no_action,2,50,2788,18.500000000000007,42.00000000000002,47.50000000000003,0.6614060258249641,0.0,0.0,0.88,30.374500000000012,100.0
20260817,reactive,0,50,2788,4.999999999999999,13.000000000000005,40.50000000000002,0.06492109038737447,0.88,0.9318181818181818,0.06,9.147000000000002,232.0
20260817,reactive,1,50,2788,4.999999999999999,14.825000000000047,37.00000000000002,0.07998565279770445,0.88,0.9318181818181818,0.06,9.520500000000002,232.0
20260817,reactive,2,50,2788,5.499999999999998,14.5,37.00000000000002,0.0781922525107604,0.86,0.9090909090909091,0.08,9.706000000000003,229.0
20260817,snapshot,0,50,2788,16.5,41.00000000000002,47.00000000000003,0.607245337159254,0.16,0.11363636363636363,0.78,28.310000000000013,124.0
20260817,snapshot,1,50,2788,17.0,42.00000000000002,47.50000000000003,0.609038737446198,0.18,0.09090909090909091,0.8,28.51400000000001,127.0
20260817,snapshot,2,50,2788,17.0,41.50000000000002,47.06500000000008,0.6151362984218077,0.2,0.11363636363636363,0.78,28.38550000000001,130.0
20260817,satcap,0,50,2788,4.999999999999999,13.000000000000005,40.50000000000002,0.06492109038737447,0.88,0.9318181818181818,0.06,9.147000000000002,232.0
20260817,satcap,1,50,2788,4.999999999999999,14.825000000000047,37.00000000000002,0.07998565279770445,0.88,0.9318181818181818,0.06,9.520500000000002,232.0
20260817,satcap,2,50,2788,5.499999999999998,14.5,37.00000000000002,0.0781922525107604,0.86,0.9090909090909091,0.08,9.706000000000003,229.0
20260818,no_action,0,50,1551,11.999999999999996,42.00000000000002,49.00000000000003,0.498388136686009,0.0,0.0,0.46,15.045000000000007,100.0
20260818,no_action,1,50,1551,11.999999999999996,42.00000000000002,49.00000000000003,0.498388136686009,0.0,0.0,0.46,15.045000000000007,100.0
20260818,no_action,2,50,1551,11.999999999999996,42.00000000000002,49.00000000000003,0.498388136686009,0.0,0.0,0.46,15.045000000000007,100.0
20260818,reactive,0,50,1551,4.999999999999999,14.750000000000004,29.25000000000001,0.08317214700193423,0.46,0.6521739130434783,0.16,6.359,169.0
20260818,reactive,1,50,1551,4.999999999999998,23.500000000000007,39.50000000000002,0.11669890393294649,0.46,0.7391304347826086,0.12,6.841000000000002,169.0
20260818,reactive,2,50,1551,4.999999999999999,28.50000000000001,40.00000000000002,0.15473887814313347,0.46,0.6086956521739131,0.18,7.5805000000000025,169.0
20260818,snapshot,0,50,1551,4.499999999999999,13.000000000000005,29.25000000000001,0.06511927788523533,0.68,0.7391304347826086,0.12,5.714500000000001,202.0
20260818,snapshot,1,50,1551,4.0,21.750000000000007,39.50000000000002,0.10058027079303675,0.68,0.8695652173913043,0.06,6.086000000000001,202.0
20260818,snapshot,2,50,1551,4.499999999999999,28.50000000000001,40.00000000000002,0.15344938749194068,0.68,0.782608695652174,0.1,6.761000000000002,202.0
20260818,satcap,0,50,1551,4.999999999999999,14.750000000000004,29.25000000000001,0.08317214700193423,0.46,0.6521739130434783,0.16,6.359,169.0
20260818,satcap,1,50,1551,4.999999999999998,23.500000000000007,39.50000000000002,0.11669890393294649,0.46,0.7391304347826086,0.12,6.841000000000002,169.0
20260818,satcap,2,50,1551,4.999999999999999,28.50000000000001,40.00000000000002,0.15473887814313347,0.46,0.6086956521739131,0.18,7.5805000000000025,169.0
20260819,no_action,0,50,1103,9.499999999999998,40.44999999999995,51.490000000000045,0.43880326382592927,0.0,0.0,0.34,10.354000000000005,100.0
20260819,no_action,1,50,1103,9.499999999999998,40.44999999999995,51.490000000000045,0.43880326382592927,0.0,0.0,0.34,10.354000000000005,100.0
20260819,no_action,2,50,1103,9.499999999999998,40.44999999999995,51.490000000000045,0.43880326382592927,0.0,0.0,0.34,10.354000000000005,100.0
20260819,reactive,0,50,1103,3.0,15.449999999999932,34.47000000000004,0.0743427017225748,0.34,0.7647058823529411,0.08,4.444500000000001,151.0
20260819,reactive,1,50,1103,3.4999999999999996,15.500000000000005,34.47000000000004,0.08340888485947416,0.34,0.7647058823529411,0.08,4.659,151.0
20260819,reactive,2,50,1103,3.4999999999999996,31.949999999999942,51.490000000000045,0.12964641885766093,0.34,0.7058823529411765,0.1,5.487000000000001,151.0
20260819,snapshot,0,50,1103,3.999999999999999,21.000000000000007,34.47000000000004,0.12330009066183137,0.3,0.6470588235294118,0.12,5.3375,145.0
20260819,snapshot,1,50,1103,3.4999999999999996,15.500000000000005,34.47000000000004,0.08340888485947416,0.32,0.7058823529411765,0.1,4.806000000000001,148.0
20260819,snapshot,2,50,1103,3.9999999999999982,31.949999999999942,51.490000000000045,0.12964641885766093,0.32,0.5882352941176471,0.14,5.6995000000000005,148.0
20260819,satcap,0,50,1103,3.0,15.449999999999932,34.47000000000004,0.0743427017225748,0.34,0.7647058823529411,0.08,4.444500000000001,151.0
20260819,satcap,1,50,1103,3.4999999999999996,15.500000000000005,34.47000000000004,0.08340888485947416,0.34,0.7647058823529411,0.08,4.659,151.0
20260819,satcap,2,50,1103,3.4999999999999996,31.949999999999942,51.490000000000045,0.12964641885766093,0.34,0.7058823529411765,0.1,5.487000000000001,151.0
20260820,no_action,0,50,3351,20.500000000000004,43.75000000000003,49.50000000000003,0.7069531483139362,0.0,0.0,0.98,37.52300000000002,100.0
20260820,no_action,1,50,3351,20.500000000000004,43.75000000000003,49.50000000000003,0.7069531483139362,0.0,0.0,0.98,37.52300000000002,100.0
20260820,no_action,2,50,3351,20.500000000000004,43.75000000000003,49.50000000000003,0.7069531483139362,0.0,0.0,0.98,37.52300000000002,100.0
20260820,reactive,0,50,3351,5.499999999999999,12.500000000000002,15.750000000000007,0.054312145628170695,0.98,0.9795918367346939,0.02,9.945000000000002,247.0
20260820,reactive,1,50,3351,5.499999999999999,12.999999999999998,32.500000000000014,0.05998209489704566,0.98,0.9795918367346939,0.02,10.239500000000001,247.0
20260820,reactive,2,50,3351,5.499999999999999,12.999999999999998,25.75000000000001,0.06147418680990749,0.98,0.9795918367346939,0.02,10.136000000000001,247.0
20260820,snapshot,0,50,3351,5.499999999999999,12.500000000000002,15.750000000000007,0.054312145628170695,0.98,0.9795918367346939,0.02,9.945000000000002,247.0
20260820,snapshot,1,50,3351,5.499999999999999,12.999999999999998,32.500000000000014,0.05998209489704566,0.98,0.9795918367346939,0.02,10.239500000000001,247.0
20260820,snapshot,2,50,3351,5.499999999999999,12.999999999999998,25.75000000000001,0.06147418680990749,0.98,0.9795918367346939,0.02,10.136000000000001,247.0
20260820,satcap,0,50,3351,5.499999999999999,12.500000000000002,15.750000000000007,0.054312145628170695,0.98,0.9795918367346939,0.02,9.945000000000002,247.0
20260820,satcap,1,50,3351,5.499999999999999,12.999999999999998,32.500000000000014,0.05998209489704566,0.98,0.9795918367346939,0.02,10.239500000000001,247.0
20260820,satcap,2,50,3351,5.499999999999999,12.999999999999998,25.75000000000001,0.06147418680990749,0.98,0.9795918367346939,0.02,10.136000000000001,247.0
20260821,no_action,0,50,1780,11.499999999999998,40.00000000000002,51.81500000000008,0.47752808988764045,0.0,0.0,0.58,17.192000000000007,100.0
20260821,no_action,1,50,1780,11.499999999999998,40.00000000000002,51.81500000000008,0.47752808988764045,0.0,0.0,0.58,17.192000000000007,100.0
20260821,no_action,2,50,1780,11.499999999999998,40.00000000000002,51.81500000000008,0.47752808988764045,0.0,0.0,0.58,17.192000000000007,100.0
20260821,reactive,0,50,1780,4.0,33.000000000000014,41.50000000000002,0.20168539325842696,0.58,0.6896551724137931,0.18,9.016500000000004,187.0
20260821,reactive,1,50,1780,4.0,30.500000000000014,40.21000000000006,0.17584269662921348,0.6,0.6896551724137931,0.18,8.524500000000003,190.0
20260821,reactive,2,50,1780,3.9999999999999982,35.52499999999999,51.81500000000008,0.1696629213483146,0.62,0.6896551724137931,0.18,8.538000000000002,193.0
20260821,snapshot,0,50,1780,3.4999999999999996,13.524999999999977,32.000000000000014,0.06685393258426967,0.8,0.8620689655172413,0.08,5.806500000000001,220.0
20260821,snapshot,1,50,1780,3.5000000000000004,14.000000000000002,34.315000000000076,0.06292134831460675,0.8,0.8620689655172413,0.08,5.9095,220.0
20260821,snapshot,2,50,1780,3.4999999999999987,19.000000000000004,38.10500000000004,0.0898876404494382,0.8,0.8620689655172413,0.08,6.164000000000001,220.0
20260821,satcap,0,50,1780,4.0,33.000000000000014,41.50000000000002,0.20168539325842696,0.58,0.6896551724137931,0.18,9.016500000000004,187.0
20260821,satcap,1,50,1780,4.0,30.500000000000014,40.21000000000006,0.17584269662921348,0.6,0.6896551724137931,0.18,8.524500000000003,190.0
20260821,satcap,2,50,1780,3.9999999999999982,35.52499999999999,51.81500000000008,0.1696629213483146,0.62,0.6896551724137931,0.18,8.538000000000002,193.0
20260822,no_action,0,50,1914,12.500000000000002,38.50000000000002,47.50000000000003,0.5141065830721003,0.0,0.0,0.72,18.992000000000004,100.0
20260822,no_action,1,50,1914,12.500000000000002,38.50000000000002,47.50000000000003,0.5141065830721003,0.0,0.0,0.72,18.992000000000004,100.0
20260822,no_action,2,50,1914,12.500000000000002,38.50000000000002,47.50000000000003,0.5141065830721003,0.0,0.0,0.72,18.992000000000004,100.0
20260822,reactive,0,50,1914,3.4999999999999996,14.000000000000004,32.000000000000014,0.06844305120167189,0.72,0.8611111111111112,0.1,6.331999999999999,208.0
20260822,reactive,1,50,1914,3.4999999999999987,14.499999999999998,34.43499999999996,0.07157784743991641,0.74,0.8611111111111112,0.1,6.196499999999999,211.0
20260822,reactive,2,50,1914,3.4999999999999987,11.500000000000004,25.500000000000007,0.04336468129571578,0.76,0.9166666666666666,0.06,5.615,214.0
20260822,snapshot,0,50,1914,3.4999999999999996,14.000000000000004,32.869999999999905,0.06896551724137931,0.72,0.8888888888888888,0.08,6.3374999999999995,208.0
20260822,snapshot,1,50,1914,3.5000000000000004,21.500000000000004,35.500000000000014,0.10658307210031348,0.74,0.8055555555555556,0.14,7.100500000000001,211.0
20260822,snapshot,2,50,1914,3.4999999999999996,26.50000000000001,38.00000000000002,0.12225705329153605,0.76,0.8333333333333334,0.12,7.250500000000001,214.0
20260822,satcap,0,50,1914,3.4999999999999996,14.000000000000004,32.000000000000014,0.06844305120167189,0.72,0.8611111111111112,0.1,6.331999999999999,208.0
20260822,satcap,1,50,1914,3.4999999999999987,14.499999999999998,34.43499999999996,0.07157784743991641,0.74,0.8611111111111112,0.1,6.196499999999999,211.0
20260822,satcap,2,50,1914,3.4999999999999987,11.500000000000004,25.500000000000007,0.04336468129571578,0.76,0.9166666666666666,0.06,5.615,214.0
20260823,no_action,0,50,1433,9.999999999999998,38.50000000000002,48.00000000000003,0.44801116538729935,0.0,0.0,0.46,13.332000000000004,100.0
20260823,no_action,1,50,1433,9.999999999999998,38.50000000000002,48.00000000000003,0.44801116538729935,0.0,0.0,0.46,13.332000000000004,100.0
20260823,no_action,2,50,1433,9.999999999999998,38.50000000000002,48.00000000000003,0.44801116538729935,0.0,0.0,0.46,13.332000000000004,100.0
20260823,reactive,0,50,1433,3.0,29.199999999999946,38.00000000000002,0.1479413817166783,0.46,0.6521739130434783,0.16,6.618000000000001,169.0
20260823,reactive,1,50,1433,3.5000000000000004,33.000000000000014,48.00000000000003,0.1807397069085834,0.48,0.6521739130434783,0.16,7.428000000000002,172.0
20260823,reactive,2,50,1433,3.5000000000000004,36.50000000000002,48.00000000000003,0.2288904396371249,0.48,0.6521739130434783,0.16,8.092000000000002,172.0
20260823,snapshot,0,50,1433,3.5000000000000004,29.199999999999946,38.00000000000002,0.1716678297278437,0.44,0.6086956521739131,0.18,7.163500000000003,166.0
20260823,snapshot,1,50,1433,3.999999999999999,33.000000000000014,48.00000000000003,0.19678995115143055,0.46,0.6521739130434783,0.16,7.749000000000003,169.0
20260823,snapshot,2,50,1433,4.0,36.50000000000002,48.00000000000003,0.25819958129797627,0.46,0.5217391304347826,0.22,8.779500000000002,169.0
20260823,satcap,0,50,1433,4.999999999999997,30.000000000000014,39.84000000000005,0.2226099092812282,0.5,0.43478260869565216,0.26,8.267500000000004,175.0
20260823,satcap,1,50,1433,4.999999999999999,35.000000000000014,48.00000000000003,0.2602930914166085,0.52,0.391304347826087,0.28,8.925500000000005,178.0
20260823,satcap,2,50,1433,4.499999999999997,29.50000000000001,48.00000000000003,0.17585484996510817,0.52,0.5652173913043478,0.2,7.682000000000002,178.0
20260824,no_action,0,50,1976,13.5,39.62500000000002,49.12500000000003,0.5379554655870445,0.0,0.0,0.64,19.705500000000008,100.0
20260824,no_action,1,50,1976,13.5,39.62500000000002,49.12500000000003,0.5379554655870445,0.0,0.0,0.64,19.705500000000008,100.0
20260824,no_action,2,50,1976,13.5,39.62500000000002,49.12500000000003,0.5379554655870445,0.0,0.0,0.64,19.705500000000008,100.0
20260824,reactive,0,50,1976,3.999999999999999,15.000000000000002,31.125000000000018,0.06983805668016195,0.64,0.78125,0.14,6.970000000000001,196.0
20260824,reactive,1,50,1976,3.999999999999999,21.500000000000004,36.12500000000002,0.10880566801619433,0.62,0.75,0.16,7.7305,193.0
20260824,reactive,2,50,1976,4.0,31.125000000000018,48.37500000000003,0.15789473684210525,0.6,0.6875,0.2,9.002500000000001,190.0
20260824,snapshot,0,50,1976,3.999999999999999,24.500000000000007,38.00000000000002,0.12601214574898786,0.66,0.75,0.16,8.07,199.0
20260824,snapshot,1,50,1976,4.499999999999997,25.000000000000007,38.62500000000002,0.13815789473684212,0.64,0.71875,0.18,8.341500000000002,196.0
20260824,snapshot,2,50,1976,4.499999999999997,35.000000000000014,48.37500000000003,0.2090080971659919,0.62,0.65625,0.22,10.055500000000002,193.0
20260824,satcap,0,50,1976,3.999999999999999,15.000000000000002,31.125000000000018,0.06983805668016195,0.64,0.78125,0.14,6.970000000000001,196.0
20260824,satcap,1,50,1976,3.999999999999999,21.500000000000004,36.12500000000002,0.10880566801619433,0.62,0.75,0.16,7.7305,193.0
20260824,satcap,2,50,1976,4.0,31.125000000000018,48.37500000000003,0.15789473684210525,0.6,0.6875,0.2,9.002500000000001,190.0
20260825,no_action,0,50,1898,12.999999999999998,41.50000000000002,52.000000000000036,0.5216016859852476,0.0,0.0,0.6,18.60150000000001,100.0
20260825,no_action,1,50,1898,12.999999999999998,41.50000000000002,52.000000000000036,0.5216016859852476,0.0,0.0,0.6,18.60150000000001,100.0
20260825,no_action,2,50,1898,12.999999999999998,41.50000000000002,52.000000000000036,0.5216016859852476,0.0,0.0,0.6,18.60150000000001,100.0
20260825,reactive,0,50,1898,3.999999999999999,16.074999999999935,33.000000000000014,0.10273972602739725,0.6,0.7666666666666667,0.14,7.184000000000001,190.0
20260825,reactive,1,50,1898,4.5,27.00000000000001,44.515000000000015,0.15806111696522657,0.58,0.6666666666666666,0.2,8.773000000000003,187.0
20260825,reactive,2,50,1898,4.499999999999999,31.500000000000014,44.515000000000015,0.18756585879873552,0.58,0.7,0.18,9.262500000000003,187.0
20260825,snapshot,0,50,1898,4.499999999999999,29.00000000000001,43.015000000000015,0.15806111696522657,0.46,0.6666666666666666,0.2,9.038500000000003,169.0
20260825,snapshot,1,50,1898,4.999999999999999,32.074999999999946,44.515000000000015,0.2249736564805058,0.44,0.5666666666666667,0.26,10.332500000000001,166.0
20260825,snapshot,2,50,1898,5.499999999999998,36.574999999999946,51.50000000000003,0.26343519494204426,0.44,0.5333333333333333,0.28,11.525500000000005,166.0
20260825,satcap,0,50,1898,3.999999999999999,16.074999999999935,33.000000000000014,0.10273972602739725,0.6,0.7666666666666667,0.14,7.184000000000001,190.0
20260825,satcap,1,50,1898,4.5,27.00000000000001,44.515000000000015,0.15806111696522657,0.58,0.6666666666666666,0.2,8.773000000000003,187.0
20260825,satcap,2,50,1898,4.499999999999999,31.500000000000014,44.515000000000015,0.18756585879873552,0.58,0.7,0.18,9.262500000000003,187.0
20260826,no_action,0,50,2335,16.000000000000004,41.00000000000002,48.50000000000003,0.5974304068522484,0.0,0.0,0.68,24.400000000000013,100.0
20260826,no_action,1,50,2335,16.000000000000004,41.00000000000002,48.50000000000003,0.5974304068522484,0.0,0.0,0.68,24.400000000000013,100.0
20260826,no_action,2,50,2335,16.000000000000004,41.00000000000002,48.50000000000003,0.5974304068522484,0.0,0.0,0.68,24.400000000000013,100.0
20260826,reactive,0,50,2335,4.999999999999999,18.50000000000001,39.00000000000002,0.11349036402569593,0.68,0.8235294117647058,0.12,9.077000000000004,202.0
20260826,reactive,1,50,2335,5.0,29.00000000000001,42.82999999999995,0.169593147751606,0.68,0.7352941176470589,0.18,10.587500000000004,202.0
20260826,reactive,2,50,2335,5.499999999999999,27.50000000000001,40.00000000000002,0.1683083511777302,0.68,0.7058823529411765,0.2,10.848500000000003,202.0
20260826,snapshot,0,50,2335,4.999999999999998,17.000000000000007,32.500000000000014,0.09892933618843683,0.76,0.8529411764705882,0.1,8.557500000000001,214.0
20260826,snapshot,1,50,2335,4.999999999999999,17.000000000000007,32.32999999999994,0.11049250535331906,0.78,0.7941176470588235,0.14,8.908000000000001,217.0
20260826,snapshot,2,50,2335,4.999999999999999,20.500000000000004,38.32999999999995,0.11691648822269807,0.78,0.8235294117647058,0.12,9.133500000000003,217.0
20260826,satcap,0,50,2335,3.999999999999999,11.499999999999998,14.000000000000004,0.032119914346895075,1.0,1.0,0.0,6.121,250.0
20260826,satcap,1,50,2335,3.999999999999999,11.499999999999998,14.000000000000004,0.032119914346895075,1.0,1.0,0.0,6.121,250.0
20260826,satcap,2,50,2335,3.999999999999999,11.499999999999998,14.000000000000004,0.032119914346895075,1.0,1.0,0.0,6.121,250.0
