seed,policy,provisioning_delay_epochs,miss_to_action_cost_ratio,normalized_cost,missed_event_fraction,action_rate
20260727,no_action,0,1,0.62,0.62,0.0
20260727,no_action,1,1,0.62,0.62,0.0
20260727,no_action,2,1,0.62,0.62,0.0
20260727,reactive,0,1,0.72,0.1,0.62
20260727,reactive,1,1,0.74,0.12,0.62
20260727,reactive,2,1,0.78,0.18,0.6
20260727,snapshot,0,1,0.7999999999999999,0.1,0.7
20260727,snapshot,1,1,0.7999999999999999,0.1,0.7
20260727,snapshot,2,1,0.7799999999999999,0.08,0.7
20260727,satcap,0,1,0.72,0.1,0.62
20260727,satcap,1,1,0.74,0.12,0.62
20260727,satcap,2,1,0.78,0.18,0.6
20260728,no_action,0,1,0.32,0.32,0.0
20260728,no_action,1,1,0.32,0.32,0.0
20260728,no_action,2,1,0.32,0.32,0.0
20260728,reactive,0,1,0.44,0.14,0.3
20260728,reactive,1,1,0.42,0.12,0.3
20260728,reactive,2,1,0.48,0.18,0.3
20260728,snapshot,0,1,0.48000000000000004,0.08,0.4
20260728,snapshot,1,1,0.48000000000000004,0.08,0.4
20260728,snapshot,2,1,0.5800000000000001,0.18,0.4
20260728,satcap,0,1,0.44,0.14,0.3
20260728,satcap,1,1,0.42,0.12,0.3
20260728,satcap,2,1,0.48,0.18,0.3
20260729,no_action,0,1,0.56,0.56,0.0
20260729,no_action,1,1,0.56,0.56,0.0
20260729,no_action,2,1,0.56,0.56,0.0
20260729,reactive,0,1,0.68,0.14,0.54
20260729,reactive,1,1,0.74,0.18,0.56
20260729,reactive,2,1,0.78,0.2,0.58
20260729,snapshot,0,1,0.82,0.08,0.74
20260729,snapshot,1,1,0.86,0.1,0.76
20260729,snapshot,2,1,0.9,0.14,0.76
20260729,satcap,0,1,0.8999999999999999,0.08,0.82
20260729,satcap,1,1,0.9,0.1,0.8
20260729,satcap,2,1,0.92,0.12,0.8
20260730,no_action,0,1,0.62,0.62,0.0
20260730,no_action,1,1,0.62,0.62,0.0
20260730,no_action,2,1,0.62,0.62,0.0
20260730,reactive,0,1,0.72,0.1,0.62
20260730,reactive,1,1,0.8,0.18,0.62
20260730,reactive,2,1,0.8,0.18,0.62
20260730,snapshot,0,1,0.88,0.16,0.72
20260730,snapshot,1,1,0.8999999999999999,0.18,0.72
20260730,snapshot,2,1,0.8799999999999999,0.18,0.7
20260730,satcap,0,1,0.72,0.1,0.62
20260730,satcap,1,1,0.8,0.18,0.62
20260730,satcap,2,1,0.8,0.18,0.62
20260731,no_action,0,1,0.54,0.54,0.0
20260731,no_action,1,1,0.54,0.54,0.0
20260731,no_action,2,1,0.54,0.54,0.0
20260731,reactive,0,1,0.64,0.1,0.54
20260731,reactive,1,1,0.66,0.14,0.52
20260731,reactive,2,1,0.7,0.18,0.52
20260731,snapshot,0,1,0.8200000000000001,0.06,0.76
20260731,snapshot,1,1,0.8,0.04,0.76
20260731,snapshot,2,1,0.86,0.1,0.76
20260731,satcap,0,1,0.64,0.1,0.54
20260731,satcap,1,1,0.66,0.14,0.52
20260731,satcap,2,1,0.7,0.18,0.52
20260732,no_action,0,1,0.66,0.66,0.0
20260732,no_action,1,1,0.66,0.66,0.0
20260732,no_action,2,1,0.66,0.66,0.0
20260732,reactive,0,1,0.8200000000000001,0.16,0.66
20260732,reactive,1,1,0.8600000000000001,0.2,0.66
20260732,reactive,2,1,0.9400000000000001,0.28,0.66
20260732,snapshot,0,1,0.8,0.2,0.6
20260732,snapshot,1,1,0.82,0.22,0.6
20260732,snapshot,2,1,0.8999999999999999,0.3,0.6
20260732,satcap,0,1,0.8200000000000001,0.16,0.66
20260732,satcap,1,1,0.8600000000000001,0.2,0.66
20260732,satcap,2,1,0.9400000000000001,0.28,0.66
20260733,no_action,0,1,0.68,0.68,0.0
20260733,no_action,1,1,0.68,0.68,0.0
20260733,no_action,2,1,0.68,0.68,0.0
20260733,reactive,0,1,0.78,0.1,0.68
20260733,reactive,1,1,0.8,0.12,0.68
20260733,reactive,2,1,0.8400000000000001,0.16,0.68
20260733,snapshot,0,1,0.8200000000000001,0.14,0.68
20260733,snapshot,1,1,0.8400000000000001,0.16,0.68
20260733,snapshot,2,1,0.9,0.22,0.68
20260733,satcap,0,1,0.78,0.1,0.68
20260733,satcap,1,1,0.8,0.12,0.68
20260733,satcap,2,1,0.8400000000000001,0.16,0.68
20260734,no_action,0,1,0.56,0.56,0.0
20260734,no_action,1,1,0.56,0.56,0.0
20260734,no_action,2,1,0.56,0.56,0.0
20260734,reactive,0,1,0.68,0.14,0.54
20260734,reactive,1,1,0.74,0.22,0.52
20260734,reactive,2,1,0.72,0.22,0.5
20260734,snapshot,0,1,0.8400000000000001,0.06,0.78
20260734,snapshot,1,1,0.86,0.1,0.76
20260734,snapshot,2,1,0.84,0.1,0.74
20260734,satcap,0,1,0.68,0.14,0.54
20260734,satcap,1,1,0.74,0.22,0.52
20260734,satcap,2,1,0.72,0.22,0.5
20260735,no_action,0,1,0.46,0.46,0.0
20260735,no_action,1,1,0.46,0.46,0.0
20260735,no_action,2,1,0.46,0.46,0.0
20260735,reactive,0,1,0.64,0.16,0.48
20260735,reactive,1,1,0.7,0.22,0.48
20260735,reactive,2,1,0.72,0.24,0.48
20260735,snapshot,0,1,0.52,0.38,0.14
20260735,snapshot,1,1,0.52,0.38,0.14
20260735,snapshot,2,1,0.56,0.4,0.16
20260735,satcap,0,1,0.54,0.42,0.12
20260735,satcap,1,1,0.52,0.38,0.14
20260735,satcap,2,1,0.5,0.36,0.14
20260736,no_action,0,1,0.86,0.86,0.0
20260736,no_action,1,1,0.86,0.86,0.0
20260736,no_action,2,1,0.86,0.86,0.0
20260736,reactive,0,1,0.94,0.06,0.88
20260736,reactive,1,1,0.9400000000000001,0.04,0.9
20260736,reactive,2,1,0.98,0.08,0.9
20260736,snapshot,0,1,0.92,0.16,0.76
20260736,snapshot,1,1,0.88,0.1,0.78
20260736,snapshot,2,1,0.9400000000000001,0.14,0.8
20260736,satcap,0,1,0.94,0.06,0.88
20260736,satcap,1,1,0.9400000000000001,0.04,0.9
20260736,satcap,2,1,0.98,0.08,0.9
20260737,no_action,0,1,0.54,0.54,0.0
20260737,no_action,1,1,0.54,0.54,0.0
20260737,no_action,2,1,0.54,0.54,0.0
20260737,reactive,0,1,0.64,0.1,0.54
20260737,reactive,1,1,0.68,0.16,0.52
20260737,reactive,2,1,0.7,0.18,0.52
20260737,snapshot,0,1,0.8,0.04,0.76
20260737,snapshot,1,1,0.84,0.08,0.76
20260737,snapshot,2,1,0.88,0.14,0.74
20260737,satcap,0,1,0.64,0.1,0.54
20260737,satcap,1,1,0.68,0.16,0.52
20260737,satcap,2,1,0.7,0.18,0.52
20260738,no_action,0,1,0.64,0.64,0.0
20260738,no_action,1,1,0.64,0.64,0.0
20260738,no_action,2,1,0.64,0.64,0.0
20260738,reactive,0,1,0.78,0.16,0.62
20260738,reactive,1,1,0.82,0.22,0.6
20260738,reactive,2,1,0.78,0.18,0.6
20260738,snapshot,0,1,0.78,0.14,0.64
20260738,snapshot,1,1,0.84,0.22,0.62
20260738,snapshot,2,1,0.8,0.18,0.62
20260738,satcap,0,1,0.78,0.16,0.62
20260738,satcap,1,1,0.82,0.22,0.6
20260738,satcap,2,1,0.78,0.18,0.6
20260739,no_action,0,1,0.58,0.58,0.0
20260739,no_action,1,1,0.58,0.58,0.0
20260739,no_action,2,1,0.58,0.58,0.0
20260739,reactive,0,1,0.74,0.18,0.56
20260739,reactive,1,1,0.74,0.2,0.54
20260739,reactive,2,1,0.74,0.2,0.54
20260739,snapshot,0,1,0.8400000000000001,0.04,0.8
20260739,snapshot,1,1,0.8400000000000001,0.06,0.78
20260739,snapshot,2,1,0.86,0.08,0.78
20260739,satcap,0,1,0.74,0.18,0.56
20260739,satcap,1,1,0.74,0.2,0.54
20260739,satcap,2,1,0.74,0.2,0.54
20260740,no_action,0,1,0.54,0.54,0.0
20260740,no_action,1,1,0.54,0.54,0.0
20260740,no_action,2,1,0.54,0.54,0.0
20260740,reactive,0,1,0.68,0.16,0.52
20260740,reactive,1,1,0.68,0.16,0.52
20260740,reactive,2,1,0.6799999999999999,0.18,0.5
20260740,snapshot,0,1,0.64,0.18,0.46
20260740,snapshot,1,1,0.66,0.2,0.46
20260740,snapshot,2,1,0.66,0.22,0.44
20260740,satcap,0,1,0.68,0.16,0.52
20260740,satcap,1,1,0.68,0.16,0.52
20260740,satcap,2,1,0.6799999999999999,0.18,0.5
20260741,no_action,0,1,0.52,0.52,0.0
20260741,no_action,1,1,0.52,0.52,0.0
20260741,no_action,2,1,0.52,0.52,0.0
20260741,reactive,0,1,0.66,0.16,0.5
20260741,reactive,1,1,0.7,0.22,0.48
20260741,reactive,2,1,0.6799999999999999,0.2,0.48
20260741,snapshot,0,1,0.8200000000000001,0.06,0.76
20260741,snapshot,1,1,0.84,0.08,0.76
20260741,snapshot,2,1,0.86,0.12,0.74
20260741,satcap,0,1,0.66,0.16,0.5
20260741,satcap,1,1,0.7,0.22,0.48
20260741,satcap,2,1,0.6799999999999999,0.2,0.48
20260742,no_action,0,1,0.46,0.46,0.0
20260742,no_action,1,1,0.46,0.46,0.0
20260742,no_action,2,1,0.46,0.46,0.0
20260742,reactive,0,1,0.7,0.22,0.48
20260742,reactive,1,1,0.74,0.26,0.48
20260742,reactive,2,1,0.72,0.22,0.5
20260742,snapshot,0,1,0.72,0.22,0.5
20260742,snapshot,1,1,0.72,0.2,0.52
20260742,snapshot,2,1,0.74,0.2,0.54
20260742,satcap,0,1,0.7,0.22,0.48
20260742,satcap,1,1,0.74,0.26,0.48
20260742,satcap,2,1,0.72,0.22,0.5
20260743,no_action,0,1,0.74,0.74,0.0
20260743,no_action,1,1,0.74,0.74,0.0
20260743,no_action,2,1,0.74,0.74,0.0
20260743,reactive,0,1,0.84,0.1,0.74
20260743,reactive,1,1,0.86,0.12,0.74
20260743,reactive,2,1,0.9,0.14,0.76
20260743,snapshot,0,1,0.9,0.12,0.78
20260743,snapshot,1,1,0.9,0.12,0.78
20260743,snapshot,2,1,0.96,0.18,0.78
20260743,satcap,0,1,0.84,0.1,0.74
20260743,satcap,1,1,0.86,0.12,0.74
20260743,satcap,2,1,0.9,0.14,0.76
20260744,no_action,0,1,0.42,0.42,0.0
20260744,no_action,1,1,0.42,0.42,0.0
20260744,no_action,2,1,0.42,0.42,0.0
20260744,reactive,0,1,0.56,0.14,0.42
20260744,reactive,1,1,0.56,0.14,0.42
20260744,reactive,2,1,0.62,0.2,0.42
20260744,snapshot,0,1,0.66,0.16,0.5
20260744,snapshot,1,1,0.66,0.16,0.5
20260744,snapshot,2,1,0.6799999999999999,0.2,0.48
20260744,satcap,0,1,0.56,0.14,0.42
20260744,satcap,1,1,0.56,0.14,0.42
20260744,satcap,2,1,0.62,0.2,0.42
20260745,no_action,0,1,0.72,0.72,0.0
20260745,no_action,1,1,0.72,0.72,0.0
20260745,no_action,2,1,0.72,0.72,0.0
20260745,reactive,0,1,0.76,0.06,0.7
20260745,reactive,1,1,0.76,0.08,0.68
20260745,reactive,2,1,0.74,0.08,0.66
20260745,snapshot,0,1,0.7999999999999999,0.08,0.72
20260745,snapshot,1,1,0.82,0.1,0.72
20260745,snapshot,2,1,0.7999999999999999,0.1,0.7
20260745,satcap,0,1,0.76,0.06,0.7
20260745,satcap,1,1,0.76,0.08,0.68
20260745,satcap,2,1,0.74,0.08,0.66
20260746,no_action,0,1,0.38,0.38,0.0
20260746,no_action,1,1,0.38,0.38,0.0
20260746,no_action,2,1,0.38,0.38,0.0
20260746,reactive,0,1,0.58,0.22,0.36
20260746,reactive,1,1,0.58,0.22,0.36
20260746,reactive,2,1,0.5800000000000001,0.2,0.38
20260746,snapshot,0,1,0.5800000000000001,0.18,0.4
20260746,snapshot,1,1,0.62,0.22,0.4
20260746,snapshot,2,1,0.64,0.24,0.4
20260746,satcap,0,1,0.58,0.22,0.36
20260746,satcap,1,1,0.58,0.22,0.36
20260746,satcap,2,1,0.5800000000000001,0.2,0.38
20260747,no_action,0,1,0.48,0.48,0.0
20260747,no_action,1,1,0.48,0.48,0.0
20260747,no_action,2,1,0.48,0.48,0.0
20260747,reactive,0,1,0.6799999999999999,0.2,0.48
20260747,reactive,1,1,0.78,0.28,0.5
20260747,reactive,2,1,0.8200000000000001,0.32,0.5
20260747,snapshot,0,1,0.76,0.14,0.62
20260747,snapshot,1,1,0.76,0.16,0.6
20260747,snapshot,2,1,0.86,0.26,0.6
20260747,satcap,0,1,0.6799999999999999,0.2,0.48
20260747,satcap,1,1,0.78,0.28,0.5
20260747,satcap,2,1,0.8200000000000001,0.32,0.5
20260748,no_action,0,1,0.38,0.38,0.0
20260748,no_action,1,1,0.38,0.38,0.0
20260748,no_action,2,1,0.38,0.38,0.0
20260748,reactive,0,1,0.54,0.16,0.38
20260748,reactive,1,1,0.5800000000000001,0.18,0.4
20260748,reactive,2,1,0.5800000000000001,0.18,0.4
20260748,snapshot,0,1,0.72,0.1,0.62
20260748,snapshot,1,1,0.8,0.18,0.62
20260748,snapshot,2,1,0.8,0.18,0.62
20260748,satcap,0,1,0.54,0.16,0.38
20260748,satcap,1,1,0.5800000000000001,0.18,0.4
20260748,satcap,2,1,0.5800000000000001,0.18,0.4
20260749,no_action,0,1,0.86,0.86,0.0
20260749,no_action,1,1,0.86,0.86,0.0
20260749,no_action,2,1,0.86,0.86,0.0
20260749,reactive,0,1,0.96,0.1,0.86
20260749,reactive,1,1,0.96,0.1,0.86
20260749,reactive,2,1,0.96,0.1,0.86
20260749,snapshot,0,1,0.8999999999999999,0.18,0.72
20260749,snapshot,1,1,0.96,0.24,0.72
20260749,snapshot,2,1,0.94,0.22,0.72
20260749,satcap,0,1,0.96,0.1,0.86
20260749,satcap,1,1,0.96,0.1,0.86
20260749,satcap,2,1,0.96,0.1,0.86
20260750,no_action,0,1,0.64,0.64,0.0
20260750,no_action,1,1,0.64,0.64,0.0
20260750,no_action,2,1,0.64,0.64,0.0
20260750,reactive,0,1,0.78,0.14,0.64
20260750,reactive,1,1,0.8200000000000001,0.18,0.64
20260750,reactive,2,1,0.8200000000000001,0.18,0.64
20260750,snapshot,0,1,0.76,0.58,0.18
20260750,snapshot,1,1,0.72,0.54,0.18
20260750,snapshot,2,1,0.72,0.54,0.18
20260750,satcap,0,1,0.78,0.14,0.64
20260750,satcap,1,1,0.8200000000000001,0.18,0.64
20260750,satcap,2,1,0.8200000000000001,0.18,0.64
20260751,no_action,0,1,0.62,0.62,0.0
20260751,no_action,1,1,0.62,0.62,0.0
20260751,no_action,2,1,0.62,0.62,0.0
20260751,reactive,0,1,0.84,0.22,0.62
20260751,reactive,1,1,0.8,0.18,0.62
20260751,reactive,2,1,0.86,0.26,0.6
20260751,snapshot,0,1,0.74,0.2,0.54
20260751,snapshot,1,1,0.8200000000000001,0.26,0.56
20260751,snapshot,2,1,0.8600000000000001,0.32,0.54
20260751,satcap,0,1,0.84,0.22,0.62
20260751,satcap,1,1,0.8,0.18,0.62
20260751,satcap,2,1,0.86,0.26,0.6
20260752,no_action,0,1,0.72,0.72,0.0
20260752,no_action,1,1,0.72,0.72,0.0
20260752,no_action,2,1,0.72,0.72,0.0
20260752,reactive,0,1,0.86,0.12,0.74
20260752,reactive,1,1,0.94,0.2,0.74
20260752,reactive,2,1,0.9199999999999999,0.18,0.74
20260752,snapshot,0,1,0.98,0.1,0.88
20260752,snapshot,1,1,1.0,0.12,0.88
20260752,snapshot,2,1,0.98,0.1,0.88
20260752,satcap,0,1,0.86,0.12,0.74
20260752,satcap,1,1,0.94,0.2,0.74
20260752,satcap,2,1,0.9199999999999999,0.18,0.74
20260753,no_action,0,1,0.72,0.72,0.0
20260753,no_action,1,1,0.72,0.72,0.0
20260753,no_action,2,1,0.72,0.72,0.0
20260753,reactive,0,1,0.86,0.14,0.72
20260753,reactive,1,1,0.88,0.16,0.72
20260753,reactive,2,1,0.8799999999999999,0.18,0.7
20260753,snapshot,0,1,0.9,0.22,0.68
20260753,snapshot,1,1,0.92,0.26,0.66
20260753,snapshot,2,1,0.8400000000000001,0.18,0.66
20260753,satcap,0,1,0.86,0.14,0.72
20260753,satcap,1,1,0.88,0.16,0.72
20260753,satcap,2,1,0.8799999999999999,0.18,0.7
20260754,no_action,0,1,0.9,0.9,0.0
20260754,no_action,1,1,0.9,0.9,0.0
20260754,no_action,2,1,0.9,0.9,0.0
20260754,reactive,0,1,0.96,0.06,0.9
20260754,reactive,1,1,0.98,0.08,0.9
20260754,reactive,2,1,1.0,0.1,0.9
20260754,snapshot,0,1,0.96,0.08,0.88
20260754,snapshot,1,1,0.98,0.12,0.86
20260754,snapshot,2,1,0.98,0.14,0.84
20260754,satcap,0,1,0.96,0.06,0.9
20260754,satcap,1,1,0.98,0.08,0.9
20260754,satcap,2,1,1.0,0.1,0.9
20260755,no_action,0,1,0.48,0.48,0.0
20260755,no_action,1,1,0.48,0.48,0.0
20260755,no_action,2,1,0.48,0.48,0.0
20260755,reactive,0,1,0.64,0.18,0.46
20260755,reactive,1,1,0.6,0.16,0.44
20260755,reactive,2,1,0.62,0.18,0.44
20260755,snapshot,0,1,0.72,0.1,0.62
20260755,snapshot,1,1,0.72,0.12,0.6
20260755,snapshot,2,1,0.72,0.12,0.6
20260755,satcap,0,1,0.64,0.18,0.46
20260755,satcap,1,1,0.6,0.16,0.44
20260755,satcap,2,1,0.62,0.18,0.44
20260756,no_action,0,1,0.38,0.38,0.0
20260756,no_action,1,1,0.38,0.38,0.0
20260756,no_action,2,1,0.38,0.38,0.0
20260756,reactive,0,1,0.5800000000000001,0.18,0.4
20260756,reactive,1,1,0.5800000000000001,0.18,0.4
20260756,reactive,2,1,0.56,0.18,0.38
20260756,snapshot,0,1,0.7,0.18,0.52
20260756,snapshot,1,1,0.68,0.14,0.54
20260756,snapshot,2,1,0.74,0.2,0.54
20260756,satcap,0,1,0.5800000000000001,0.18,0.4
20260756,satcap,1,1,0.5800000000000001,0.18,0.4
20260756,satcap,2,1,0.56,0.18,0.38
20260757,no_action,0,1,0.36,0.36,0.0
20260757,no_action,1,1,0.36,0.36,0.0
20260757,no_action,2,1,0.36,0.36,0.0
20260757,reactive,0,1,0.42,0.06,0.36
20260757,reactive,1,1,0.44,0.08,0.36
20260757,reactive,2,1,0.48,0.1,0.38
20260757,snapshot,0,1,0.46,0.06,0.4
20260757,snapshot,1,1,0.48000000000000004,0.08,0.4
20260757,snapshot,2,1,0.48000000000000004,0.08,0.4
20260757,satcap,0,1,0.42,0.06,0.36
20260757,satcap,1,1,0.44,0.08,0.36
20260757,satcap,2,1,0.48,0.1,0.38
20260758,no_action,0,1,0.68,0.68,0.0
20260758,no_action,1,1,0.68,0.68,0.0
20260758,no_action,2,1,0.68,0.68,0.0
20260758,reactive,0,1,0.72,0.02,0.7
20260758,reactive,1,1,0.76,0.06,0.7
20260758,reactive,2,1,0.7999999999999999,0.08,0.72
20260758,snapshot,0,1,0.88,0.04,0.84
20260758,snapshot,1,1,0.8999999999999999,0.06,0.84
20260758,snapshot,2,1,0.9199999999999999,0.08,0.84
20260758,satcap,0,1,0.72,0.02,0.7
20260758,satcap,1,1,0.76,0.06,0.7
20260758,satcap,2,1,0.7999999999999999,0.08,0.72
20260759,no_action,0,1,0.58,0.58,0.0
20260759,no_action,1,1,0.58,0.58,0.0
20260759,no_action,2,1,0.58,0.58,0.0
20260759,reactive,0,1,0.76,0.2,0.56
20260759,reactive,1,1,0.72,0.18,0.54
20260759,reactive,2,1,0.74,0.22,0.52
20260759,snapshot,0,1,0.7200000000000001,0.16,0.56
20260759,snapshot,1,1,0.74,0.2,0.54
20260759,snapshot,2,1,0.76,0.24,0.52
20260759,satcap,0,1,0.76,0.2,0.56
20260759,satcap,1,1,0.72,0.18,0.54
20260759,satcap,2,1,0.74,0.22,0.52
20260760,no_action,0,1,0.52,0.52,0.0
20260760,no_action,1,1,0.52,0.52,0.0
20260760,no_action,2,1,0.52,0.52,0.0
20260760,reactive,0,1,0.68,0.16,0.52
20260760,reactive,1,1,0.74,0.22,0.52
20260760,reactive,2,1,0.74,0.22,0.52
20260760,snapshot,0,1,0.9,0.12,0.78
20260760,snapshot,1,1,0.9400000000000001,0.16,0.78
20260760,snapshot,2,1,0.88,0.1,0.78
20260760,satcap,0,1,0.68,0.16,0.52
20260760,satcap,1,1,0.74,0.22,0.52
20260760,satcap,2,1,0.74,0.22,0.52
20260761,no_action,0,1,0.82,0.82,0.0
20260761,no_action,1,1,0.82,0.82,0.0
20260761,no_action,2,1,0.82,0.82,0.0
20260761,reactive,0,1,0.96,0.14,0.82
20260761,reactive,1,1,1.0,0.18,0.82
20260761,reactive,2,1,0.96,0.14,0.82
20260761,snapshot,0,1,0.96,0.44,0.52
20260761,snapshot,1,1,0.9,0.36,0.54
20260761,snapshot,2,1,0.9400000000000001,0.38,0.56
20260761,satcap,0,1,0.96,0.14,0.82
20260761,satcap,1,1,1.0,0.18,0.82
20260761,satcap,2,1,0.96,0.14,0.82
20260762,no_action,0,1,0.72,0.72,0.0
20260762,no_action,1,1,0.72,0.72,0.0
20260762,no_action,2,1,0.72,0.72,0.0
20260762,reactive,0,1,0.82,0.1,0.72
20260762,reactive,1,1,0.86,0.16,0.7
20260762,reactive,2,1,0.8800000000000001,0.2,0.68
20260762,snapshot,0,1,0.9,0.02,0.88
20260762,snapshot,1,1,0.9199999999999999,0.06,0.86
20260762,snapshot,2,1,0.96,0.1,0.86
20260762,satcap,0,1,0.82,0.1,0.72
20260762,satcap,1,1,0.86,0.16,0.7
20260762,satcap,2,1,0.8800000000000001,0.2,0.68
20260763,no_action,0,1,0.8,0.8,0.0
20260763,no_action,1,1,0.8,0.8,0.0
20260763,no_action,2,1,0.8,0.8,0.0
20260763,reactive,0,1,0.88,0.08,0.8
20260763,reactive,1,1,0.8999999999999999,0.08,0.82
20260763,reactive,2,1,0.8999999999999999,0.06,0.84
20260763,snapshot,0,1,1.0,0.0,1.0
20260763,snapshot,1,1,1.0,0.0,1.0
20260763,snapshot,2,1,1.0,0.0,1.0
20260763,satcap,0,1,0.9600000000000001,0.16,0.8
20260763,satcap,1,1,0.98,0.18,0.8
20260763,satcap,2,1,0.9600000000000001,0.16,0.8
20260764,no_action,0,1,0.34,0.34,0.0
20260764,no_action,1,1,0.34,0.34,0.0
20260764,no_action,2,1,0.34,0.34,0.0
20260764,reactive,0,1,0.54,0.2,0.34
20260764,reactive,1,1,0.52,0.18,0.34
20260764,reactive,2,1,0.5800000000000001,0.26,0.32
20260764,snapshot,0,1,0.44,0.22,0.22
20260764,snapshot,1,1,0.42000000000000004,0.2,0.22
20260764,snapshot,2,1,0.48000000000000004,0.28,0.2
20260764,satcap,0,1,0.54,0.2,0.34
20260764,satcap,1,1,0.52,0.18,0.34
20260764,satcap,2,1,0.5800000000000001,0.26,0.32
20260765,no_action,0,1,0.62,0.62,0.0
20260765,no_action,1,1,0.62,0.62,0.0
20260765,no_action,2,1,0.62,0.62,0.0
20260765,reactive,0,1,0.76,0.14,0.62
20260765,reactive,1,1,0.76,0.14,0.62
20260765,reactive,2,1,0.78,0.14,0.64
20260765,snapshot,0,1,0.76,0.08,0.68
20260765,snapshot,1,1,0.76,0.08,0.68
20260765,snapshot,2,1,0.8,0.12,0.68
20260765,satcap,0,1,0.76,0.14,0.62
20260765,satcap,1,1,0.76,0.14,0.62
20260765,satcap,2,1,0.78,0.14,0.64
20260766,no_action,0,1,0.56,0.56,0.0
20260766,no_action,1,1,0.56,0.56,0.0
20260766,no_action,2,1,0.56,0.56,0.0
20260766,reactive,0,1,0.76,0.22,0.54
20260766,reactive,1,1,0.8,0.26,0.54
20260766,reactive,2,1,0.78,0.22,0.56
20260766,snapshot,0,1,0.9,0.12,0.78
20260766,snapshot,1,1,0.84,0.08,0.76
20260766,snapshot,2,1,0.86,0.1,0.76
20260766,satcap,0,1,0.76,0.22,0.54
20260766,satcap,1,1,0.8,0.26,0.54
20260766,satcap,2,1,0.78,0.22,0.56
20260767,no_action,0,1,0.6,0.6,0.0
20260767,no_action,1,1,0.6,0.6,0.0
20260767,no_action,2,1,0.6,0.6,0.0
20260767,reactive,0,1,0.82,0.22,0.6
20260767,reactive,1,1,0.8,0.18,0.62
20260767,reactive,2,1,0.88,0.28,0.6
20260767,snapshot,0,1,0.8,0.2,0.6
20260767,snapshot,1,1,0.82,0.22,0.6
20260767,snapshot,2,1,0.86,0.28,0.58
20260767,satcap,0,1,0.82,0.22,0.6
20260767,satcap,1,1,0.8,0.18,0.62
20260767,satcap,2,1,0.88,0.28,0.6
20260768,no_action,0,1,0.56,0.56,0.0
20260768,no_action,1,1,0.56,0.56,0.0
20260768,no_action,2,1,0.56,0.56,0.0
20260768,reactive,0,1,0.68,0.12,0.56
20260768,reactive,1,1,0.7000000000000001,0.14,0.56
20260768,reactive,2,1,0.7200000000000001,0.16,0.56
20260768,snapshot,0,1,0.84,0.48,0.36
20260768,snapshot,1,1,0.8,0.44,0.36
20260768,snapshot,2,1,0.78,0.42,0.36
20260768,satcap,0,1,0.68,0.12,0.56
20260768,satcap,1,1,0.7000000000000001,0.14,0.56
20260768,satcap,2,1,0.7200000000000001,0.16,0.56
20260769,no_action,0,1,0.94,0.94,0.0
20260769,no_action,1,1,0.94,0.94,0.0
20260769,no_action,2,1,0.94,0.94,0.0
20260769,reactive,0,1,0.98,0.04,0.94
20260769,reactive,1,1,0.98,0.04,0.94
20260769,reactive,2,1,0.98,0.06,0.92
20260769,snapshot,0,1,0.96,0.1,0.86
20260769,snapshot,1,1,0.98,0.12,0.86
20260769,snapshot,2,1,0.96,0.1,0.86
20260769,satcap,0,1,0.98,0.04,0.94
20260769,satcap,1,1,0.98,0.04,0.94
20260769,satcap,2,1,0.98,0.06,0.92
20260770,no_action,0,1,0.8,0.8,0.0
20260770,no_action,1,1,0.8,0.8,0.0
20260770,no_action,2,1,0.8,0.8,0.0
20260770,reactive,0,1,0.8999999999999999,0.08,0.82
20260770,reactive,1,1,0.92,0.12,0.8
20260770,reactive,2,1,0.9600000000000001,0.16,0.8
20260770,snapshot,0,1,0.88,0.08,0.8
20260770,snapshot,1,1,0.92,0.12,0.8
20260770,snapshot,2,1,0.9400000000000001,0.14,0.8
20260770,satcap,0,1,0.8999999999999999,0.08,0.82
20260770,satcap,1,1,0.92,0.12,0.8
20260770,satcap,2,1,0.9600000000000001,0.16,0.8
20260771,no_action,0,1,0.84,0.84,0.0
20260771,no_action,1,1,0.84,0.84,0.0
20260771,no_action,2,1,0.84,0.84,0.0
20260771,reactive,0,1,0.94,0.12,0.82
20260771,reactive,1,1,0.98,0.16,0.82
20260771,reactive,2,1,0.96,0.14,0.82
20260771,snapshot,0,1,0.96,0.06,0.9
20260771,snapshot,1,1,0.98,0.08,0.9
20260771,snapshot,2,1,1.0,0.1,0.9
20260771,satcap,0,1,0.94,0.12,0.82
20260771,satcap,1,1,0.98,0.16,0.82
20260771,satcap,2,1,0.96,0.14,0.82
20260772,no_action,0,1,0.78,0.78,0.0
20260772,no_action,1,1,0.78,0.78,0.0
20260772,no_action,2,1,0.78,0.78,0.0
20260772,reactive,0,1,0.86,0.08,0.78
20260772,reactive,1,1,0.9,0.12,0.78
20260772,reactive,2,1,0.92,0.12,0.8
20260772,snapshot,0,1,0.96,0.06,0.9
20260772,snapshot,1,1,0.96,0.06,0.9
20260772,snapshot,2,1,0.9600000000000001,0.04,0.92
20260772,satcap,0,1,0.86,0.08,0.78
20260772,satcap,1,1,0.9,0.12,0.78
20260772,satcap,2,1,0.92,0.12,0.8
20260773,no_action,0,1,0.76,0.76,0.0
20260773,no_action,1,1,0.76,0.76,0.0
20260773,no_action,2,1,0.76,0.76,0.0
20260773,reactive,0,1,0.8,0.04,0.76
20260773,reactive,1,1,0.84,0.08,0.76
20260773,reactive,2,1,0.88,0.12,0.76
20260773,snapshot,0,1,0.8200000000000001,0.02,0.8
20260773,snapshot,1,1,0.8600000000000001,0.06,0.8
20260773,snapshot,2,1,0.9,0.1,0.8
20260773,satcap,0,1,0.8,0.04,0.76
20260773,satcap,1,1,0.84,0.08,0.76
20260773,satcap,2,1,0.88,0.12,0.76
20260774,no_action,0,1,0.54,0.54,0.0
20260774,no_action,1,1,0.54,0.54,0.0
20260774,no_action,2,1,0.54,0.54,0.0
20260774,reactive,0,1,0.7000000000000001,0.14,0.56
20260774,reactive,1,1,0.76,0.2,0.56
20260774,reactive,2,1,0.72,0.18,0.54
20260774,snapshot,0,1,0.78,0.14,0.64
20260774,snapshot,1,1,0.8,0.16,0.64
20260774,snapshot,2,1,0.8200000000000001,0.18,0.64
20260774,satcap,0,1,0.7000000000000001,0.14,0.56
20260774,satcap,1,1,0.76,0.2,0.56
20260774,satcap,2,1,0.72,0.18,0.54
20260775,no_action,0,1,0.6,0.6,0.0
20260775,no_action,1,1,0.6,0.6,0.0
20260775,no_action,2,1,0.6,0.6,0.0
20260775,reactive,0,1,0.72,0.14,0.58
20260775,reactive,1,1,0.78,0.2,0.58
20260775,reactive,2,1,0.76,0.18,0.58
20260775,snapshot,0,1,0.76,0.12,0.64
20260775,snapshot,1,1,0.76,0.12,0.64
20260775,snapshot,2,1,0.74,0.1,0.64
20260775,satcap,0,1,0.72,0.14,0.58
20260775,satcap,1,1,0.78,0.2,0.58
20260775,satcap,2,1,0.76,0.18,0.58
20260776,no_action,0,1,0.62,0.62,0.0
20260776,no_action,1,1,0.62,0.62,0.0
20260776,no_action,2,1,0.62,0.62,0.0
20260776,reactive,0,1,0.76,0.14,0.62
20260776,reactive,1,1,0.8,0.18,0.62
20260776,reactive,2,1,0.8,0.2,0.6
20260776,snapshot,0,1,0.92,0.04,0.88
20260776,snapshot,1,1,0.94,0.06,0.88
20260776,snapshot,2,1,0.98,0.1,0.88
20260776,satcap,0,1,0.76,0.14,0.62
20260776,satcap,1,1,0.8,0.18,0.62
20260776,satcap,2,1,0.8,0.2,0.6
20260777,no_action,0,1,0.64,0.64,0.0
20260777,no_action,1,1,0.64,0.64,0.0
20260777,no_action,2,1,0.64,0.64,0.0
20260777,reactive,0,1,0.76,0.14,0.62
20260777,reactive,1,1,0.76,0.14,0.62
20260777,reactive,2,1,0.8200000000000001,0.18,0.64
20260777,snapshot,0,1,0.9,0.04,0.86
20260777,snapshot,1,1,0.92,0.04,0.88
20260777,snapshot,2,1,0.94,0.06,0.88
20260777,satcap,0,1,0.76,0.14,0.62
20260777,satcap,1,1,0.76,0.14,0.62
20260777,satcap,2,1,0.8200000000000001,0.18,0.64
20260778,no_action,0,1,0.66,0.66,0.0
20260778,no_action,1,1,0.66,0.66,0.0
20260778,no_action,2,1,0.66,0.66,0.0
20260778,reactive,0,1,0.74,0.08,0.66
20260778,reactive,1,1,0.78,0.12,0.66
20260778,reactive,2,1,0.78,0.12,0.66
20260778,snapshot,0,1,0.7,0.1,0.6
20260778,snapshot,1,1,0.74,0.14,0.6
20260778,snapshot,2,1,0.74,0.14,0.6
20260778,satcap,0,1,0.74,0.08,0.66
20260778,satcap,1,1,0.78,0.12,0.66
20260778,satcap,2,1,0.78,0.12,0.66
20260779,no_action,0,1,0.3,0.3,0.0
20260779,no_action,1,1,0.3,0.3,0.0
20260779,no_action,2,1,0.3,0.3,0.0
20260779,reactive,0,1,0.42,0.12,0.3
20260779,reactive,1,1,0.5,0.18,0.32
20260779,reactive,2,1,0.52,0.18,0.34
20260779,snapshot,0,1,1.0,0.0,1.0
20260779,snapshot,1,1,1.0,0.0,1.0
20260779,snapshot,2,1,1.0,0.0,1.0
20260779,satcap,0,1,1.0,0.0,1.0
20260779,satcap,1,1,1.0,0.0,1.0
20260779,satcap,2,1,1.0,0.0,1.0
20260780,no_action,0,1,0.32,0.32,0.0
20260780,no_action,1,1,0.32,0.32,0.0
20260780,no_action,2,1,0.32,0.32,0.0
20260780,reactive,0,1,0.52,0.22,0.3
20260780,reactive,1,1,0.5,0.2,0.3
20260780,reactive,2,1,0.54,0.24,0.3
20260780,snapshot,0,1,1.0,0.0,1.0
20260780,snapshot,1,1,1.0,0.0,1.0
20260780,snapshot,2,1,1.0,0.0,1.0
20260780,satcap,0,1,0.52,0.22,0.3
20260780,satcap,1,1,0.5,0.2,0.3
20260780,satcap,2,1,0.54,0.24,0.3
20260781,no_action,0,1,0.66,0.66,0.0
20260781,no_action,1,1,0.66,0.66,0.0
20260781,no_action,2,1,0.66,0.66,0.0
20260781,reactive,0,1,0.8,0.14,0.66
20260781,reactive,1,1,0.8400000000000001,0.16,0.68
20260781,reactive,2,1,0.9199999999999999,0.22,0.7
20260781,snapshot,0,1,0.94,0.08,0.86
20260781,snapshot,1,1,0.94,0.06,0.88
20260781,snapshot,2,1,0.94,0.06,0.88
20260781,satcap,0,1,0.8,0.14,0.66
20260781,satcap,1,1,0.8400000000000001,0.16,0.68
20260781,satcap,2,1,0.9199999999999999,0.22,0.7
20260782,no_action,0,1,0.56,0.56,0.0
20260782,no_action,1,1,0.56,0.56,0.0
20260782,no_action,2,1,0.56,0.56,0.0
20260782,reactive,0,1,0.7200000000000001,0.16,0.56
20260782,reactive,1,1,0.74,0.18,0.56
20260782,reactive,2,1,0.78,0.22,0.56
20260782,snapshot,0,1,0.72,0.22,0.5
20260782,snapshot,1,1,0.6799999999999999,0.18,0.5
20260782,snapshot,2,1,0.76,0.24,0.52
20260782,satcap,0,1,0.7200000000000001,0.16,0.56
20260782,satcap,1,1,0.74,0.18,0.56
20260782,satcap,2,1,0.78,0.22,0.56
20260783,no_action,0,1,0.64,0.64,0.0
20260783,no_action,1,1,0.64,0.64,0.0
20260783,no_action,2,1,0.64,0.64,0.0
20260783,reactive,0,1,0.8200000000000001,0.2,0.62
20260783,reactive,1,1,0.8,0.2,0.6
20260783,reactive,2,1,0.82,0.24,0.58
20260783,snapshot,0,1,0.78,0.3,0.48
20260783,snapshot,1,1,0.8,0.34,0.46
20260783,snapshot,2,1,0.78,0.34,0.44
20260783,satcap,0,1,0.8200000000000001,0.2,0.62
20260783,satcap,1,1,0.8,0.2,0.6
20260783,satcap,2,1,0.82,0.24,0.58
20260784,no_action,0,1,0.58,0.58,0.0
20260784,no_action,1,1,0.58,0.58,0.0
20260784,no_action,2,1,0.58,0.58,0.0
20260784,reactive,0,1,0.82,0.22,0.6
20260784,reactive,1,1,0.8,0.2,0.6
20260784,reactive,2,1,0.7999999999999999,0.22,0.58
20260784,snapshot,0,1,0.8400000000000001,0.16,0.68
20260784,snapshot,1,1,0.8,0.12,0.68
20260784,snapshot,2,1,0.8400000000000001,0.16,0.68
20260784,satcap,0,1,0.82,0.22,0.6
20260784,satcap,1,1,0.8,0.2,0.6
20260784,satcap,2,1,0.7999999999999999,0.22,0.58
20260785,no_action,0,1,0.62,0.62,0.0
20260785,no_action,1,1,0.62,0.62,0.0
20260785,no_action,2,1,0.62,0.62,0.0
20260785,reactive,0,1,0.76,0.12,0.64
20260785,reactive,1,1,0.78,0.14,0.64
20260785,reactive,2,1,0.8200000000000001,0.16,0.66
20260785,snapshot,0,1,0.84,0.02,0.82
20260785,snapshot,1,1,0.86,0.04,0.82
20260785,snapshot,2,1,0.8999999999999999,0.08,0.82
20260785,satcap,0,1,0.76,0.12,0.64
20260785,satcap,1,1,0.78,0.14,0.64
20260785,satcap,2,1,0.8200000000000001,0.16,0.66
20260786,no_action,0,1,0.64,0.64,0.0
20260786,no_action,1,1,0.64,0.64,0.0
20260786,no_action,2,1,0.64,0.64,0.0
20260786,reactive,0,1,0.8,0.18,0.62
20260786,reactive,1,1,0.8,0.2,0.6
20260786,reactive,2,1,0.82,0.22,0.6
20260786,snapshot,0,1,0.8799999999999999,0.18,0.7
20260786,snapshot,1,1,0.8999999999999999,0.2,0.7
20260786,snapshot,2,1,0.84,0.14,0.7
20260786,satcap,0,1,0.8,0.18,0.62
20260786,satcap,1,1,0.8,0.2,0.6
20260786,satcap,2,1,0.82,0.22,0.6
20260787,no_action,0,1,0.5,0.5,0.0
20260787,no_action,1,1,0.5,0.5,0.0
20260787,no_action,2,1,0.5,0.5,0.0
20260787,reactive,0,1,0.64,0.14,0.5
20260787,reactive,1,1,0.7,0.2,0.5
20260787,reactive,2,1,0.6799999999999999,0.18,0.5
20260787,snapshot,0,1,0.7999999999999999,0.22,0.58
20260787,snapshot,1,1,0.7999999999999999,0.22,0.58
20260787,snapshot,2,1,0.82,0.24,0.58
20260787,satcap,0,1,0.64,0.14,0.5
20260787,satcap,1,1,0.7,0.2,0.5
20260787,satcap,2,1,0.6799999999999999,0.18,0.5
20260788,no_action,0,1,0.46,0.46,0.0
20260788,no_action,1,1,0.46,0.46,0.0
20260788,no_action,2,1,0.46,0.46,0.0
20260788,reactive,0,1,0.6799999999999999,0.2,0.48
20260788,reactive,1,1,0.72,0.24,0.48
20260788,reactive,2,1,0.78,0.28,0.5
20260788,snapshot,0,1,0.76,0.18,0.58
20260788,snapshot,1,1,0.7,0.12,0.58
20260788,snapshot,2,1,0.8,0.2,0.6
20260788,satcap,0,1,0.6799999999999999,0.2,0.48
20260788,satcap,1,1,0.72,0.24,0.48
20260788,satcap,2,1,0.78,0.28,0.5
20260789,no_action,0,1,0.52,0.52,0.0
20260789,no_action,1,1,0.52,0.52,0.0
20260789,no_action,2,1,0.52,0.52,0.0
20260789,reactive,0,1,0.66,0.14,0.52
20260789,reactive,1,1,0.76,0.24,0.52
20260789,reactive,2,1,0.78,0.26,0.52
20260789,snapshot,0,1,0.8,0.04,0.76
20260789,snapshot,1,1,0.8200000000000001,0.04,0.78
20260789,snapshot,2,1,0.8400000000000001,0.06,0.78
20260789,satcap,0,1,0.66,0.14,0.52
20260789,satcap,1,1,0.76,0.24,0.52
20260789,satcap,2,1,0.78,0.26,0.52
20260790,no_action,0,1,0.76,0.76,0.0
20260790,no_action,1,1,0.76,0.76,0.0
20260790,no_action,2,1,0.76,0.76,0.0
20260790,reactive,0,1,0.8,0.06,0.74
20260790,reactive,1,1,0.82,0.1,0.72
20260790,reactive,2,1,0.86,0.14,0.72
20260790,snapshot,0,1,0.86,0.08,0.78
20260790,snapshot,1,1,0.84,0.08,0.76
20260790,snapshot,2,1,0.82,0.08,0.74
20260790,satcap,0,1,0.8,0.06,0.74
20260790,satcap,1,1,0.82,0.1,0.72
20260790,satcap,2,1,0.86,0.14,0.72
20260791,no_action,0,1,0.58,0.58,0.0
20260791,no_action,1,1,0.58,0.58,0.0
20260791,no_action,2,1,0.58,0.58,0.0
20260791,reactive,0,1,0.74,0.14,0.6
20260791,reactive,1,1,0.76,0.16,0.6
20260791,reactive,2,1,0.78,0.18,0.6
20260791,snapshot,0,1,0.74,0.16,0.58
20260791,snapshot,1,1,0.74,0.14,0.6
20260791,snapshot,2,1,0.78,0.16,0.62
20260791,satcap,0,1,0.74,0.14,0.6
20260791,satcap,1,1,0.76,0.16,0.6
20260791,satcap,2,1,0.78,0.18,0.6
20260792,no_action,0,1,0.52,0.52,0.0
20260792,no_action,1,1,0.52,0.52,0.0
20260792,no_action,2,1,0.52,0.52,0.0
20260792,reactive,0,1,0.76,0.26,0.5
20260792,reactive,1,1,0.76,0.26,0.5
20260792,reactive,2,1,0.74,0.24,0.5
20260792,snapshot,0,1,0.76,0.26,0.5
20260792,snapshot,1,1,0.72,0.22,0.5
20260792,snapshot,2,1,0.74,0.24,0.5
20260792,satcap,0,1,0.76,0.26,0.5
20260792,satcap,1,1,0.76,0.26,0.5
20260792,satcap,2,1,0.74,0.24,0.5
20260793,no_action,0,1,0.46,0.46,0.0
20260793,no_action,1,1,0.46,0.46,0.0
20260793,no_action,2,1,0.46,0.46,0.0
20260793,reactive,0,1,0.64,0.18,0.46
20260793,reactive,1,1,0.6799999999999999,0.2,0.48
20260793,reactive,2,1,0.7,0.24,0.46
20260793,snapshot,0,1,0.86,0.02,0.84
20260793,snapshot,1,1,0.8999999999999999,0.06,0.84
20260793,snapshot,2,1,0.9199999999999999,0.06,0.86
20260793,satcap,0,1,0.64,0.18,0.46
20260793,satcap,1,1,0.6799999999999999,0.2,0.48
20260793,satcap,2,1,0.7,0.24,0.46
20260794,no_action,0,1,0.4,0.4,0.0
20260794,no_action,1,1,0.4,0.4,0.0
20260794,no_action,2,1,0.4,0.4,0.0
20260794,reactive,0,1,0.5800000000000001,0.2,0.38
20260794,reactive,1,1,0.62,0.26,0.36
20260794,reactive,2,1,0.62,0.26,0.36
20260794,snapshot,0,1,0.52,0.24,0.28
20260794,snapshot,1,1,0.6000000000000001,0.32,0.28
20260794,snapshot,2,1,0.5,0.22,0.28
20260794,satcap,0,1,0.5800000000000001,0.2,0.38
20260794,satcap,1,1,0.62,0.26,0.36
20260794,satcap,2,1,0.62,0.26,0.36
20260795,no_action,0,1,0.66,0.66,0.0
20260795,no_action,1,1,0.66,0.66,0.0
20260795,no_action,2,1,0.66,0.66,0.0
20260795,reactive,0,1,0.78,0.14,0.64
20260795,reactive,1,1,0.8200000000000001,0.18,0.64
20260795,reactive,2,1,0.84,0.22,0.62
20260795,snapshot,0,1,0.8,0.16,0.64
20260795,snapshot,1,1,0.78,0.14,0.64
20260795,snapshot,2,1,0.8,0.18,0.62
20260795,satcap,0,1,0.78,0.14,0.64
20260795,satcap,1,1,0.8200000000000001,0.18,0.64
20260795,satcap,2,1,0.84,0.22,0.62
20260796,no_action,0,1,0.9,0.9,0.0
20260796,no_action,1,1,0.9,0.9,0.0
20260796,no_action,2,1,0.9,0.9,0.0
20260796,reactive,0,1,0.98,0.08,0.9
20260796,reactive,1,1,0.96,0.06,0.9
20260796,reactive,2,1,0.98,0.08,0.9
20260796,snapshot,0,1,0.98,0.02,0.96
20260796,snapshot,1,1,0.98,0.02,0.96
20260796,snapshot,2,1,1.0,0.04,0.96
20260796,satcap,0,1,0.98,0.08,0.9
20260796,satcap,1,1,0.96,0.06,0.9
20260796,satcap,2,1,0.98,0.08,0.9
20260797,no_action,0,1,0.56,0.56,0.0
20260797,no_action,1,1,0.56,0.56,0.0
20260797,no_action,2,1,0.56,0.56,0.0
20260797,reactive,0,1,0.64,0.1,0.54
20260797,reactive,1,1,0.66,0.12,0.54
20260797,reactive,2,1,0.66,0.14,0.52
20260797,snapshot,0,1,0.74,0.04,0.7
20260797,snapshot,1,1,0.78,0.1,0.68
20260797,snapshot,2,1,0.76,0.1,0.66
20260797,satcap,0,1,0.64,0.1,0.54
20260797,satcap,1,1,0.66,0.12,0.54
20260797,satcap,2,1,0.66,0.14,0.52
20260798,no_action,0,1,0.5,0.5,0.0
20260798,no_action,1,1,0.5,0.5,0.0
20260798,no_action,2,1,0.5,0.5,0.0
20260798,reactive,0,1,0.62,0.12,0.5
20260798,reactive,1,1,0.6599999999999999,0.18,0.48
20260798,reactive,2,1,0.64,0.18,0.46
20260798,snapshot,0,1,0.74,0.06,0.68
20260798,snapshot,1,1,0.76,0.06,0.7
20260798,snapshot,2,1,0.74,0.04,0.7
20260798,satcap,0,1,0.62,0.12,0.5
20260798,satcap,1,1,0.6599999999999999,0.18,0.48
20260798,satcap,2,1,0.64,0.18,0.46
20260799,no_action,0,1,0.56,0.56,0.0
20260799,no_action,1,1,0.56,0.56,0.0
20260799,no_action,2,1,0.56,0.56,0.0
20260799,reactive,0,1,0.68,0.12,0.56
20260799,reactive,1,1,0.7000000000000001,0.16,0.54
20260799,reactive,2,1,0.74,0.2,0.54
20260799,snapshot,0,1,0.9,0.46,0.44
20260799,snapshot,1,1,0.88,0.42,0.46
20260799,snapshot,2,1,0.88,0.4,0.48
20260799,satcap,0,1,0.68,0.12,0.56
20260799,satcap,1,1,0.7000000000000001,0.16,0.54
20260799,satcap,2,1,0.74,0.2,0.54
20260800,no_action,0,1,0.64,0.64,0.0
20260800,no_action,1,1,0.64,0.64,0.0
20260800,no_action,2,1,0.64,0.64,0.0
20260800,reactive,0,1,0.74,0.1,0.64
20260800,reactive,1,1,0.74,0.12,0.62
20260800,reactive,2,1,0.78,0.16,0.62
20260800,snapshot,0,1,0.7200000000000001,0.16,0.56
20260800,snapshot,1,1,0.7200000000000001,0.16,0.56
20260800,snapshot,2,1,0.76,0.18,0.58
20260800,satcap,0,1,0.74,0.1,0.64
20260800,satcap,1,1,0.74,0.12,0.62
20260800,satcap,2,1,0.78,0.16,0.62
20260801,no_action,0,1,0.42,0.42,0.0
20260801,no_action,1,1,0.42,0.42,0.0
20260801,no_action,2,1,0.42,0.42,0.0
20260801,reactive,0,1,0.52,0.08,0.44
20260801,reactive,1,1,0.5800000000000001,0.12,0.46
20260801,reactive,2,1,0.62,0.14,0.48
20260801,snapshot,0,1,0.8200000000000001,0.02,0.8
20260801,snapshot,1,1,0.8200000000000001,0.02,0.8
20260801,snapshot,2,1,0.8200000000000001,0.02,0.8
20260801,satcap,0,1,0.52,0.08,0.44
20260801,satcap,1,1,0.5800000000000001,0.12,0.46
20260801,satcap,2,1,0.62,0.14,0.48
20260802,no_action,0,1,0.8,0.8,0.0
20260802,no_action,1,1,0.8,0.8,0.0
20260802,no_action,2,1,0.8,0.8,0.0
20260802,reactive,0,1,0.92,0.12,0.8
20260802,reactive,1,1,0.96,0.14,0.82
20260802,reactive,2,1,1.0,0.16,0.84
20260802,snapshot,0,1,0.94,0.44,0.5
20260802,snapshot,1,1,0.92,0.4,0.52
20260802,snapshot,2,1,0.9199999999999999,0.42,0.5
20260802,satcap,0,1,0.92,0.12,0.8
20260802,satcap,1,1,0.96,0.14,0.82
20260802,satcap,2,1,1.0,0.16,0.84
20260803,no_action,0,1,0.58,0.58,0.0
20260803,no_action,1,1,0.58,0.58,0.0
20260803,no_action,2,1,0.58,0.58,0.0
20260803,reactive,0,1,0.72,0.14,0.58
20260803,reactive,1,1,0.7200000000000001,0.16,0.56
20260803,reactive,2,1,0.74,0.18,0.56
20260803,snapshot,0,1,0.9,0.16,0.74
20260803,snapshot,1,1,0.88,0.12,0.76
20260803,snapshot,2,1,0.84,0.08,0.76
20260803,satcap,0,1,0.7,0.1,0.6
20260803,satcap,1,1,0.72,0.14,0.58
20260803,satcap,2,1,0.78,0.2,0.58
20260804,no_action,0,1,0.74,0.74,0.0
20260804,no_action,1,1,0.74,0.74,0.0
20260804,no_action,2,1,0.74,0.74,0.0
20260804,reactive,0,1,0.94,0.2,0.74
20260804,reactive,1,1,0.9199999999999999,0.18,0.74
20260804,reactive,2,1,0.9,0.14,0.76
20260804,snapshot,0,1,0.88,0.12,0.76
20260804,snapshot,1,1,0.88,0.1,0.78
20260804,snapshot,2,1,0.92,0.14,0.78
20260804,satcap,0,1,0.94,0.2,0.74
20260804,satcap,1,1,0.9199999999999999,0.18,0.74
20260804,satcap,2,1,0.9,0.14,0.76
20260805,no_action,0,1,0.76,0.76,0.0
20260805,no_action,1,1,0.76,0.76,0.0
20260805,no_action,2,1,0.76,0.76,0.0
20260805,reactive,0,1,0.9,0.16,0.74
20260805,reactive,1,1,0.9,0.14,0.76
20260805,reactive,2,1,0.9199999999999999,0.18,0.74
20260805,snapshot,0,1,0.88,0.22,0.66
20260805,snapshot,1,1,0.9,0.26,0.64
20260805,snapshot,2,1,0.9,0.26,0.64
20260805,satcap,0,1,0.9,0.16,0.74
20260805,satcap,1,1,0.9,0.14,0.76
20260805,satcap,2,1,0.9199999999999999,0.18,0.74
20260806,no_action,0,1,0.46,0.46,0.0
20260806,no_action,1,1,0.46,0.46,0.0
20260806,no_action,2,1,0.46,0.46,0.0
20260806,reactive,0,1,0.68,0.22,0.46
20260806,reactive,1,1,0.72,0.26,0.46
20260806,reactive,2,1,0.74,0.3,0.44
20260806,snapshot,0,1,0.62,0.2,0.42
20260806,snapshot,1,1,0.64,0.22,0.42
20260806,snapshot,2,1,0.66,0.26,0.4
20260806,satcap,0,1,0.68,0.22,0.46
20260806,satcap,1,1,0.72,0.26,0.46
20260806,satcap,2,1,0.74,0.3,0.44
20260807,no_action,0,1,0.46,0.46,0.0
20260807,no_action,1,1,0.46,0.46,0.0
20260807,no_action,2,1,0.46,0.46,0.0
20260807,reactive,0,1,0.58,0.1,0.48
20260807,reactive,1,1,0.62,0.12,0.5
20260807,reactive,2,1,0.68,0.16,0.52
20260807,snapshot,0,1,0.7,0.1,0.6
20260807,snapshot,1,1,0.72,0.12,0.6
20260807,snapshot,2,1,0.8,0.18,0.62
20260807,satcap,0,1,0.58,0.1,0.48
20260807,satcap,1,1,0.62,0.12,0.5
20260807,satcap,2,1,0.68,0.16,0.52
20260808,no_action,0,1,0.54,0.54,0.0
20260808,no_action,1,1,0.54,0.54,0.0
20260808,no_action,2,1,0.54,0.54,0.0
20260808,reactive,0,1,0.66,0.12,0.54
20260808,reactive,1,1,0.68,0.14,0.54
20260808,reactive,2,1,0.74,0.2,0.54
20260808,snapshot,0,1,0.7,0.12,0.58
20260808,snapshot,1,1,0.72,0.14,0.58
20260808,snapshot,2,1,0.74,0.16,0.58
20260808,satcap,0,1,0.92,0.14,0.78
20260808,satcap,1,1,0.9,0.14,0.76
20260808,satcap,2,1,0.9,0.12,0.78
20260809,no_action,0,1,0.4,0.4,0.0
20260809,no_action,1,1,0.4,0.4,0.0
20260809,no_action,2,1,0.4,0.4,0.0
20260809,reactive,0,1,0.54,0.14,0.4
20260809,reactive,1,1,0.56,0.16,0.4
20260809,reactive,2,1,0.54,0.16,0.38
20260809,snapshot,0,1,0.6,0.12,0.48
20260809,snapshot,1,1,0.62,0.14,0.48
20260809,snapshot,2,1,0.5800000000000001,0.12,0.46
20260809,satcap,0,1,0.54,0.14,0.4
20260809,satcap,1,1,0.56,0.16,0.4
20260809,satcap,2,1,0.54,0.16,0.38
20260810,no_action,0,1,0.6,0.6,0.0
20260810,no_action,1,1,0.6,0.6,0.0
20260810,no_action,2,1,0.6,0.6,0.0
20260810,reactive,0,1,0.78,0.16,0.62
20260810,reactive,1,1,0.78,0.14,0.64
20260810,reactive,2,1,0.8,0.16,0.64
20260810,snapshot,0,1,0.72,0.14,0.58
20260810,snapshot,1,1,0.74,0.14,0.6
20260810,snapshot,2,1,0.74,0.12,0.62
20260810,satcap,0,1,0.78,0.16,0.62
20260810,satcap,1,1,0.78,0.14,0.64
20260810,satcap,2,1,0.8,0.16,0.64
20260811,no_action,0,1,0.74,0.74,0.0
20260811,no_action,1,1,0.74,0.74,0.0
20260811,no_action,2,1,0.74,0.74,0.0
20260811,reactive,0,1,0.84,0.1,0.74
20260811,reactive,1,1,0.86,0.14,0.72
20260811,reactive,2,1,0.88,0.16,0.72
20260811,snapshot,0,1,0.8200000000000001,0.14,0.68
20260811,snapshot,1,1,0.8400000000000001,0.18,0.66
20260811,snapshot,2,1,0.9,0.24,0.66
20260811,satcap,0,1,0.84,0.1,0.74
20260811,satcap,1,1,0.86,0.14,0.72
20260811,satcap,2,1,0.88,0.16,0.72
20260812,no_action,0,1,0.68,0.68,0.0
20260812,no_action,1,1,0.68,0.68,0.0
20260812,no_action,2,1,0.68,0.68,0.0
20260812,reactive,0,1,0.76,0.08,0.68
20260812,reactive,1,1,0.8200000000000001,0.16,0.66
20260812,reactive,2,1,0.88,0.22,0.66
20260812,snapshot,0,1,0.7999999999999999,0.1,0.7
20260812,snapshot,1,1,0.84,0.14,0.7
20260812,snapshot,2,1,0.8799999999999999,0.18,0.7
20260812,satcap,0,1,0.76,0.08,0.68
20260812,satcap,1,1,0.8200000000000001,0.16,0.66
20260812,satcap,2,1,0.88,0.22,0.66
20260813,no_action,0,1,0.5,0.5,0.0
20260813,no_action,1,1,0.5,0.5,0.0
20260813,no_action,2,1,0.5,0.5,0.0
20260813,reactive,0,1,0.64,0.14,0.5
20260813,reactive,1,1,0.7,0.2,0.5
20260813,reactive,2,1,0.7,0.2,0.5
20260813,snapshot,0,1,0.62,0.18,0.44
20260813,snapshot,1,1,0.66,0.22,0.44
20260813,snapshot,2,1,0.66,0.22,0.44
20260813,satcap,0,1,0.64,0.14,0.5
20260813,satcap,1,1,0.7,0.2,0.5
20260813,satcap,2,1,0.7,0.2,0.5
20260814,no_action,0,1,0.44,0.44,0.0
20260814,no_action,1,1,0.44,0.44,0.0
20260814,no_action,2,1,0.44,0.44,0.0
20260814,reactive,0,1,0.62,0.16,0.46
20260814,reactive,1,1,0.7,0.24,0.46
20260814,reactive,2,1,0.74,0.26,0.48
20260814,snapshot,0,1,0.6,0.1,0.5
20260814,snapshot,1,1,0.7,0.2,0.5
20260814,snapshot,2,1,0.74,0.22,0.52
20260814,satcap,0,1,0.62,0.16,0.46
20260814,satcap,1,1,0.7,0.24,0.46
20260814,satcap,2,1,0.74,0.26,0.48
20260815,no_action,0,1,0.78,0.78,0.0
20260815,no_action,1,1,0.78,0.78,0.0
20260815,no_action,2,1,0.78,0.78,0.0
20260815,reactive,0,1,0.88,0.12,0.76
20260815,reactive,1,1,0.96,0.22,0.74
20260815,reactive,2,1,0.96,0.24,0.72
20260815,snapshot,0,1,0.8800000000000001,0.34,0.54
20260815,snapshot,1,1,0.92,0.4,0.52
20260815,snapshot,2,1,0.86,0.36,0.5
20260815,satcap,0,1,0.88,0.12,0.76
20260815,satcap,1,1,0.96,0.22,0.74
20260815,satcap,2,1,0.96,0.24,0.72
20260816,no_action,0,1,0.62,0.62,0.0
20260816,no_action,1,1,0.62,0.62,0.0
20260816,no_action,2,1,0.62,0.62,0.0
20260816,reactive,0,1,0.82,0.22,0.6
20260816,reactive,1,1,0.86,0.28,0.58
20260816,reactive,2,1,0.8200000000000001,0.26,0.56
20260816,snapshot,0,1,0.8,0.26,0.54
20260816,snapshot,1,1,0.8,0.26,0.54
20260816,snapshot,2,1,0.8200000000000001,0.3,0.52
20260816,satcap,0,1,0.82,0.22,0.6
20260816,satcap,1,1,0.86,0.28,0.58
20260816,satcap,2,1,0.8200000000000001,0.26,0.56
20260817,no_action,0,1,0.88,0.88,0.0
20260817,no_action,1,1,0.88,0.88,0.0
20260817,no_action,2,1,0.88,0.88,0.0
20260817,reactive,0,1,0.94,0.06,0.88
20260817,reactive,1,1,0.94,0.06,0.88
20260817,reactive,2,1,0.94,0.08,0.86
20260817,snapshot,0,1,0.9400000000000001,0.78,0.16
20260817,snapshot,1,1,0.98,0.8,0.18
20260817,snapshot,2,1,0.98,0.78,0.2
20260817,satcap,0,1,0.94,0.06,0.88
20260817,satcap,1,1,0.94,0.06,0.88
20260817,satcap,2,1,0.94,0.08,0.86
20260818,no_action,0,1,0.46,0.46,0.0
20260818,no_action,1,1,0.46,0.46,0.0
20260818,no_action,2,1,0.46,0.46,0.0
20260818,reactive,0,1,0.62,0.16,0.46
20260818,reactive,1,1,0.5800000000000001,0.12,0.46
20260818,reactive,2,1,0.64,0.18,0.46
20260818,snapshot,0,1,0.8,0.12,0.68
20260818,snapshot,1,1,0.74,0.06,0.68
20260818,snapshot,2,1,0.78,0.1,0.68
20260818,satcap,0,1,0.62,0.16,0.46
20260818,satcap,1,1,0.5800000000000001,0.12,0.46
20260818,satcap,2,1,0.64,0.18,0.46
20260819,no_action,0,1,0.34,0.34,0.0
20260819,no_action,1,1,0.34,0.34,0.0
20260819,no_action,2,1,0.34,0.34,0.0
20260819,reactive,0,1,0.42000000000000004,0.08,0.34
20260819,reactive,1,1,0.42000000000000004,0.08,0.34
20260819,reactive,2,1,0.44000000000000006,0.1,0.34
20260819,snapshot,0,1,0.42,0.12,0.3
20260819,snapshot,1,1,0.42000000000000004,0.1,0.32
20260819,snapshot,2,1,0.46,0.14,0.32
20260819,satcap,0,1,0.42000000000000004,0.08,0.34
20260819,satcap,1,1,0.42000000000000004,0.08,0.34
20260819,satcap,2,1,0.44000000000000006,0.1,0.34
20260820,no_action,0,1,0.98,0.98,0.0
20260820,no_action,1,1,0.98,0.98,0.0
20260820,no_action,2,1,0.98,0.98,0.0
20260820,reactive,0,1,1.0,0.02,0.98
20260820,reactive,1,1,1.0,0.02,0.98
20260820,reactive,2,1,1.0,0.02,0.98
20260820,snapshot,0,1,1.0,0.02,0.98
20260820,snapshot,1,1,1.0,0.02,0.98
20260820,snapshot,2,1,1.0,0.02,0.98
20260820,satcap,0,1,1.0,0.02,0.98
20260820,satcap,1,1,1.0,0.02,0.98
20260820,satcap,2,1,1.0,0.02,0.98
20260821,no_action,0,1,0.58,0.58,0.0
20260821,no_action,1,1,0.58,0.58,0.0
20260821,no_action,2,1,0.58,0.58,0.0
20260821,reactive,0,1,0.76,0.18,0.58
20260821,reactive,1,1,0.78,0.18,0.6
20260821,reactive,2,1,0.8,0.18,0.62
20260821,snapshot,0,1,0.88,0.08,0.8
20260821,snapshot,1,1,0.88,0.08,0.8
20260821,snapshot,2,1,0.88,0.08,0.8
20260821,satcap,0,1,0.76,0.18,0.58
20260821,satcap,1,1,0.78,0.18,0.6
20260821,satcap,2,1,0.8,0.18,0.62
20260822,no_action,0,1,0.72,0.72,0.0
20260822,no_action,1,1,0.72,0.72,0.0
20260822,no_action,2,1,0.72,0.72,0.0
20260822,reactive,0,1,0.82,0.1,0.72
20260822,reactive,1,1,0.84,0.1,0.74
20260822,reactive,2,1,0.8200000000000001,0.06,0.76
20260822,snapshot,0,1,0.7999999999999999,0.08,0.72
20260822,snapshot,1,1,0.88,0.14,0.74
20260822,snapshot,2,1,0.88,0.12,0.76
20260822,satcap,0,1,0.82,0.1,0.72
20260822,satcap,1,1,0.84,0.1,0.74
20260822,satcap,2,1,0.8200000000000001,0.06,0.76
20260823,no_action,0,1,0.46,0.46,0.0
20260823,no_action,1,1,0.46,0.46,0.0
20260823,no_action,2,1,0.46,0.46,0.0
20260823,reactive,0,1,0.62,0.16,0.46
20260823,reactive,1,1,0.64,0.16,0.48
20260823,reactive,2,1,0.64,0.16,0.48
20260823,snapshot,0,1,0.62,0.18,0.44
20260823,snapshot,1,1,0.62,0.16,0.46
20260823,snapshot,2,1,0.68,0.22,0.46
20260823,satcap,0,1,0.76,0.26,0.5
20260823,satcap,1,1,0.8,0.28,0.52
20260823,satcap,2,1,0.72,0.2,0.52
20260824,no_action,0,1,0.64,0.64,0.0
20260824,no_action,1,1,0.64,0.64,0.0
20260824,no_action,2,1,0.64,0.64,0.0
20260824,reactive,0,1,0.78,0.14,0.64
20260824,reactive,1,1,0.78,0.16,0.62
20260824,reactive,2,1,0.8,0.2,0.6
20260824,snapshot,0,1,0.8200000000000001,0.16,0.66
20260824,snapshot,1,1,0.8200000000000001,0.18,0.64
20260824,snapshot,2,1,0.84,0.22,0.62
20260824,satcap,0,1,0.78,0.14,0.64
20260824,satcap,1,1,0.78,0.16,0.62
20260824,satcap,2,1,0.8,0.2,0.6
20260825,no_action,0,1,0.6,0.6,0.0
20260825,no_action,1,1,0.6,0.6,0.0
20260825,no_action,2,1,0.6,0.6,0.0
20260825,reactive,0,1,0.74,0.14,0.6
20260825,reactive,1,1,0.78,0.2,0.58
20260825,reactive,2,1,0.76,0.18,0.58
20260825,snapshot,0,1,0.66,0.2,0.46
20260825,snapshot,1,1,0.7,0.26,0.44
20260825,snapshot,2,1,0.72,0.28,0.44
20260825,satcap,0,1,0.74,0.14,0.6
20260825,satcap,1,1,0.78,0.2,0.58
20260825,satcap,2,1,0.76,0.18,0.58
20260826,no_action,0,1,0.68,0.68,0.0
20260826,no_action,1,1,0.68,0.68,0.0
20260826,no_action,2,1,0.68,0.68,0.0
20260826,reactive,0,1,0.8,0.12,0.68
20260826,reactive,1,1,0.8600000000000001,0.18,0.68
20260826,reactive,2,1,0.8800000000000001,0.2,0.68
20260826,snapshot,0,1,0.86,0.1,0.76
20260826,snapshot,1,1,0.92,0.14,0.78
20260826,snapshot,2,1,0.9,0.12,0.78
20260826,satcap,0,1,1.0,0.0,1.0
20260826,satcap,1,1,1.0,0.0,1.0
20260826,satcap,2,1,1.0,0.0,1.0
20260727,no_action,0,2,1.24,0.62,0.0
20260727,no_action,1,2,1.24,0.62,0.0
20260727,no_action,2,2,1.24,0.62,0.0
20260727,reactive,0,2,0.8200000000000001,0.1,0.62
20260727,reactive,1,2,0.86,0.12,0.62
20260727,reactive,2,2,0.96,0.18,0.6
20260727,snapshot,0,2,0.8999999999999999,0.1,0.7
20260727,snapshot,1,2,0.8999999999999999,0.1,0.7
20260727,snapshot,2,2,0.86,0.08,0.7
20260727,satcap,0,2,0.8200000000000001,0.1,0.62
20260727,satcap,1,2,0.86,0.12,0.62
20260727,satcap,2,2,0.96,0.18,0.6
20260728,no_action,0,2,0.64,0.32,0.0
20260728,no_action,1,2,0.64,0.32,0.0
20260728,no_action,2,2,0.64,0.32,0.0
20260728,reactive,0,2,0.5800000000000001,0.14,0.3
20260728,reactive,1,2,0.54,0.12,0.3
20260728,reactive,2,2,0.6599999999999999,0.18,0.3
20260728,snapshot,0,2,0.56,0.08,0.4
20260728,snapshot,1,2,0.56,0.08,0.4
20260728,snapshot,2,2,0.76,0.18,0.4
20260728,satcap,0,2,0.5800000000000001,0.14,0.3
20260728,satcap,1,2,0.54,0.12,0.3
20260728,satcap,2,2,0.6599999999999999,0.18,0.3
20260729,no_action,0,2,1.12,0.56,0.0
20260729,no_action,1,2,1.12,0.56,0.0
20260729,no_action,2,2,1.12,0.56,0.0
20260729,reactive,0,2,0.8200000000000001,0.14,0.54
20260729,reactive,1,2,0.92,0.18,0.56
20260729,reactive,2,2,0.98,0.2,0.58
20260729,snapshot,0,2,0.9,0.08,0.74
20260729,snapshot,1,2,0.96,0.1,0.76
20260729,snapshot,2,2,1.04,0.14,0.76
20260729,satcap,0,2,0.98,0.08,0.82
20260729,satcap,1,2,1.0,0.1,0.8
20260729,satcap,2,2,1.04,0.12,0.8
20260730,no_action,0,2,1.24,0.62,0.0
20260730,no_action,1,2,1.24,0.62,0.0
20260730,no_action,2,2,1.24,0.62,0.0
20260730,reactive,0,2,0.8200000000000001,0.1,0.62
20260730,reactive,1,2,0.98,0.18,0.62
20260730,reactive,2,2,0.98,0.18,0.62
20260730,snapshot,0,2,1.04,0.16,0.72
20260730,snapshot,1,2,1.08,0.18,0.72
20260730,snapshot,2,2,1.06,0.18,0.7
20260730,satcap,0,2,0.8200000000000001,0.1,0.62
20260730,satcap,1,2,0.98,0.18,0.62
20260730,satcap,2,2,0.98,0.18,0.62
20260731,no_action,0,2,1.08,0.54,0.0
20260731,no_action,1,2,1.08,0.54,0.0
20260731,no_action,2,2,1.08,0.54,0.0
20260731,reactive,0,2,0.74,0.1,0.54
20260731,reactive,1,2,0.8,0.14,0.52
20260731,reactive,2,2,0.88,0.18,0.52
20260731,snapshot,0,2,0.88,0.06,0.76
20260731,snapshot,1,2,0.84,0.04,0.76
20260731,snapshot,2,2,0.96,0.1,0.76
20260731,satcap,0,2,0.74,0.1,0.54
20260731,satcap,1,2,0.8,0.14,0.52
20260731,satcap,2,2,0.88,0.18,0.52
20260732,no_action,0,2,1.32,0.66,0.0
20260732,no_action,1,2,1.32,0.66,0.0
20260732,no_action,2,2,1.32,0.66,0.0
20260732,reactive,0,2,0.98,0.16,0.66
20260732,reactive,1,2,1.06,0.2,0.66
20260732,reactive,2,2,1.2200000000000002,0.28,0.66
20260732,snapshot,0,2,1.0,0.2,0.6
20260732,snapshot,1,2,1.04,0.22,0.6
20260732,snapshot,2,2,1.2,0.3,0.6
20260732,satcap,0,2,0.98,0.16,0.66
20260732,satcap,1,2,1.06,0.2,0.66
20260732,satcap,2,2,1.2200000000000002,0.28,0.66
20260733,no_action,0,2,1.36,0.68,0.0
20260733,no_action,1,2,1.36,0.68,0.0
20260733,no_action,2,2,1.36,0.68,0.0
20260733,reactive,0,2,0.8800000000000001,0.1,0.68
20260733,reactive,1,2,0.92,0.12,0.68
20260733,reactive,2,2,1.0,0.16,0.68
20260733,snapshot,0,2,0.9600000000000001,0.14,0.68
20260733,snapshot,1,2,1.0,0.16,0.68
20260733,snapshot,2,2,1.12,0.22,0.68
20260733,satcap,0,2,0.8800000000000001,0.1,0.68
20260733,satcap,1,2,0.92,0.12,0.68
20260733,satcap,2,2,1.0,0.16,0.68
20260734,no_action,0,2,1.12,0.56,0.0
20260734,no_action,1,2,1.12,0.56,0.0
20260734,no_action,2,2,1.12,0.56,0.0
20260734,reactive,0,2,0.8200000000000001,0.14,0.54
20260734,reactive,1,2,0.96,0.22,0.52
20260734,reactive,2,2,0.94,0.22,0.5
20260734,snapshot,0,2,0.9,0.06,0.78
20260734,snapshot,1,2,0.96,0.1,0.76
20260734,snapshot,2,2,0.94,0.1,0.74
20260734,satcap,0,2,0.8200000000000001,0.14,0.54
20260734,satcap,1,2,0.96,0.22,0.52
20260734,satcap,2,2,0.94,0.22,0.5
20260735,no_action,0,2,0.92,0.46,0.0
20260735,no_action,1,2,0.92,0.46,0.0
20260735,no_action,2,2,0.92,0.46,0.0
20260735,reactive,0,2,0.8,0.16,0.48
20260735,reactive,1,2,0.9199999999999999,0.22,0.48
20260735,reactive,2,2,0.96,0.24,0.48
20260735,snapshot,0,2,0.9,0.38,0.14
20260735,snapshot,1,2,0.9,0.38,0.14
20260735,snapshot,2,2,0.9600000000000001,0.4,0.16
20260735,satcap,0,2,0.96,0.42,0.12
20260735,satcap,1,2,0.9,0.38,0.14
20260735,satcap,2,2,0.86,0.36,0.14
20260736,no_action,0,2,1.72,0.86,0.0
20260736,no_action,1,2,1.72,0.86,0.0
20260736,no_action,2,2,1.72,0.86,0.0
20260736,reactive,0,2,1.0,0.06,0.88
20260736,reactive,1,2,0.98,0.04,0.9
20260736,reactive,2,2,1.06,0.08,0.9
20260736,snapshot,0,2,1.08,0.16,0.76
20260736,snapshot,1,2,0.98,0.1,0.78
20260736,snapshot,2,2,1.08,0.14,0.8
20260736,satcap,0,2,1.0,0.06,0.88
20260736,satcap,1,2,0.98,0.04,0.9
20260736,satcap,2,2,1.06,0.08,0.9
20260737,no_action,0,2,1.08,0.54,0.0
20260737,no_action,1,2,1.08,0.54,0.0
20260737,no_action,2,2,1.08,0.54,0.0
20260737,reactive,0,2,0.74,0.1,0.54
20260737,reactive,1,2,0.8400000000000001,0.16,0.52
20260737,reactive,2,2,0.88,0.18,0.52
20260737,snapshot,0,2,0.84,0.04,0.76
20260737,snapshot,1,2,0.92,0.08,0.76
20260737,snapshot,2,2,1.02,0.14,0.74
20260737,satcap,0,2,0.74,0.1,0.54
20260737,satcap,1,2,0.8400000000000001,0.16,0.52
20260737,satcap,2,2,0.88,0.18,0.52
20260738,no_action,0,2,1.28,0.64,0.0
20260738,no_action,1,2,1.28,0.64,0.0
20260738,no_action,2,2,1.28,0.64,0.0
20260738,reactive,0,2,0.94,0.16,0.62
20260738,reactive,1,2,1.04,0.22,0.6
20260738,reactive,2,2,0.96,0.18,0.6
20260738,snapshot,0,2,0.92,0.14,0.64
20260738,snapshot,1,2,1.06,0.22,0.62
20260738,snapshot,2,2,0.98,0.18,0.62
20260738,satcap,0,2,0.94,0.16,0.62
20260738,satcap,1,2,1.04,0.22,0.6
20260738,satcap,2,2,0.96,0.18,0.6
20260739,no_action,0,2,1.16,0.58,0.0
20260739,no_action,1,2,1.16,0.58,0.0
20260739,no_action,2,2,1.16,0.58,0.0
20260739,reactive,0,2,0.92,0.18,0.56
20260739,reactive,1,2,0.9400000000000001,0.2,0.54
20260739,reactive,2,2,0.9400000000000001,0.2,0.54
20260739,snapshot,0,2,0.88,0.04,0.8
20260739,snapshot,1,2,0.9,0.06,0.78
20260739,snapshot,2,2,0.9400000000000001,0.08,0.78
20260739,satcap,0,2,0.92,0.18,0.56
20260739,satcap,1,2,0.9400000000000001,0.2,0.54
20260739,satcap,2,2,0.9400000000000001,0.2,0.54
20260740,no_action,0,2,1.08,0.54,0.0
20260740,no_action,1,2,1.08,0.54,0.0
20260740,no_action,2,2,1.08,0.54,0.0
20260740,reactive,0,2,0.8400000000000001,0.16,0.52
20260740,reactive,1,2,0.8400000000000001,0.16,0.52
20260740,reactive,2,2,0.86,0.18,0.5
20260740,snapshot,0,2,0.8200000000000001,0.18,0.46
20260740,snapshot,1,2,0.8600000000000001,0.2,0.46
20260740,snapshot,2,2,0.88,0.22,0.44
20260740,satcap,0,2,0.8400000000000001,0.16,0.52
20260740,satcap,1,2,0.8400000000000001,0.16,0.52
20260740,satcap,2,2,0.86,0.18,0.5
20260741,no_action,0,2,1.04,0.52,0.0
20260741,no_action,1,2,1.04,0.52,0.0
20260741,no_action,2,2,1.04,0.52,0.0
20260741,reactive,0,2,0.8200000000000001,0.16,0.5
20260741,reactive,1,2,0.9199999999999999,0.22,0.48
20260741,reactive,2,2,0.88,0.2,0.48
20260741,snapshot,0,2,0.88,0.06,0.76
20260741,snapshot,1,2,0.92,0.08,0.76
20260741,snapshot,2,2,0.98,0.12,0.74
20260741,satcap,0,2,0.8200000000000001,0.16,0.5
20260741,satcap,1,2,0.9199999999999999,0.22,0.48
20260741,satcap,2,2,0.88,0.2,0.48
20260742,no_action,0,2,0.92,0.46,0.0
20260742,no_action,1,2,0.92,0.46,0.0
20260742,no_action,2,2,0.92,0.46,0.0
20260742,reactive,0,2,0.9199999999999999,0.22,0.48
20260742,reactive,1,2,1.0,0.26,0.48
20260742,reactive,2,2,0.94,0.22,0.5
20260742,snapshot,0,2,0.94,0.22,0.5
20260742,snapshot,1,2,0.92,0.2,0.52
20260742,snapshot,2,2,0.9400000000000001,0.2,0.54
20260742,satcap,0,2,0.9199999999999999,0.22,0.48
20260742,satcap,1,2,1.0,0.26,0.48
20260742,satcap,2,2,0.94,0.22,0.5
20260743,no_action,0,2,1.48,0.74,0.0
20260743,no_action,1,2,1.48,0.74,0.0
20260743,no_action,2,2,1.48,0.74,0.0
20260743,reactive,0,2,0.94,0.1,0.74
20260743,reactive,1,2,0.98,0.12,0.74
20260743,reactive,2,2,1.04,0.14,0.76
20260743,snapshot,0,2,1.02,0.12,0.78
20260743,snapshot,1,2,1.02,0.12,0.78
20260743,snapshot,2,2,1.1400000000000001,0.18,0.78
20260743,satcap,0,2,0.94,0.1,0.74
20260743,satcap,1,2,0.98,0.12,0.74
20260743,satcap,2,2,1.04,0.14,0.76
20260744,no_action,0,2,0.84,0.42,0.0
20260744,no_action,1,2,0.84,0.42,0.0
20260744,no_action,2,2,0.84,0.42,0.0
20260744,reactive,0,2,0.7,0.14,0.42
20260744,reactive,1,2,0.7,0.14,0.42
20260744,reactive,2,2,0.8200000000000001,0.2,0.42
20260744,snapshot,0,2,0.8200000000000001,0.16,0.5
20260744,snapshot,1,2,0.8200000000000001,0.16,0.5
20260744,snapshot,2,2,0.88,0.2,0.48
20260744,satcap,0,2,0.7,0.14,0.42
20260744,satcap,1,2,0.7,0.14,0.42
20260744,satcap,2,2,0.8200000000000001,0.2,0.42
20260745,no_action,0,2,1.44,0.72,0.0
20260745,no_action,1,2,1.44,0.72,0.0
20260745,no_action,2,2,1.44,0.72,0.0
20260745,reactive,0,2,0.82,0.06,0.7
20260745,reactive,1,2,0.8400000000000001,0.08,0.68
20260745,reactive,2,2,0.8200000000000001,0.08,0.66
20260745,snapshot,0,2,0.88,0.08,0.72
20260745,snapshot,1,2,0.9199999999999999,0.1,0.72
20260745,snapshot,2,2,0.8999999999999999,0.1,0.7
20260745,satcap,0,2,0.82,0.06,0.7
20260745,satcap,1,2,0.8400000000000001,0.08,0.68
20260745,satcap,2,2,0.8200000000000001,0.08,0.66
20260746,no_action,0,2,0.76,0.38,0.0
20260746,no_action,1,2,0.76,0.38,0.0
20260746,no_action,2,2,0.76,0.38,0.0
20260746,reactive,0,2,0.8,0.22,0.36
20260746,reactive,1,2,0.8,0.22,0.36
20260746,reactive,2,2,0.78,0.2,0.38
20260746,snapshot,0,2,0.76,0.18,0.4
20260746,snapshot,1,2,0.8400000000000001,0.22,0.4
20260746,snapshot,2,2,0.88,0.24,0.4
20260746,satcap,0,2,0.8,0.22,0.36
20260746,satcap,1,2,0.8,0.22,0.36
20260746,satcap,2,2,0.78,0.2,0.38
20260747,no_action,0,2,0.96,0.48,0.0
20260747,no_action,1,2,0.96,0.48,0.0
20260747,no_action,2,2,0.96,0.48,0.0
20260747,reactive,0,2,0.88,0.2,0.48
20260747,reactive,1,2,1.06,0.28,0.5
20260747,reactive,2,2,1.1400000000000001,0.32,0.5
20260747,snapshot,0,2,0.9,0.14,0.62
20260747,snapshot,1,2,0.9199999999999999,0.16,0.6
20260747,snapshot,2,2,1.12,0.26,0.6
20260747,satcap,0,2,0.88,0.2,0.48
20260747,satcap,1,2,1.06,0.28,0.5
20260747,satcap,2,2,1.1400000000000001,0.32,0.5
20260748,no_action,0,2,0.76,0.38,0.0
20260748,no_action,1,2,0.76,0.38,0.0
20260748,no_action,2,2,0.76,0.38,0.0
20260748,reactive,0,2,0.7,0.16,0.38
20260748,reactive,1,2,0.76,0.18,0.4
20260748,reactive,2,2,0.76,0.18,0.4
20260748,snapshot,0,2,0.8200000000000001,0.1,0.62
20260748,snapshot,1,2,0.98,0.18,0.62
20260748,snapshot,2,2,0.98,0.18,0.62
20260748,satcap,0,2,0.7,0.16,0.38
20260748,satcap,1,2,0.76,0.18,0.4
20260748,satcap,2,2,0.76,0.18,0.4
20260749,no_action,0,2,1.72,0.86,0.0
20260749,no_action,1,2,1.72,0.86,0.0
20260749,no_action,2,2,1.72,0.86,0.0
20260749,reactive,0,2,1.06,0.1,0.86
20260749,reactive,1,2,1.06,0.1,0.86
20260749,reactive,2,2,1.06,0.1,0.86
20260749,snapshot,0,2,1.08,0.18,0.72
20260749,snapshot,1,2,1.2,0.24,0.72
20260749,snapshot,2,2,1.16,0.22,0.72
20260749,satcap,0,2,1.06,0.1,0.86
20260749,satcap,1,2,1.06,0.1,0.86
20260749,satcap,2,2,1.06,0.1,0.86
20260750,no_action,0,2,1.28,0.64,0.0
20260750,no_action,1,2,1.28,0.64,0.0
20260750,no_action,2,2,1.28,0.64,0.0
20260750,reactive,0,2,0.92,0.14,0.64
20260750,reactive,1,2,1.0,0.18,0.64
20260750,reactive,2,2,1.0,0.18,0.64
20260750,snapshot,0,2,1.3399999999999999,0.58,0.18
20260750,snapshot,1,2,1.26,0.54,0.18
20260750,snapshot,2,2,1.26,0.54,0.18
20260750,satcap,0,2,0.92,0.14,0.64
20260750,satcap,1,2,1.0,0.18,0.64
20260750,satcap,2,2,1.0,0.18,0.64
20260751,no_action,0,2,1.24,0.62,0.0
20260751,no_action,1,2,1.24,0.62,0.0
20260751,no_action,2,2,1.24,0.62,0.0
20260751,reactive,0,2,1.06,0.22,0.62
20260751,reactive,1,2,0.98,0.18,0.62
20260751,reactive,2,2,1.12,0.26,0.6
20260751,snapshot,0,2,0.9400000000000001,0.2,0.54
20260751,snapshot,1,2,1.08,0.26,0.56
20260751,snapshot,2,2,1.1800000000000002,0.32,0.54
20260751,satcap,0,2,1.06,0.22,0.62
20260751,satcap,1,2,0.98,0.18,0.62
20260751,satcap,2,2,1.12,0.26,0.6
20260752,no_action,0,2,1.44,0.72,0.0
20260752,no_action,1,2,1.44,0.72,0.0
20260752,no_action,2,2,1.44,0.72,0.0
20260752,reactive,0,2,0.98,0.12,0.74
20260752,reactive,1,2,1.1400000000000001,0.2,0.74
20260752,reactive,2,2,1.1,0.18,0.74
20260752,snapshot,0,2,1.08,0.1,0.88
20260752,snapshot,1,2,1.12,0.12,0.88
20260752,snapshot,2,2,1.08,0.1,0.88
20260752,satcap,0,2,0.98,0.12,0.74
20260752,satcap,1,2,1.1400000000000001,0.2,0.74
20260752,satcap,2,2,1.1,0.18,0.74
20260753,no_action,0,2,1.44,0.72,0.0
20260753,no_action,1,2,1.44,0.72,0.0
20260753,no_action,2,2,1.44,0.72,0.0
20260753,reactive,0,2,1.0,0.14,0.72
20260753,reactive,1,2,1.04,0.16,0.72
20260753,reactive,2,2,1.06,0.18,0.7
20260753,snapshot,0,2,1.12,0.22,0.68
20260753,snapshot,1,2,1.1800000000000002,0.26,0.66
20260753,snapshot,2,2,1.02,0.18,0.66
20260753,satcap,0,2,1.0,0.14,0.72
20260753,satcap,1,2,1.04,0.16,0.72
20260753,satcap,2,2,1.06,0.18,0.7
20260754,no_action,0,2,1.8,0.9,0.0
20260754,no_action,1,2,1.8,0.9,0.0
20260754,no_action,2,2,1.8,0.9,0.0
20260754,reactive,0,2,1.02,0.06,0.9
20260754,reactive,1,2,1.06,0.08,0.9
20260754,reactive,2,2,1.1,0.1,0.9
20260754,snapshot,0,2,1.04,0.08,0.88
20260754,snapshot,1,2,1.1,0.12,0.86
20260754,snapshot,2,2,1.12,0.14,0.84
20260754,satcap,0,2,1.02,0.06,0.9
20260754,satcap,1,2,1.06,0.08,0.9
20260754,satcap,2,2,1.1,0.1,0.9
20260755,no_action,0,2,0.96,0.48,0.0
20260755,no_action,1,2,0.96,0.48,0.0
20260755,no_action,2,2,0.96,0.48,0.0
20260755,reactive,0,2,0.8200000000000001,0.18,0.46
20260755,reactive,1,2,0.76,0.16,0.44
20260755,reactive,2,2,0.8,0.18,0.44
20260755,snapshot,0,2,0.8200000000000001,0.1,0.62
20260755,snapshot,1,2,0.84,0.12,0.6
20260755,snapshot,2,2,0.84,0.12,0.6
20260755,satcap,0,2,0.8200000000000001,0.18,0.46
20260755,satcap,1,2,0.76,0.16,0.44
20260755,satcap,2,2,0.8,0.18,0.44
20260756,no_action,0,2,0.76,0.38,0.0
20260756,no_action,1,2,0.76,0.38,0.0
20260756,no_action,2,2,0.76,0.38,0.0
20260756,reactive,0,2,0.76,0.18,0.4
20260756,reactive,1,2,0.76,0.18,0.4
20260756,reactive,2,2,0.74,0.18,0.38
20260756,snapshot,0,2,0.88,0.18,0.52
20260756,snapshot,1,2,0.8200000000000001,0.14,0.54
20260756,snapshot,2,2,0.9400000000000001,0.2,0.54
20260756,satcap,0,2,0.76,0.18,0.4
20260756,satcap,1,2,0.76,0.18,0.4
20260756,satcap,2,2,0.74,0.18,0.38
20260757,no_action,0,2,0.72,0.36,0.0
20260757,no_action,1,2,0.72,0.36,0.0
20260757,no_action,2,2,0.72,0.36,0.0
20260757,reactive,0,2,0.48,0.06,0.36
20260757,reactive,1,2,0.52,0.08,0.36
20260757,reactive,2,2,0.5800000000000001,0.1,0.38
20260757,snapshot,0,2,0.52,0.06,0.4
20260757,snapshot,1,2,0.56,0.08,0.4
20260757,snapshot,2,2,0.56,0.08,0.4
20260757,satcap,0,2,0.48,0.06,0.36
20260757,satcap,1,2,0.52,0.08,0.36
20260757,satcap,2,2,0.5800000000000001,0.1,0.38
20260758,no_action,0,2,1.36,0.68,0.0
20260758,no_action,1,2,1.36,0.68,0.0
20260758,no_action,2,2,1.36,0.68,0.0
20260758,reactive,0,2,0.74,0.02,0.7
20260758,reactive,1,2,0.82,0.06,0.7
20260758,reactive,2,2,0.88,0.08,0.72
20260758,snapshot,0,2,0.9199999999999999,0.04,0.84
20260758,snapshot,1,2,0.96,0.06,0.84
20260758,snapshot,2,2,1.0,0.08,0.84
20260758,satcap,0,2,0.74,0.02,0.7
20260758,satcap,1,2,0.82,0.06,0.7
20260758,satcap,2,2,0.88,0.08,0.72
20260759,no_action,0,2,1.16,0.58,0.0
20260759,no_action,1,2,1.16,0.58,0.0
20260759,no_action,2,2,1.16,0.58,0.0
20260759,reactive,0,2,0.9600000000000001,0.2,0.56
20260759,reactive,1,2,0.9,0.18,0.54
20260759,reactive,2,2,0.96,0.22,0.52
20260759,snapshot,0,2,0.8800000000000001,0.16,0.56
20260759,snapshot,1,2,0.9400000000000001,0.2,0.54
20260759,snapshot,2,2,1.0,0.24,0.52
20260759,satcap,0,2,0.9600000000000001,0.2,0.56
20260759,satcap,1,2,0.9,0.18,0.54
20260759,satcap,2,2,0.96,0.22,0.52
20260760,no_action,0,2,1.04,0.52,0.0
20260760,no_action,1,2,1.04,0.52,0.0
20260760,no_action,2,2,1.04,0.52,0.0
20260760,reactive,0,2,0.8400000000000001,0.16,0.52
20260760,reactive,1,2,0.96,0.22,0.52
20260760,reactive,2,2,0.96,0.22,0.52
20260760,snapshot,0,2,1.02,0.12,0.78
20260760,snapshot,1,2,1.1,0.16,0.78
20260760,snapshot,2,2,0.98,0.1,0.78
20260760,satcap,0,2,0.8400000000000001,0.16,0.52
20260760,satcap,1,2,0.96,0.22,0.52
20260760,satcap,2,2,0.96,0.22,0.52
20260761,no_action,0,2,1.64,0.82,0.0
20260761,no_action,1,2,1.64,0.82,0.0
20260761,no_action,2,2,1.64,0.82,0.0
20260761,reactive,0,2,1.1,0.14,0.82
20260761,reactive,1,2,1.18,0.18,0.82
20260761,reactive,2,2,1.1,0.14,0.82
20260761,snapshot,0,2,1.4,0.44,0.52
20260761,snapshot,1,2,1.26,0.36,0.54
20260761,snapshot,2,2,1.32,0.38,0.56
20260761,satcap,0,2,1.1,0.14,0.82
20260761,satcap,1,2,1.18,0.18,0.82
20260761,satcap,2,2,1.1,0.14,0.82
20260762,no_action,0,2,1.44,0.72,0.0
20260762,no_action,1,2,1.44,0.72,0.0
20260762,no_action,2,2,1.44,0.72,0.0
20260762,reactive,0,2,0.9199999999999999,0.1,0.72
20260762,reactive,1,2,1.02,0.16,0.7
20260762,reactive,2,2,1.08,0.2,0.68
20260762,snapshot,0,2,0.92,0.02,0.88
20260762,snapshot,1,2,0.98,0.06,0.86
20260762,snapshot,2,2,1.06,0.1,0.86
20260762,satcap,0,2,0.9199999999999999,0.1,0.72
20260762,satcap,1,2,1.02,0.16,0.7
20260762,satcap,2,2,1.08,0.2,0.68
20260763,no_action,0,2,1.6,0.8,0.0
20260763,no_action,1,2,1.6,0.8,0.0
20260763,no_action,2,2,1.6,0.8,0.0
20260763,reactive,0,2,0.9600000000000001,0.08,0.8
20260763,reactive,1,2,0.98,0.08,0.82
20260763,reactive,2,2,0.96,0.06,0.84
20260763,snapshot,0,2,1.0,0.0,1.0
20260763,snapshot,1,2,1.0,0.0,1.0
20260763,snapshot,2,2,1.0,0.0,1.0
20260763,satcap,0,2,1.12,0.16,0.8
20260763,satcap,1,2,1.1600000000000001,0.18,0.8
20260763,satcap,2,2,1.12,0.16,0.8
20260764,no_action,0,2,0.68,0.34,0.0
20260764,no_action,1,2,0.68,0.34,0.0
20260764,no_action,2,2,0.68,0.34,0.0
20260764,reactive,0,2,0.74,0.2,0.34
20260764,reactive,1,2,0.7,0.18,0.34
20260764,reactive,2,2,0.8400000000000001,0.26,0.32
20260764,snapshot,0,2,0.66,0.22,0.22
20260764,snapshot,1,2,0.62,0.2,0.22
20260764,snapshot,2,2,0.76,0.28,0.2
20260764,satcap,0,2,0.74,0.2,0.34
20260764,satcap,1,2,0.7,0.18,0.34
20260764,satcap,2,2,0.8400000000000001,0.26,0.32
20260765,no_action,0,2,1.24,0.62,0.0
20260765,no_action,1,2,1.24,0.62,0.0
20260765,no_action,2,2,1.24,0.62,0.0
20260765,reactive,0,2,0.9,0.14,0.62
20260765,reactive,1,2,0.9,0.14,0.62
20260765,reactive,2,2,0.92,0.14,0.64
20260765,snapshot,0,2,0.8400000000000001,0.08,0.68
20260765,snapshot,1,2,0.8400000000000001,0.08,0.68
20260765,snapshot,2,2,0.92,0.12,0.68
20260765,satcap,0,2,0.9,0.14,0.62
20260765,satcap,1,2,0.9,0.14,0.62
20260765,satcap,2,2,0.92,0.14,0.64
20260766,no_action,0,2,1.12,0.56,0.0
20260766,no_action,1,2,1.12,0.56,0.0
20260766,no_action,2,2,1.12,0.56,0.0
20260766,reactive,0,2,0.98,0.22,0.54
20260766,reactive,1,2,1.06,0.26,0.54
20260766,reactive,2,2,1.0,0.22,0.56
20260766,snapshot,0,2,1.02,0.12,0.78
20260766,snapshot,1,2,0.92,0.08,0.76
20260766,snapshot,2,2,0.96,0.1,0.76
20260766,satcap,0,2,0.98,0.22,0.54
20260766,satcap,1,2,1.06,0.26,0.54
20260766,satcap,2,2,1.0,0.22,0.56
20260767,no_action,0,2,1.2,0.6,0.0
20260767,no_action,1,2,1.2,0.6,0.0
20260767,no_action,2,2,1.2,0.6,0.0
20260767,reactive,0,2,1.04,0.22,0.6
20260767,reactive,1,2,0.98,0.18,0.62
20260767,reactive,2,2,1.1600000000000001,0.28,0.6
20260767,snapshot,0,2,1.0,0.2,0.6
20260767,snapshot,1,2,1.04,0.22,0.6
20260767,snapshot,2,2,1.1400000000000001,0.28,0.58
20260767,satcap,0,2,1.04,0.22,0.6
20260767,satcap,1,2,0.98,0.18,0.62
20260767,satcap,2,2,1.1600000000000001,0.28,0.6
20260768,no_action,0,2,1.12,0.56,0.0
20260768,no_action,1,2,1.12,0.56,0.0
20260768,no_action,2,2,1.12,0.56,0.0
20260768,reactive,0,2,0.8,0.12,0.56
20260768,reactive,1,2,0.8400000000000001,0.14,0.56
20260768,reactive,2,2,0.8800000000000001,0.16,0.56
20260768,snapshot,0,2,1.3199999999999998,0.48,0.36
20260768,snapshot,1,2,1.24,0.44,0.36
20260768,snapshot,2,2,1.2,0.42,0.36
20260768,satcap,0,2,0.8,0.12,0.56
20260768,satcap,1,2,0.8400000000000001,0.14,0.56
20260768,satcap,2,2,0.8800000000000001,0.16,0.56
20260769,no_action,0,2,1.88,0.94,0.0
20260769,no_action,1,2,1.88,0.94,0.0
20260769,no_action,2,2,1.88,0.94,0.0
20260769,reactive,0,2,1.02,0.04,0.94
20260769,reactive,1,2,1.02,0.04,0.94
20260769,reactive,2,2,1.04,0.06,0.92
20260769,snapshot,0,2,1.06,0.1,0.86
20260769,snapshot,1,2,1.1,0.12,0.86
20260769,snapshot,2,2,1.06,0.1,0.86
20260769,satcap,0,2,1.02,0.04,0.94
20260769,satcap,1,2,1.02,0.04,0.94
20260769,satcap,2,2,1.04,0.06,0.92
20260770,no_action,0,2,1.6,0.8,0.0
20260770,no_action,1,2,1.6,0.8,0.0
20260770,no_action,2,2,1.6,0.8,0.0
20260770,reactive,0,2,0.98,0.08,0.82
20260770,reactive,1,2,1.04,0.12,0.8
20260770,reactive,2,2,1.12,0.16,0.8
20260770,snapshot,0,2,0.9600000000000001,0.08,0.8
20260770,snapshot,1,2,1.04,0.12,0.8
20260770,snapshot,2,2,1.08,0.14,0.8
20260770,satcap,0,2,0.98,0.08,0.82
20260770,satcap,1,2,1.04,0.12,0.8
20260770,satcap,2,2,1.12,0.16,0.8
20260771,no_action,0,2,1.68,0.84,0.0
20260771,no_action,1,2,1.68,0.84,0.0
20260771,no_action,2,2,1.68,0.84,0.0
20260771,reactive,0,2,1.06,0.12,0.82
20260771,reactive,1,2,1.14,0.16,0.82
20260771,reactive,2,2,1.1,0.14,0.82
20260771,snapshot,0,2,1.02,0.06,0.9
20260771,snapshot,1,2,1.06,0.08,0.9
20260771,snapshot,2,2,1.1,0.1,0.9
20260771,satcap,0,2,1.06,0.12,0.82
20260771,satcap,1,2,1.14,0.16,0.82
20260771,satcap,2,2,1.1,0.14,0.82
20260772,no_action,0,2,1.56,0.78,0.0
20260772,no_action,1,2,1.56,0.78,0.0
20260772,no_action,2,2,1.56,0.78,0.0
20260772,reactive,0,2,0.9400000000000001,0.08,0.78
20260772,reactive,1,2,1.02,0.12,0.78
20260772,reactive,2,2,1.04,0.12,0.8
20260772,snapshot,0,2,1.02,0.06,0.9
20260772,snapshot,1,2,1.02,0.06,0.9
20260772,snapshot,2,2,1.0,0.04,0.92
20260772,satcap,0,2,0.9400000000000001,0.08,0.78
20260772,satcap,1,2,1.02,0.12,0.78
20260772,satcap,2,2,1.04,0.12,0.8
20260773,no_action,0,2,1.52,0.76,0.0
20260773,no_action,1,2,1.52,0.76,0.0
20260773,no_action,2,2,1.52,0.76,0.0
20260773,reactive,0,2,0.84,0.04,0.76
20260773,reactive,1,2,0.92,0.08,0.76
20260773,reactive,2,2,1.0,0.12,0.76
20260773,snapshot,0,2,0.8400000000000001,0.02,0.8
20260773,snapshot,1,2,0.92,0.06,0.8
20260773,snapshot,2,2,1.0,0.1,0.8
20260773,satcap,0,2,0.84,0.04,0.76
20260773,satcap,1,2,0.92,0.08,0.76
20260773,satcap,2,2,1.0,0.12,0.76
20260774,no_action,0,2,1.08,0.54,0.0
20260774,no_action,1,2,1.08,0.54,0.0
20260774,no_action,2,2,1.08,0.54,0.0
20260774,reactive,0,2,0.8400000000000001,0.14,0.56
20260774,reactive,1,2,0.9600000000000001,0.2,0.56
20260774,reactive,2,2,0.9,0.18,0.54
20260774,snapshot,0,2,0.92,0.14,0.64
20260774,snapshot,1,2,0.96,0.16,0.64
20260774,snapshot,2,2,1.0,0.18,0.64
20260774,satcap,0,2,0.8400000000000001,0.14,0.56
20260774,satcap,1,2,0.9600000000000001,0.2,0.56
20260774,satcap,2,2,0.9,0.18,0.54
20260775,no_action,0,2,1.2,0.6,0.0
20260775,no_action,1,2,1.2,0.6,0.0
20260775,no_action,2,2,1.2,0.6,0.0
20260775,reactive,0,2,0.86,0.14,0.58
20260775,reactive,1,2,0.98,0.2,0.58
20260775,reactive,2,2,0.94,0.18,0.58
20260775,snapshot,0,2,0.88,0.12,0.64
20260775,snapshot,1,2,0.88,0.12,0.64
20260775,snapshot,2,2,0.8400000000000001,0.1,0.64
20260775,satcap,0,2,0.86,0.14,0.58
20260775,satcap,1,2,0.98,0.2,0.58
20260775,satcap,2,2,0.94,0.18,0.58
20260776,no_action,0,2,1.24,0.62,0.0
20260776,no_action,1,2,1.24,0.62,0.0
20260776,no_action,2,2,1.24,0.62,0.0
20260776,reactive,0,2,0.9,0.14,0.62
20260776,reactive,1,2,0.98,0.18,0.62
20260776,reactive,2,2,1.0,0.2,0.6
20260776,snapshot,0,2,0.96,0.04,0.88
20260776,snapshot,1,2,1.0,0.06,0.88
20260776,snapshot,2,2,1.08,0.1,0.88
20260776,satcap,0,2,0.9,0.14,0.62
20260776,satcap,1,2,0.98,0.18,0.62
20260776,satcap,2,2,1.0,0.2,0.6
20260777,no_action,0,2,1.28,0.64,0.0
20260777,no_action,1,2,1.28,0.64,0.0
20260777,no_action,2,2,1.28,0.64,0.0
20260777,reactive,0,2,0.9,0.14,0.62
20260777,reactive,1,2,0.9,0.14,0.62
20260777,reactive,2,2,1.0,0.18,0.64
20260777,snapshot,0,2,0.94,0.04,0.86
20260777,snapshot,1,2,0.96,0.04,0.88
20260777,snapshot,2,2,1.0,0.06,0.88
20260777,satcap,0,2,0.9,0.14,0.62
20260777,satcap,1,2,0.9,0.14,0.62
20260777,satcap,2,2,1.0,0.18,0.64
20260778,no_action,0,2,1.32,0.66,0.0
20260778,no_action,1,2,1.32,0.66,0.0
20260778,no_action,2,2,1.32,0.66,0.0
20260778,reactive,0,2,0.8200000000000001,0.08,0.66
20260778,reactive,1,2,0.9,0.12,0.66
20260778,reactive,2,2,0.9,0.12,0.66
20260778,snapshot,0,2,0.8,0.1,0.6
20260778,snapshot,1,2,0.88,0.14,0.6
20260778,snapshot,2,2,0.88,0.14,0.6
20260778,satcap,0,2,0.8200000000000001,0.08,0.66
20260778,satcap,1,2,0.9,0.12,0.66
20260778,satcap,2,2,0.9,0.12,0.66
20260779,no_action,0,2,0.6,0.3,0.0
20260779,no_action,1,2,0.6,0.3,0.0
20260779,no_action,2,2,0.6,0.3,0.0
20260779,reactive,0,2,0.54,0.12,0.3
20260779,reactive,1,2,0.6799999999999999,0.18,0.32
20260779,reactive,2,2,0.7,0.18,0.34
20260779,snapshot,0,2,1.0,0.0,1.0
20260779,snapshot,1,2,1.0,0.0,1.0
20260779,snapshot,2,2,1.0,0.0,1.0
20260779,satcap,0,2,1.0,0.0,1.0
20260779,satcap,1,2,1.0,0.0,1.0
20260779,satcap,2,2,1.0,0.0,1.0
20260780,no_action,0,2,0.64,0.32,0.0
20260780,no_action,1,2,0.64,0.32,0.0
20260780,no_action,2,2,0.64,0.32,0.0
20260780,reactive,0,2,0.74,0.22,0.3
20260780,reactive,1,2,0.7,0.2,0.3
20260780,reactive,2,2,0.78,0.24,0.3
20260780,snapshot,0,2,1.0,0.0,1.0
20260780,snapshot,1,2,1.0,0.0,1.0
20260780,snapshot,2,2,1.0,0.0,1.0
20260780,satcap,0,2,0.74,0.22,0.3
20260780,satcap,1,2,0.7,0.2,0.3
20260780,satcap,2,2,0.78,0.24,0.3
20260781,no_action,0,2,1.32,0.66,0.0
20260781,no_action,1,2,1.32,0.66,0.0
20260781,no_action,2,2,1.32,0.66,0.0
20260781,reactive,0,2,0.9400000000000001,0.14,0.66
20260781,reactive,1,2,1.0,0.16,0.68
20260781,reactive,2,2,1.14,0.22,0.7
20260781,snapshot,0,2,1.02,0.08,0.86
20260781,snapshot,1,2,1.0,0.06,0.88
20260781,snapshot,2,2,1.0,0.06,0.88
20260781,satcap,0,2,0.9400000000000001,0.14,0.66
20260781,satcap,1,2,1.0,0.16,0.68
20260781,satcap,2,2,1.14,0.22,0.7
20260782,no_action,0,2,1.12,0.56,0.0
20260782,no_action,1,2,1.12,0.56,0.0
20260782,no_action,2,2,1.12,0.56,0.0
20260782,reactive,0,2,0.8800000000000001,0.16,0.56
20260782,reactive,1,2,0.92,0.18,0.56
20260782,reactive,2,2,1.0,0.22,0.56
20260782,snapshot,0,2,0.94,0.22,0.5
20260782,snapshot,1,2,0.86,0.18,0.5
20260782,snapshot,2,2,1.0,0.24,0.52
20260782,satcap,0,2,0.8800000000000001,0.16,0.56
20260782,satcap,1,2,0.92,0.18,0.56
20260782,satcap,2,2,1.0,0.22,0.56
20260783,no_action,0,2,1.28,0.64,0.0
20260783,no_action,1,2,1.28,0.64,0.0
20260783,no_action,2,2,1.28,0.64,0.0
20260783,reactive,0,2,1.02,0.2,0.62
20260783,reactive,1,2,1.0,0.2,0.6
20260783,reactive,2,2,1.06,0.24,0.58
20260783,snapshot,0,2,1.08,0.3,0.48
20260783,snapshot,1,2,1.1400000000000001,0.34,0.46
20260783,snapshot,2,2,1.12,0.34,0.44
20260783,satcap,0,2,1.02,0.2,0.62
20260783,satcap,1,2,1.0,0.2,0.6
20260783,satcap,2,2,1.06,0.24,0.58
20260784,no_action,0,2,1.16,0.58,0.0
20260784,no_action,1,2,1.16,0.58,0.0
20260784,no_action,2,2,1.16,0.58,0.0
20260784,reactive,0,2,1.04,0.22,0.6
20260784,reactive,1,2,1.0,0.2,0.6
20260784,reactive,2,2,1.02,0.22,0.58
20260784,snapshot,0,2,1.0,0.16,0.68
20260784,snapshot,1,2,0.92,0.12,0.68
20260784,snapshot,2,2,1.0,0.16,0.68
20260784,satcap,0,2,1.04,0.22,0.6
20260784,satcap,1,2,1.0,0.2,0.6
20260784,satcap,2,2,1.02,0.22,0.58
20260785,no_action,0,2,1.24,0.62,0.0
20260785,no_action,1,2,1.24,0.62,0.0
20260785,no_action,2,2,1.24,0.62,0.0
20260785,reactive,0,2,0.88,0.12,0.64
20260785,reactive,1,2,0.92,0.14,0.64
20260785,reactive,2,2,0.98,0.16,0.66
20260785,snapshot,0,2,0.86,0.02,0.82
20260785,snapshot,1,2,0.8999999999999999,0.04,0.82
20260785,snapshot,2,2,0.98,0.08,0.82
20260785,satcap,0,2,0.88,0.12,0.64
20260785,satcap,1,2,0.92,0.14,0.64
20260785,satcap,2,2,0.98,0.16,0.66
20260786,no_action,0,2,1.28,0.64,0.0
20260786,no_action,1,2,1.28,0.64,0.0
20260786,no_action,2,2,1.28,0.64,0.0
20260786,reactive,0,2,0.98,0.18,0.62
20260786,reactive,1,2,1.0,0.2,0.6
20260786,reactive,2,2,1.04,0.22,0.6
20260786,snapshot,0,2,1.06,0.18,0.7
20260786,snapshot,1,2,1.1,0.2,0.7
20260786,snapshot,2,2,0.98,0.14,0.7
20260786,satcap,0,2,0.98,0.18,0.62
20260786,satcap,1,2,1.0,0.2,0.6
20260786,satcap,2,2,1.04,0.22,0.6
20260787,no_action,0,2,1.0,0.5,0.0
20260787,no_action,1,2,1.0,0.5,0.0
20260787,no_action,2,2,1.0,0.5,0.0
20260787,reactive,0,2,0.78,0.14,0.5
20260787,reactive,1,2,0.9,0.2,0.5
20260787,reactive,2,2,0.86,0.18,0.5
20260787,snapshot,0,2,1.02,0.22,0.58
20260787,snapshot,1,2,1.02,0.22,0.58
20260787,snapshot,2,2,1.06,0.24,0.58
20260787,satcap,0,2,0.78,0.14,0.5
20260787,satcap,1,2,0.9,0.2,0.5
20260787,satcap,2,2,0.86,0.18,0.5
20260788,no_action,0,2,0.92,0.46,0.0
20260788,no_action,1,2,0.92,0.46,0.0
20260788,no_action,2,2,0.92,0.46,0.0
20260788,reactive,0,2,0.88,0.2,0.48
20260788,reactive,1,2,0.96,0.24,0.48
20260788,reactive,2,2,1.06,0.28,0.5
20260788,snapshot,0,2,0.94,0.18,0.58
20260788,snapshot,1,2,0.82,0.12,0.58
20260788,snapshot,2,2,1.0,0.2,0.6
20260788,satcap,0,2,0.88,0.2,0.48
20260788,satcap,1,2,0.96,0.24,0.48
20260788,satcap,2,2,1.06,0.28,0.5
20260789,no_action,0,2,1.04,0.52,0.0
20260789,no_action,1,2,1.04,0.52,0.0
20260789,no_action,2,2,1.04,0.52,0.0
20260789,reactive,0,2,0.8,0.14,0.52
20260789,reactive,1,2,1.0,0.24,0.52
20260789,reactive,2,2,1.04,0.26,0.52
20260789,snapshot,0,2,0.84,0.04,0.76
20260789,snapshot,1,2,0.86,0.04,0.78
20260789,snapshot,2,2,0.9,0.06,0.78
20260789,satcap,0,2,0.8,0.14,0.52
20260789,satcap,1,2,1.0,0.24,0.52
20260789,satcap,2,2,1.04,0.26,0.52
20260790,no_action,0,2,1.52,0.76,0.0
20260790,no_action,1,2,1.52,0.76,0.0
20260790,no_action,2,2,1.52,0.76,0.0
20260790,reactive,0,2,0.86,0.06,0.74
20260790,reactive,1,2,0.9199999999999999,0.1,0.72
20260790,reactive,2,2,1.0,0.14,0.72
20260790,snapshot,0,2,0.9400000000000001,0.08,0.78
20260790,snapshot,1,2,0.92,0.08,0.76
20260790,snapshot,2,2,0.9,0.08,0.74
20260790,satcap,0,2,0.86,0.06,0.74
20260790,satcap,1,2,0.9199999999999999,0.1,0.72
20260790,satcap,2,2,1.0,0.14,0.72
20260791,no_action,0,2,1.16,0.58,0.0
20260791,no_action,1,2,1.16,0.58,0.0
20260791,no_action,2,2,1.16,0.58,0.0
20260791,reactive,0,2,0.88,0.14,0.6
20260791,reactive,1,2,0.9199999999999999,0.16,0.6
20260791,reactive,2,2,0.96,0.18,0.6
20260791,snapshot,0,2,0.8999999999999999,0.16,0.58
20260791,snapshot,1,2,0.88,0.14,0.6
20260791,snapshot,2,2,0.94,0.16,0.62
20260791,satcap,0,2,0.88,0.14,0.6
20260791,satcap,1,2,0.9199999999999999,0.16,0.6
20260791,satcap,2,2,0.96,0.18,0.6
20260792,no_action,0,2,1.04,0.52,0.0
20260792,no_action,1,2,1.04,0.52,0.0
20260792,no_action,2,2,1.04,0.52,0.0
20260792,reactive,0,2,1.02,0.26,0.5
20260792,reactive,1,2,1.02,0.26,0.5
20260792,reactive,2,2,0.98,0.24,0.5
20260792,snapshot,0,2,1.02,0.26,0.5
20260792,snapshot,1,2,0.94,0.22,0.5
20260792,snapshot,2,2,0.98,0.24,0.5
20260792,satcap,0,2,1.02,0.26,0.5
20260792,satcap,1,2,1.02,0.26,0.5
20260792,satcap,2,2,0.98,0.24,0.5
20260793,no_action,0,2,0.92,0.46,0.0
20260793,no_action,1,2,0.92,0.46,0.0
20260793,no_action,2,2,0.92,0.46,0.0
20260793,reactive,0,2,0.8200000000000001,0.18,0.46
20260793,reactive,1,2,0.88,0.2,0.48
20260793,reactive,2,2,0.94,0.24,0.46
20260793,snapshot,0,2,0.88,0.02,0.84
20260793,snapshot,1,2,0.96,0.06,0.84
20260793,snapshot,2,2,0.98,0.06,0.86
20260793,satcap,0,2,0.8200000000000001,0.18,0.46
20260793,satcap,1,2,0.88,0.2,0.48
20260793,satcap,2,2,0.94,0.24,0.46
20260794,no_action,0,2,0.8,0.4,0.0
20260794,no_action,1,2,0.8,0.4,0.0
20260794,no_action,2,2,0.8,0.4,0.0
20260794,reactive,0,2,0.78,0.2,0.38
20260794,reactive,1,2,0.88,0.26,0.36
20260794,reactive,2,2,0.88,0.26,0.36
20260794,snapshot,0,2,0.76,0.24,0.28
20260794,snapshot,1,2,0.92,0.32,0.28
20260794,snapshot,2,2,0.72,0.22,0.28
20260794,satcap,0,2,0.78,0.2,0.38
20260794,satcap,1,2,0.88,0.26,0.36
20260794,satcap,2,2,0.88,0.26,0.36
20260795,no_action,0,2,1.32,0.66,0.0
20260795,no_action,1,2,1.32,0.66,0.0
20260795,no_action,2,2,1.32,0.66,0.0
20260795,reactive,0,2,0.92,0.14,0.64
20260795,reactive,1,2,1.0,0.18,0.64
20260795,reactive,2,2,1.06,0.22,0.62
20260795,snapshot,0,2,0.96,0.16,0.64
20260795,snapshot,1,2,0.92,0.14,0.64
20260795,snapshot,2,2,0.98,0.18,0.62
20260795,satcap,0,2,0.92,0.14,0.64
20260795,satcap,1,2,1.0,0.18,0.64
20260795,satcap,2,2,1.06,0.22,0.62
20260796,no_action,0,2,1.8,0.9,0.0
20260796,no_action,1,2,1.8,0.9,0.0
20260796,no_action,2,2,1.8,0.9,0.0
20260796,reactive,0,2,1.06,0.08,0.9
20260796,reactive,1,2,1.02,0.06,0.9
20260796,reactive,2,2,1.06,0.08,0.9
20260796,snapshot,0,2,1.0,0.02,0.96
20260796,snapshot,1,2,1.0,0.02,0.96
20260796,snapshot,2,2,1.04,0.04,0.96
20260796,satcap,0,2,1.06,0.08,0.9
20260796,satcap,1,2,1.02,0.06,0.9
20260796,satcap,2,2,1.06,0.08,0.9
20260797,no_action,0,2,1.12,0.56,0.0
20260797,no_action,1,2,1.12,0.56,0.0
20260797,no_action,2,2,1.12,0.56,0.0
20260797,reactive,0,2,0.74,0.1,0.54
20260797,reactive,1,2,0.78,0.12,0.54
20260797,reactive,2,2,0.8,0.14,0.52
20260797,snapshot,0,2,0.7799999999999999,0.04,0.7
20260797,snapshot,1,2,0.8800000000000001,0.1,0.68
20260797,snapshot,2,2,0.8600000000000001,0.1,0.66
20260797,satcap,0,2,0.74,0.1,0.54
20260797,satcap,1,2,0.78,0.12,0.54
20260797,satcap,2,2,0.8,0.14,0.52
20260798,no_action,0,2,1.0,0.5,0.0
20260798,no_action,1,2,1.0,0.5,0.0
20260798,no_action,2,2,1.0,0.5,0.0
20260798,reactive,0,2,0.74,0.12,0.5
20260798,reactive,1,2,0.84,0.18,0.48
20260798,reactive,2,2,0.8200000000000001,0.18,0.46
20260798,snapshot,0,2,0.8,0.06,0.68
20260798,snapshot,1,2,0.82,0.06,0.7
20260798,snapshot,2,2,0.7799999999999999,0.04,0.7
20260798,satcap,0,2,0.74,0.12,0.5
20260798,satcap,1,2,0.84,0.18,0.48
20260798,satcap,2,2,0.8200000000000001,0.18,0.46
20260799,no_action,0,2,1.12,0.56,0.0
20260799,no_action,1,2,1.12,0.56,0.0
20260799,no_action,2,2,1.12,0.56,0.0
20260799,reactive,0,2,0.8,0.12,0.56
20260799,reactive,1,2,0.8600000000000001,0.16,0.54
20260799,reactive,2,2,0.9400000000000001,0.2,0.54
20260799,snapshot,0,2,1.36,0.46,0.44
20260799,snapshot,1,2,1.3,0.42,0.46
20260799,snapshot,2,2,1.28,0.4,0.48
20260799,satcap,0,2,0.8,0.12,0.56
20260799,satcap,1,2,0.8600000000000001,0.16,0.54
20260799,satcap,2,2,0.9400000000000001,0.2,0.54
20260800,no_action,0,2,1.28,0.64,0.0
20260800,no_action,1,2,1.28,0.64,0.0
20260800,no_action,2,2,1.28,0.64,0.0
20260800,reactive,0,2,0.8400000000000001,0.1,0.64
20260800,reactive,1,2,0.86,0.12,0.62
20260800,reactive,2,2,0.94,0.16,0.62
20260800,snapshot,0,2,0.8800000000000001,0.16,0.56
20260800,snapshot,1,2,0.8800000000000001,0.16,0.56
20260800,snapshot,2,2,0.94,0.18,0.58
20260800,satcap,0,2,0.8400000000000001,0.1,0.64
20260800,satcap,1,2,0.86,0.12,0.62
20260800,satcap,2,2,0.94,0.16,0.62
20260801,no_action,0,2,0.84,0.42,0.0
20260801,no_action,1,2,0.84,0.42,0.0
20260801,no_action,2,2,0.84,0.42,0.0
20260801,reactive,0,2,0.6,0.08,0.44
20260801,reactive,1,2,0.7,0.12,0.46
20260801,reactive,2,2,0.76,0.14,0.48
20260801,snapshot,0,2,0.8400000000000001,0.02,0.8
20260801,snapshot,1,2,0.8400000000000001,0.02,0.8
20260801,snapshot,2,2,0.8400000000000001,0.02,0.8
20260801,satcap,0,2,0.6,0.08,0.44
20260801,satcap,1,2,0.7,0.12,0.46
20260801,satcap,2,2,0.76,0.14,0.48
20260802,no_action,0,2,1.6,0.8,0.0
20260802,no_action,1,2,1.6,0.8,0.0
20260802,no_action,2,2,1.6,0.8,0.0
20260802,reactive,0,2,1.04,0.12,0.8
20260802,reactive,1,2,1.1,0.14,0.82
20260802,reactive,2,2,1.16,0.16,0.84
20260802,snapshot,0,2,1.38,0.44,0.5
20260802,snapshot,1,2,1.32,0.4,0.52
20260802,snapshot,2,2,1.3399999999999999,0.42,0.5
20260802,satcap,0,2,1.04,0.12,0.8
20260802,satcap,1,2,1.1,0.14,0.82
20260802,satcap,2,2,1.16,0.16,0.84
20260803,no_action,0,2,1.16,0.58,0.0
20260803,no_action,1,2,1.16,0.58,0.0
20260803,no_action,2,2,1.16,0.58,0.0
20260803,reactive,0,2,0.86,0.14,0.58
20260803,reactive,1,2,0.8800000000000001,0.16,0.56
20260803,reactive,2,2,0.92,0.18,0.56
20260803,snapshot,0,2,1.06,0.16,0.74
20260803,snapshot,1,2,1.0,0.12,0.76
20260803,snapshot,2,2,0.92,0.08,0.76
20260803,satcap,0,2,0.8,0.1,0.6
20260803,satcap,1,2,0.86,0.14,0.58
20260803,satcap,2,2,0.98,0.2,0.58
20260804,no_action,0,2,1.48,0.74,0.0
20260804,no_action,1,2,1.48,0.74,0.0
20260804,no_action,2,2,1.48,0.74,0.0
20260804,reactive,0,2,1.1400000000000001,0.2,0.74
20260804,reactive,1,2,1.1,0.18,0.74
20260804,reactive,2,2,1.04,0.14,0.76
20260804,snapshot,0,2,1.0,0.12,0.76
20260804,snapshot,1,2,0.98,0.1,0.78
20260804,snapshot,2,2,1.06,0.14,0.78
20260804,satcap,0,2,1.1400000000000001,0.2,0.74
20260804,satcap,1,2,1.1,0.18,0.74
20260804,satcap,2,2,1.04,0.14,0.76
20260805,no_action,0,2,1.52,0.76,0.0
20260805,no_action,1,2,1.52,0.76,0.0
20260805,no_action,2,2,1.52,0.76,0.0
20260805,reactive,0,2,1.06,0.16,0.74
20260805,reactive,1,2,1.04,0.14,0.76
20260805,reactive,2,2,1.1,0.18,0.74
20260805,snapshot,0,2,1.1,0.22,0.66
20260805,snapshot,1,2,1.1600000000000001,0.26,0.64
20260805,snapshot,2,2,1.1600000000000001,0.26,0.64
20260805,satcap,0,2,1.06,0.16,0.74
20260805,satcap,1,2,1.04,0.14,0.76
20260805,satcap,2,2,1.1,0.18,0.74
20260806,no_action,0,2,0.92,0.46,0.0
20260806,no_action,1,2,0.92,0.46,0.0
20260806,no_action,2,2,0.92,0.46,0.0
20260806,reactive,0,2,0.9,0.22,0.46
20260806,reactive,1,2,0.98,0.26,0.46
20260806,reactive,2,2,1.04,0.3,0.44
20260806,snapshot,0,2,0.8200000000000001,0.2,0.42
20260806,snapshot,1,2,0.86,0.22,0.42
20260806,snapshot,2,2,0.92,0.26,0.4
20260806,satcap,0,2,0.9,0.22,0.46
20260806,satcap,1,2,0.98,0.26,0.46
20260806,satcap,2,2,1.04,0.3,0.44
20260807,no_action,0,2,0.92,0.46,0.0
20260807,no_action,1,2,0.92,0.46,0.0
20260807,no_action,2,2,0.92,0.46,0.0
20260807,reactive,0,2,0.6799999999999999,0.1,0.48
20260807,reactive,1,2,0.74,0.12,0.5
20260807,reactive,2,2,0.8400000000000001,0.16,0.52
20260807,snapshot,0,2,0.8,0.1,0.6
20260807,snapshot,1,2,0.84,0.12,0.6
20260807,snapshot,2,2,0.98,0.18,0.62
20260807,satcap,0,2,0.6799999999999999,0.1,0.48
20260807,satcap,1,2,0.74,0.12,0.5
20260807,satcap,2,2,0.8400000000000001,0.16,0.52
20260808,no_action,0,2,1.08,0.54,0.0
20260808,no_action,1,2,1.08,0.54,0.0
20260808,no_action,2,2,1.08,0.54,0.0
20260808,reactive,0,2,0.78,0.12,0.54
20260808,reactive,1,2,0.8200000000000001,0.14,0.54
20260808,reactive,2,2,0.9400000000000001,0.2,0.54
20260808,snapshot,0,2,0.82,0.12,0.58
20260808,snapshot,1,2,0.86,0.14,0.58
20260808,snapshot,2,2,0.8999999999999999,0.16,0.58
20260808,satcap,0,2,1.06,0.14,0.78
20260808,satcap,1,2,1.04,0.14,0.76
20260808,satcap,2,2,1.02,0.12,0.78
20260809,no_action,0,2,0.8,0.4,0.0
20260809,no_action,1,2,0.8,0.4,0.0
20260809,no_action,2,2,0.8,0.4,0.0
20260809,reactive,0,2,0.68,0.14,0.4
20260809,reactive,1,2,0.72,0.16,0.4
20260809,reactive,2,2,0.7,0.16,0.38
20260809,snapshot,0,2,0.72,0.12,0.48
20260809,snapshot,1,2,0.76,0.14,0.48
20260809,snapshot,2,2,0.7,0.12,0.46
20260809,satcap,0,2,0.68,0.14,0.4
20260809,satcap,1,2,0.72,0.16,0.4
20260809,satcap,2,2,0.7,0.16,0.38
20260810,no_action,0,2,1.2,0.6,0.0
20260810,no_action,1,2,1.2,0.6,0.0
20260810,no_action,2,2,1.2,0.6,0.0
20260810,reactive,0,2,0.94,0.16,0.62
20260810,reactive,1,2,0.92,0.14,0.64
20260810,reactive,2,2,0.96,0.16,0.64
20260810,snapshot,0,2,0.86,0.14,0.58
20260810,snapshot,1,2,0.88,0.14,0.6
20260810,snapshot,2,2,0.86,0.12,0.62
20260810,satcap,0,2,0.94,0.16,0.62
20260810,satcap,1,2,0.92,0.14,0.64
20260810,satcap,2,2,0.96,0.16,0.64
20260811,no_action,0,2,1.48,0.74,0.0
20260811,no_action,1,2,1.48,0.74,0.0
20260811,no_action,2,2,1.48,0.74,0.0
20260811,reactive,0,2,0.94,0.1,0.74
20260811,reactive,1,2,1.0,0.14,0.72
20260811,reactive,2,2,1.04,0.16,0.72
20260811,snapshot,0,2,0.9600000000000001,0.14,0.68
20260811,snapshot,1,2,1.02,0.18,0.66
20260811,snapshot,2,2,1.1400000000000001,0.24,0.66
20260811,satcap,0,2,0.94,0.1,0.74
20260811,satcap,1,2,1.0,0.14,0.72
20260811,satcap,2,2,1.04,0.16,0.72
20260812,no_action,0,2,1.36,0.68,0.0
20260812,no_action,1,2,1.36,0.68,0.0
20260812,no_action,2,2,1.36,0.68,0.0
20260812,reactive,0,2,0.8400000000000001,0.08,0.68
20260812,reactive,1,2,0.98,0.16,0.66
20260812,reactive,2,2,1.1,0.22,0.66
20260812,snapshot,0,2,0.8999999999999999,0.1,0.7
20260812,snapshot,1,2,0.98,0.14,0.7
20260812,snapshot,2,2,1.06,0.18,0.7
20260812,satcap,0,2,0.8400000000000001,0.08,0.68
20260812,satcap,1,2,0.98,0.16,0.66
20260812,satcap,2,2,1.1,0.22,0.66
20260813,no_action,0,2,1.0,0.5,0.0
20260813,no_action,1,2,1.0,0.5,0.0
20260813,no_action,2,2,1.0,0.5,0.0
20260813,reactive,0,2,0.78,0.14,0.5
20260813,reactive,1,2,0.9,0.2,0.5
20260813,reactive,2,2,0.9,0.2,0.5
20260813,snapshot,0,2,0.8,0.18,0.44
20260813,snapshot,1,2,0.88,0.22,0.44
20260813,snapshot,2,2,0.88,0.22,0.44
20260813,satcap,0,2,0.78,0.14,0.5
20260813,satcap,1,2,0.9,0.2,0.5
20260813,satcap,2,2,0.9,0.2,0.5
20260814,no_action,0,2,0.88,0.44,0.0
20260814,no_action,1,2,0.88,0.44,0.0
20260814,no_action,2,2,0.88,0.44,0.0
20260814,reactive,0,2,0.78,0.16,0.46
20260814,reactive,1,2,0.94,0.24,0.46
20260814,reactive,2,2,1.0,0.26,0.48
20260814,snapshot,0,2,0.7,0.1,0.5
20260814,snapshot,1,2,0.9,0.2,0.5
20260814,snapshot,2,2,0.96,0.22,0.52
20260814,satcap,0,2,0.78,0.16,0.46
20260814,satcap,1,2,0.94,0.24,0.46
20260814,satcap,2,2,1.0,0.26,0.48
20260815,no_action,0,2,1.56,0.78,0.0
20260815,no_action,1,2,1.56,0.78,0.0
20260815,no_action,2,2,1.56,0.78,0.0
20260815,reactive,0,2,1.0,0.12,0.76
20260815,reactive,1,2,1.18,0.22,0.74
20260815,reactive,2,2,1.2,0.24,0.72
20260815,snapshot,0,2,1.2200000000000002,0.34,0.54
20260815,snapshot,1,2,1.32,0.4,0.52
20260815,snapshot,2,2,1.22,0.36,0.5
20260815,satcap,0,2,1.0,0.12,0.76
20260815,satcap,1,2,1.18,0.22,0.74
20260815,satcap,2,2,1.2,0.24,0.72
20260816,no_action,0,2,1.24,0.62,0.0
20260816,no_action,1,2,1.24,0.62,0.0
20260816,no_action,2,2,1.24,0.62,0.0
20260816,reactive,0,2,1.04,0.22,0.6
20260816,reactive,1,2,1.1400000000000001,0.28,0.58
20260816,reactive,2,2,1.08,0.26,0.56
20260816,snapshot,0,2,1.06,0.26,0.54
20260816,snapshot,1,2,1.06,0.26,0.54
20260816,snapshot,2,2,1.12,0.3,0.52
20260816,satcap,0,2,1.04,0.22,0.6
20260816,satcap,1,2,1.1400000000000001,0.28,0.58
20260816,satcap,2,2,1.08,0.26,0.56
20260817,no_action,0,2,1.76,0.88,0.0
20260817,no_action,1,2,1.76,0.88,0.0
20260817,no_action,2,2,1.76,0.88,0.0
20260817,reactive,0,2,1.0,0.06,0.88
20260817,reactive,1,2,1.0,0.06,0.88
20260817,reactive,2,2,1.02,0.08,0.86
20260817,snapshot,0,2,1.72,0.78,0.16
20260817,snapshot,1,2,1.78,0.8,0.18
20260817,snapshot,2,2,1.76,0.78,0.2
20260817,satcap,0,2,1.0,0.06,0.88
20260817,satcap,1,2,1.0,0.06,0.88
20260817,satcap,2,2,1.02,0.08,0.86
20260818,no_action,0,2,0.92,0.46,0.0
20260818,no_action,1,2,0.92,0.46,0.0
20260818,no_action,2,2,0.92,0.46,0.0
20260818,reactive,0,2,0.78,0.16,0.46
20260818,reactive,1,2,0.7,0.12,0.46
20260818,reactive,2,2,0.8200000000000001,0.18,0.46
20260818,snapshot,0,2,0.92,0.12,0.68
20260818,snapshot,1,2,0.8,0.06,0.68
20260818,snapshot,2,2,0.8800000000000001,0.1,0.68
20260818,satcap,0,2,0.78,0.16,0.46
20260818,satcap,1,2,0.7,0.12,0.46
20260818,satcap,2,2,0.8200000000000001,0.18,0.46
20260819,no_action,0,2,0.68,0.34,0.0
20260819,no_action,1,2,0.68,0.34,0.0
20260819,no_action,2,2,0.68,0.34,0.0
20260819,reactive,0,2,0.5,0.08,0.34
20260819,reactive,1,2,0.5,0.08,0.34
20260819,reactive,2,2,0.54,0.1,0.34
20260819,snapshot,0,2,0.54,0.12,0.3
20260819,snapshot,1,2,0.52,0.1,0.32
20260819,snapshot,2,2,0.6000000000000001,0.14,0.32
20260819,satcap,0,2,0.5,0.08,0.34
20260819,satcap,1,2,0.5,0.08,0.34
20260819,satcap,2,2,0.54,0.1,0.34
20260820,no_action,0,2,1.96,0.98,0.0
20260820,no_action,1,2,1.96,0.98,0.0
20260820,no_action,2,2,1.96,0.98,0.0
20260820,reactive,0,2,1.02,0.02,0.98
20260820,reactive,1,2,1.02,0.02,0.98
20260820,reactive,2,2,1.02,0.02,0.98
20260820,snapshot,0,2,1.02,0.02,0.98
20260820,snapshot,1,2,1.02,0.02,0.98
20260820,snapshot,2,2,1.02,0.02,0.98
20260820,satcap,0,2,1.02,0.02,0.98
20260820,satcap,1,2,1.02,0.02,0.98
20260820,satcap,2,2,1.02,0.02,0.98
20260821,no_action,0,2,1.16,0.58,0.0
20260821,no_action,1,2,1.16,0.58,0.0
20260821,no_action,2,2,1.16,0.58,0.0
20260821,reactive,0,2,0.94,0.18,0.58
20260821,reactive,1,2,0.96,0.18,0.6
20260821,reactive,2,2,0.98,0.18,0.62
20260821,snapshot,0,2,0.9600000000000001,0.08,0.8
20260821,snapshot,1,2,0.9600000000000001,0.08,0.8
20260821,snapshot,2,2,0.9600000000000001,0.08,0.8
20260821,satcap,0,2,0.94,0.18,0.58
20260821,satcap,1,2,0.96,0.18,0.6
20260821,satcap,2,2,0.98,0.18,0.62
20260822,no_action,0,2,1.44,0.72,0.0
20260822,no_action,1,2,1.44,0.72,0.0
20260822,no_action,2,2,1.44,0.72,0.0
20260822,reactive,0,2,0.9199999999999999,0.1,0.72
20260822,reactive,1,2,0.94,0.1,0.74
20260822,reactive,2,2,0.88,0.06,0.76
20260822,snapshot,0,2,0.88,0.08,0.72
20260822,snapshot,1,2,1.02,0.14,0.74
20260822,snapshot,2,2,1.0,0.12,0.76
20260822,satcap,0,2,0.9199999999999999,0.1,0.72
20260822,satcap,1,2,0.94,0.1,0.74
20260822,satcap,2,2,0.88,0.06,0.76
20260823,no_action,0,2,0.92,0.46,0.0
20260823,no_action,1,2,0.92,0.46,0.0
20260823,no_action,2,2,0.92,0.46,0.0
20260823,reactive,0,2,0.78,0.16,0.46
20260823,reactive,1,2,0.8,0.16,0.48
20260823,reactive,2,2,0.8,0.16,0.48
20260823,snapshot,0,2,0.8,0.18,0.44
20260823,snapshot,1,2,0.78,0.16,0.46
20260823,snapshot,2,2,0.9,0.22,0.46
20260823,satcap,0,2,1.02,0.26,0.5
20260823,satcap,1,2,1.08,0.28,0.52
20260823,satcap,2,2,0.92,0.2,0.52
20260824,no_action,0,2,1.28,0.64,0.0
20260824,no_action,1,2,1.28,0.64,0.0
20260824,no_action,2,2,1.28,0.64,0.0
20260824,reactive,0,2,0.92,0.14,0.64
20260824,reactive,1,2,0.94,0.16,0.62
20260824,reactive,2,2,1.0,0.2,0.6
20260824,snapshot,0,2,0.98,0.16,0.66
20260824,snapshot,1,2,1.0,0.18,0.64
20260824,snapshot,2,2,1.06,0.22,0.62
20260824,satcap,0,2,0.92,0.14,0.64
20260824,satcap,1,2,0.94,0.16,0.62
20260824,satcap,2,2,1.0,0.2,0.6
20260825,no_action,0,2,1.2,0.6,0.0
20260825,no_action,1,2,1.2,0.6,0.0
20260825,no_action,2,2,1.2,0.6,0.0
20260825,reactive,0,2,0.88,0.14,0.6
20260825,reactive,1,2,0.98,0.2,0.58
20260825,reactive,2,2,0.94,0.18,0.58
20260825,snapshot,0,2,0.8600000000000001,0.2,0.46
20260825,snapshot,1,2,0.96,0.26,0.44
20260825,snapshot,2,2,1.0,0.28,0.44
20260825,satcap,0,2,0.88,0.14,0.6
20260825,satcap,1,2,0.98,0.2,0.58
20260825,satcap,2,2,0.94,0.18,0.58
20260826,no_action,0,2,1.36,0.68,0.0
20260826,no_action,1,2,1.36,0.68,0.0
20260826,no_action,2,2,1.36,0.68,0.0
20260826,reactive,0,2,0.92,0.12,0.68
20260826,reactive,1,2,1.04,0.18,0.68
20260826,reactive,2,2,1.08,0.2,0.68
20260826,snapshot,0,2,0.96,0.1,0.76
20260826,snapshot,1,2,1.06,0.14,0.78
20260826,snapshot,2,2,1.02,0.12,0.78
20260826,satcap,0,2,1.0,0.0,1.0
20260826,satcap,1,2,1.0,0.0,1.0
20260826,satcap,2,2,1.0,0.0,1.0
20260727,no_action,0,5,3.1,0.62,0.0
20260727,no_action,1,5,3.1,0.62,0.0
20260727,no_action,2,5,3.1,0.62,0.0
20260727,reactive,0,5,1.12,0.1,0.62
20260727,reactive,1,5,1.22,0.12,0.62
20260727,reactive,2,5,1.5,0.18,0.6
20260727,snapshot,0,5,1.2,0.1,0.7
20260727,snapshot,1,5,1.2,0.1,0.7
20260727,snapshot,2,5,1.1,0.08,0.7
20260727,satcap,0,5,1.12,0.1,0.62
20260727,satcap,1,5,1.22,0.12,0.62
20260727,satcap,2,5,1.5,0.18,0.6
20260728,no_action,0,5,1.6,0.32,0.0
20260728,no_action,1,5,1.6,0.32,0.0
20260728,no_action,2,5,1.6,0.32,0.0
20260728,reactive,0,5,1.0,0.14,0.3
20260728,reactive,1,5,0.8999999999999999,0.12,0.3
20260728,reactive,2,5,1.2,0.18,0.3
20260728,snapshot,0,5,0.8,0.08,0.4
20260728,snapshot,1,5,0.8,0.08,0.4
20260728,snapshot,2,5,1.2999999999999998,0.18,0.4
20260728,satcap,0,5,1.0,0.14,0.3
20260728,satcap,1,5,0.8999999999999999,0.12,0.3
20260728,satcap,2,5,1.2,0.18,0.3
20260729,no_action,0,5,2.8000000000000003,0.56,0.0
20260729,no_action,1,5,2.8000000000000003,0.56,0.0
20260729,no_action,2,5,2.8000000000000003,0.56,0.0
20260729,reactive,0,5,1.2400000000000002,0.14,0.54
20260729,reactive,1,5,1.46,0.18,0.56
20260729,reactive,2,5,1.58,0.2,0.58
20260729,snapshot,0,5,1.1400000000000001,0.08,0.74
20260729,snapshot,1,5,1.26,0.1,0.76
20260729,snapshot,2,5,1.46,0.14,0.76
20260729,satcap,0,5,1.22,0.08,0.82
20260729,satcap,1,5,1.3,0.1,0.8
20260729,satcap,2,5,1.4,0.12,0.8
20260730,no_action,0,5,3.1,0.62,0.0
20260730,no_action,1,5,3.1,0.62,0.0
20260730,no_action,2,5,3.1,0.62,0.0
20260730,reactive,0,5,1.12,0.1,0.62
20260730,reactive,1,5,1.52,0.18,0.62
20260730,reactive,2,5,1.52,0.18,0.62
20260730,snapshot,0,5,1.52,0.16,0.72
20260730,snapshot,1,5,1.6199999999999999,0.18,0.72
20260730,snapshot,2,5,1.5999999999999999,0.18,0.7
20260730,satcap,0,5,1.12,0.1,0.62
20260730,satcap,1,5,1.52,0.18,0.62
20260730,satcap,2,5,1.52,0.18,0.62
20260731,no_action,0,5,2.7,0.54,0.0
20260731,no_action,1,5,2.7,0.54,0.0
20260731,no_action,2,5,2.7,0.54,0.0
20260731,reactive,0,5,1.04,0.1,0.54
20260731,reactive,1,5,1.2200000000000002,0.14,0.52
20260731,reactive,2,5,1.42,0.18,0.52
20260731,snapshot,0,5,1.06,0.06,0.76
20260731,snapshot,1,5,0.96,0.04,0.76
20260731,snapshot,2,5,1.26,0.1,0.76
20260731,satcap,0,5,1.04,0.1,0.54
20260731,satcap,1,5,1.2200000000000002,0.14,0.52
20260731,satcap,2,5,1.42,0.18,0.52
20260732,no_action,0,5,3.3000000000000003,0.66,0.0
20260732,no_action,1,5,3.3000000000000003,0.66,0.0
20260732,no_action,2,5,3.3000000000000003,0.66,0.0
20260732,reactive,0,5,1.46,0.16,0.66
20260732,reactive,1,5,1.6600000000000001,0.2,0.66
20260732,reactive,2,5,2.06,0.28,0.66
20260732,snapshot,0,5,1.6,0.2,0.6
20260732,snapshot,1,5,1.7000000000000002,0.22,0.6
20260732,snapshot,2,5,2.1,0.3,0.6
20260732,satcap,0,5,1.46,0.16,0.66
20260732,satcap,1,5,1.6600000000000001,0.2,0.66
20260732,satcap,2,5,2.06,0.28,0.66
20260733,no_action,0,5,3.4000000000000004,0.68,0.0
20260733,no_action,1,5,3.4000000000000004,0.68,0.0
20260733,no_action,2,5,3.4000000000000004,0.68,0.0
20260733,reactive,0,5,1.1800000000000002,0.1,0.68
20260733,reactive,1,5,1.28,0.12,0.68
20260733,reactive,2,5,1.48,0.16,0.68
20260733,snapshot,0,5,1.3800000000000001,0.14,0.68
20260733,snapshot,1,5,1.48,0.16,0.68
20260733,snapshot,2,5,1.7800000000000002,0.22,0.68
20260733,satcap,0,5,1.1800000000000002,0.1,0.68
20260733,satcap,1,5,1.28,0.12,0.68
20260733,satcap,2,5,1.48,0.16,0.68
20260734,no_action,0,5,2.8000000000000003,0.56,0.0
20260734,no_action,1,5,2.8000000000000003,0.56,0.0
20260734,no_action,2,5,2.8000000000000003,0.56,0.0
20260734,reactive,0,5,1.2400000000000002,0.14,0.54
20260734,reactive,1,5,1.62,0.22,0.52
20260734,reactive,2,5,1.6,0.22,0.5
20260734,snapshot,0,5,1.08,0.06,0.78
20260734,snapshot,1,5,1.26,0.1,0.76
20260734,snapshot,2,5,1.24,0.1,0.74
20260734,satcap,0,5,1.2400000000000002,0.14,0.54
20260734,satcap,1,5,1.62,0.22,0.52
20260734,satcap,2,5,1.6,0.22,0.5
20260735,no_action,0,5,2.3000000000000003,0.46,0.0
20260735,no_action,1,5,2.3000000000000003,0.46,0.0
20260735,no_action,2,5,2.3000000000000003,0.46,0.0
20260735,reactive,0,5,1.28,0.16,0.48
20260735,reactive,1,5,1.58,0.22,0.48
20260735,reactive,2,5,1.68,0.24,0.48
20260735,snapshot,0,5,2.04,0.38,0.14
20260735,snapshot,1,5,2.04,0.38,0.14
20260735,snapshot,2,5,2.16,0.4,0.16
20260735,satcap,0,5,2.22,0.42,0.12
20260735,satcap,1,5,2.04,0.38,0.14
20260735,satcap,2,5,1.94,0.36,0.14
20260736,no_action,0,5,4.3,0.86,0.0
20260736,no_action,1,5,4.3,0.86,0.0
20260736,no_action,2,5,4.3,0.86,0.0
20260736,reactive,0,5,1.18,0.06,0.88
20260736,reactive,1,5,1.1,0.04,0.9
20260736,reactive,2,5,1.3,0.08,0.9
20260736,snapshot,0,5,1.56,0.16,0.76
20260736,snapshot,1,5,1.28,0.1,0.78
20260736,snapshot,2,5,1.5,0.14,0.8
20260736,satcap,0,5,1.18,0.06,0.88
20260736,satcap,1,5,1.1,0.04,0.9
20260736,satcap,2,5,1.3,0.08,0.9
20260737,no_action,0,5,2.7,0.54,0.0
20260737,no_action,1,5,2.7,0.54,0.0
20260737,no_action,2,5,2.7,0.54,0.0
20260737,reactive,0,5,1.04,0.1,0.54
20260737,reactive,1,5,1.32,0.16,0.52
20260737,reactive,2,5,1.42,0.18,0.52
20260737,snapshot,0,5,0.96,0.04,0.76
20260737,snapshot,1,5,1.1600000000000001,0.08,0.76
20260737,snapshot,2,5,1.44,0.14,0.74
20260737,satcap,0,5,1.04,0.1,0.54
20260737,satcap,1,5,1.32,0.16,0.52
20260737,satcap,2,5,1.42,0.18,0.52
20260738,no_action,0,5,3.2,0.64,0.0
20260738,no_action,1,5,3.2,0.64,0.0
20260738,no_action,2,5,3.2,0.64,0.0
20260738,reactive,0,5,1.42,0.16,0.62
20260738,reactive,1,5,1.7000000000000002,0.22,0.6
20260738,reactive,2,5,1.5,0.18,0.6
20260738,snapshot,0,5,1.34,0.14,0.64
20260738,snapshot,1,5,1.7200000000000002,0.22,0.62
20260738,snapshot,2,5,1.52,0.18,0.62
20260738,satcap,0,5,1.42,0.16,0.62
20260738,satcap,1,5,1.7000000000000002,0.22,0.6
20260738,satcap,2,5,1.5,0.18,0.6
20260739,no_action,0,5,2.9,0.58,0.0
20260739,no_action,1,5,2.9,0.58,0.0
20260739,no_action,2,5,2.9,0.58,0.0
20260739,reactive,0,5,1.46,0.18,0.56
20260739,reactive,1,5,1.54,0.2,0.54
20260739,reactive,2,5,1.54,0.2,0.54
20260739,snapshot,0,5,1.0,0.04,0.8
20260739,snapshot,1,5,1.08,0.06,0.78
20260739,snapshot,2,5,1.1800000000000002,0.08,0.78
20260739,satcap,0,5,1.46,0.18,0.56
20260739,satcap,1,5,1.54,0.2,0.54
20260739,satcap,2,5,1.54,0.2,0.54
20260740,no_action,0,5,2.7,0.54,0.0
20260740,no_action,1,5,2.7,0.54,0.0
20260740,no_action,2,5,2.7,0.54,0.0
20260740,reactive,0,5,1.32,0.16,0.52
20260740,reactive,1,5,1.32,0.16,0.52
20260740,reactive,2,5,1.4,0.18,0.5
20260740,snapshot,0,5,1.3599999999999999,0.18,0.46
20260740,snapshot,1,5,1.46,0.2,0.46
20260740,snapshot,2,5,1.54,0.22,0.44
20260740,satcap,0,5,1.32,0.16,0.52
20260740,satcap,1,5,1.32,0.16,0.52
20260740,satcap,2,5,1.4,0.18,0.5
20260741,no_action,0,5,2.6,0.52,0.0
20260741,no_action,1,5,2.6,0.52,0.0
20260741,no_action,2,5,2.6,0.52,0.0
20260741,reactive,0,5,1.3,0.16,0.5
20260741,reactive,1,5,1.58,0.22,0.48
20260741,reactive,2,5,1.48,0.2,0.48
20260741,snapshot,0,5,1.06,0.06,0.76
20260741,snapshot,1,5,1.1600000000000001,0.08,0.76
20260741,snapshot,2,5,1.3399999999999999,0.12,0.74
20260741,satcap,0,5,1.3,0.16,0.5
20260741,satcap,1,5,1.58,0.22,0.48
20260741,satcap,2,5,1.48,0.2,0.48
20260742,no_action,0,5,2.3000000000000003,0.46,0.0
20260742,no_action,1,5,2.3000000000000003,0.46,0.0
20260742,no_action,2,5,2.3000000000000003,0.46,0.0
20260742,reactive,0,5,1.58,0.22,0.48
20260742,reactive,1,5,1.78,0.26,0.48
20260742,reactive,2,5,1.6,0.22,0.5
20260742,snapshot,0,5,1.6,0.22,0.5
20260742,snapshot,1,5,1.52,0.2,0.52
20260742,snapshot,2,5,1.54,0.2,0.54
20260742,satcap,0,5,1.58,0.22,0.48
20260742,satcap,1,5,1.78,0.26,0.48
20260742,satcap,2,5,1.6,0.22,0.5
20260743,no_action,0,5,3.7,0.74,0.0
20260743,no_action,1,5,3.7,0.74,0.0
20260743,no_action,2,5,3.7,0.74,0.0
20260743,reactive,0,5,1.24,0.1,0.74
20260743,reactive,1,5,1.3399999999999999,0.12,0.74
20260743,reactive,2,5,1.46,0.14,0.76
20260743,snapshot,0,5,1.38,0.12,0.78
20260743,snapshot,1,5,1.38,0.12,0.78
20260743,snapshot,2,5,1.68,0.18,0.78
20260743,satcap,0,5,1.24,0.1,0.74
20260743,satcap,1,5,1.3399999999999999,0.12,0.74
20260743,satcap,2,5,1.46,0.14,0.76
20260744,no_action,0,5,2.1,0.42,0.0
20260744,no_action,1,5,2.1,0.42,0.0
20260744,no_action,2,5,2.1,0.42,0.0
20260744,reactive,0,5,1.12,0.14,0.42
20260744,reactive,1,5,1.12,0.14,0.42
20260744,reactive,2,5,1.42,0.2,0.42
20260744,snapshot,0,5,1.3,0.16,0.5
20260744,snapshot,1,5,1.3,0.16,0.5
20260744,snapshot,2,5,1.48,0.2,0.48
20260744,satcap,0,5,1.12,0.14,0.42
20260744,satcap,1,5,1.12,0.14,0.42
20260744,satcap,2,5,1.42,0.2,0.42
20260745,no_action,0,5,3.5999999999999996,0.72,0.0
20260745,no_action,1,5,3.5999999999999996,0.72,0.0
20260745,no_action,2,5,3.5999999999999996,0.72,0.0
20260745,reactive,0,5,1.0,0.06,0.7
20260745,reactive,1,5,1.08,0.08,0.68
20260745,reactive,2,5,1.06,0.08,0.66
20260745,snapshot,0,5,1.12,0.08,0.72
20260745,snapshot,1,5,1.22,0.1,0.72
20260745,snapshot,2,5,1.2,0.1,0.7
20260745,satcap,0,5,1.0,0.06,0.7
20260745,satcap,1,5,1.08,0.08,0.68
20260745,satcap,2,5,1.06,0.08,0.66
20260746,no_action,0,5,1.9,0.38,0.0
20260746,no_action,1,5,1.9,0.38,0.0
20260746,no_action,2,5,1.9,0.38,0.0
20260746,reactive,0,5,1.46,0.22,0.36
20260746,reactive,1,5,1.46,0.22,0.36
20260746,reactive,2,5,1.38,0.2,0.38
20260746,snapshot,0,5,1.2999999999999998,0.18,0.4
20260746,snapshot,1,5,1.5,0.22,0.4
20260746,snapshot,2,5,1.6,0.24,0.4
20260746,satcap,0,5,1.46,0.22,0.36
20260746,satcap,1,5,1.46,0.22,0.36
20260746,satcap,2,5,1.38,0.2,0.38
20260747,no_action,0,5,2.4,0.48,0.0
20260747,no_action,1,5,2.4,0.48,0.0
20260747,no_action,2,5,2.4,0.48,0.0
20260747,reactive,0,5,1.48,0.2,0.48
20260747,reactive,1,5,1.9000000000000001,0.28,0.5
20260747,reactive,2,5,2.1,0.32,0.5
20260747,snapshot,0,5,1.32,0.14,0.62
20260747,snapshot,1,5,1.4,0.16,0.6
20260747,snapshot,2,5,1.9,0.26,0.6
20260747,satcap,0,5,1.48,0.2,0.48
20260747,satcap,1,5,1.9000000000000001,0.28,0.5
20260747,satcap,2,5,2.1,0.32,0.5
20260748,no_action,0,5,1.9,0.38,0.0
20260748,no_action,1,5,1.9,0.38,0.0
20260748,no_action,2,5,1.9,0.38,0.0
20260748,reactive,0,5,1.1800000000000002,0.16,0.38
20260748,reactive,1,5,1.2999999999999998,0.18,0.4
20260748,reactive,2,5,1.2999999999999998,0.18,0.4
20260748,snapshot,0,5,1.12,0.1,0.62
20260748,snapshot,1,5,1.52,0.18,0.62
20260748,snapshot,2,5,1.52,0.18,0.62
20260748,satcap,0,5,1.1800000000000002,0.16,0.38
20260748,satcap,1,5,1.2999999999999998,0.18,0.4
20260748,satcap,2,5,1.2999999999999998,0.18,0.4
20260749,no_action,0,5,4.3,0.86,0.0
20260749,no_action,1,5,4.3,0.86,0.0
20260749,no_action,2,5,4.3,0.86,0.0
20260749,reactive,0,5,1.3599999999999999,0.1,0.86
20260749,reactive,1,5,1.3599999999999999,0.1,0.86
20260749,reactive,2,5,1.3599999999999999,0.1,0.86
20260749,snapshot,0,5,1.6199999999999999,0.18,0.72
20260749,snapshot,1,5,1.92,0.24,0.72
20260749,snapshot,2,5,1.82,0.22,0.72
20260749,satcap,0,5,1.3599999999999999,0.1,0.86
20260749,satcap,1,5,1.3599999999999999,0.1,0.86
20260749,satcap,2,5,1.3599999999999999,0.1,0.86
20260750,no_action,0,5,3.2,0.64,0.0
20260750,no_action,1,5,3.2,0.64,0.0
20260750,no_action,2,5,3.2,0.64,0.0
20260750,reactive,0,5,1.34,0.14,0.64
20260750,reactive,1,5,1.54,0.18,0.64
20260750,reactive,2,5,1.54,0.18,0.64
20260750,snapshot,0,5,3.08,0.58,0.18
20260750,snapshot,1,5,2.8800000000000003,0.54,0.18
20260750,snapshot,2,5,2.8800000000000003,0.54,0.18
20260750,satcap,0,5,1.34,0.14,0.64
20260750,satcap,1,5,1.54,0.18,0.64
20260750,satcap,2,5,1.54,0.18,0.64
20260751,no_action,0,5,3.1,0.62,0.0
20260751,no_action,1,5,3.1,0.62,0.0
20260751,no_action,2,5,3.1,0.62,0.0
20260751,reactive,0,5,1.7200000000000002,0.22,0.62
20260751,reactive,1,5,1.52,0.18,0.62
20260751,reactive,2,5,1.9,0.26,0.6
20260751,snapshot,0,5,1.54,0.2,0.54
20260751,snapshot,1,5,1.86,0.26,0.56
20260751,snapshot,2,5,2.14,0.32,0.54
20260751,satcap,0,5,1.7200000000000002,0.22,0.62
20260751,satcap,1,5,1.52,0.18,0.62
20260751,satcap,2,5,1.9,0.26,0.6
20260752,no_action,0,5,3.5999999999999996,0.72,0.0
20260752,no_action,1,5,3.5999999999999996,0.72,0.0
20260752,no_action,2,5,3.5999999999999996,0.72,0.0
20260752,reactive,0,5,1.3399999999999999,0.12,0.74
20260752,reactive,1,5,1.74,0.2,0.74
20260752,reactive,2,5,1.64,0.18,0.74
20260752,snapshot,0,5,1.38,0.1,0.88
20260752,snapshot,1,5,1.48,0.12,0.88
20260752,snapshot,2,5,1.38,0.1,0.88
20260752,satcap,0,5,1.3399999999999999,0.12,0.74
20260752,satcap,1,5,1.74,0.2,0.74
20260752,satcap,2,5,1.64,0.18,0.74
20260753,no_action,0,5,3.5999999999999996,0.72,0.0
20260753,no_action,1,5,3.5999999999999996,0.72,0.0
20260753,no_action,2,5,3.5999999999999996,0.72,0.0
20260753,reactive,0,5,1.42,0.14,0.72
20260753,reactive,1,5,1.52,0.16,0.72
20260753,reactive,2,5,1.5999999999999999,0.18,0.7
20260753,snapshot,0,5,1.7800000000000002,0.22,0.68
20260753,snapshot,1,5,1.96,0.26,0.66
20260753,snapshot,2,5,1.56,0.18,0.66
20260753,satcap,0,5,1.42,0.14,0.72
20260753,satcap,1,5,1.52,0.16,0.72
20260753,satcap,2,5,1.5999999999999999,0.18,0.7
20260754,no_action,0,5,4.5,0.9,0.0
20260754,no_action,1,5,4.5,0.9,0.0
20260754,no_action,2,5,4.5,0.9,0.0
20260754,reactive,0,5,1.2,0.06,0.9
20260754,reactive,1,5,1.3,0.08,0.9
20260754,reactive,2,5,1.4,0.1,0.9
20260754,snapshot,0,5,1.28,0.08,0.88
20260754,snapshot,1,5,1.46,0.12,0.86
20260754,snapshot,2,5,1.54,0.14,0.84
20260754,satcap,0,5,1.2,0.06,0.9
20260754,satcap,1,5,1.3,0.08,0.9
20260754,satcap,2,5,1.4,0.1,0.9
20260755,no_action,0,5,2.4,0.48,0.0
20260755,no_action,1,5,2.4,0.48,0.0
20260755,no_action,2,5,2.4,0.48,0.0
20260755,reactive,0,5,1.3599999999999999,0.18,0.46
20260755,reactive,1,5,1.24,0.16,0.44
20260755,reactive,2,5,1.3399999999999999,0.18,0.44
20260755,snapshot,0,5,1.12,0.1,0.62
20260755,snapshot,1,5,1.2,0.12,0.6
20260755,snapshot,2,5,1.2,0.12,0.6
20260755,satcap,0,5,1.3599999999999999,0.18,0.46
20260755,satcap,1,5,1.24,0.16,0.44
20260755,satcap,2,5,1.3399999999999999,0.18,0.44
20260756,no_action,0,5,1.9,0.38,0.0
20260756,no_action,1,5,1.9,0.38,0.0
20260756,no_action,2,5,1.9,0.38,0.0
20260756,reactive,0,5,1.2999999999999998,0.18,0.4
20260756,reactive,1,5,1.2999999999999998,0.18,0.4
20260756,reactive,2,5,1.2799999999999998,0.18,0.38
20260756,snapshot,0,5,1.42,0.18,0.52
20260756,snapshot,1,5,1.2400000000000002,0.14,0.54
20260756,snapshot,2,5,1.54,0.2,0.54
20260756,satcap,0,5,1.2999999999999998,0.18,0.4
20260756,satcap,1,5,1.2999999999999998,0.18,0.4
20260756,satcap,2,5,1.2799999999999998,0.18,0.38
20260757,no_action,0,5,1.7999999999999998,0.36,0.0
20260757,no_action,1,5,1.7999999999999998,0.36,0.0
20260757,no_action,2,5,1.7999999999999998,0.36,0.0
20260757,reactive,0,5,0.6599999999999999,0.06,0.36
20260757,reactive,1,5,0.76,0.08,0.36
20260757,reactive,2,5,0.88,0.1,0.38
20260757,snapshot,0,5,0.7,0.06,0.4
20260757,snapshot,1,5,0.8,0.08,0.4
20260757,snapshot,2,5,0.8,0.08,0.4
20260757,satcap,0,5,0.6599999999999999,0.06,0.36
20260757,satcap,1,5,0.76,0.08,0.36
20260757,satcap,2,5,0.88,0.1,0.38
20260758,no_action,0,5,3.4000000000000004,0.68,0.0
20260758,no_action,1,5,3.4000000000000004,0.68,0.0
20260758,no_action,2,5,3.4000000000000004,0.68,0.0
20260758,reactive,0,5,0.7999999999999999,0.02,0.7
20260758,reactive,1,5,1.0,0.06,0.7
20260758,reactive,2,5,1.12,0.08,0.72
20260758,snapshot,0,5,1.04,0.04,0.84
20260758,snapshot,1,5,1.14,0.06,0.84
20260758,snapshot,2,5,1.24,0.08,0.84
20260758,satcap,0,5,0.7999999999999999,0.02,0.7
20260758,satcap,1,5,1.0,0.06,0.7
20260758,satcap,2,5,1.12,0.08,0.72
20260759,no_action,0,5,2.9,0.58,0.0
20260759,no_action,1,5,2.9,0.58,0.0
20260759,no_action,2,5,2.9,0.58,0.0
20260759,reactive,0,5,1.56,0.2,0.56
20260759,reactive,1,5,1.44,0.18,0.54
20260759,reactive,2,5,1.62,0.22,0.52
20260759,snapshot,0,5,1.36,0.16,0.56
20260759,snapshot,1,5,1.54,0.2,0.54
20260759,snapshot,2,5,1.72,0.24,0.52
20260759,satcap,0,5,1.56,0.2,0.56
20260759,satcap,1,5,1.44,0.18,0.54
20260759,satcap,2,5,1.62,0.22,0.52
20260760,no_action,0,5,2.6,0.52,0.0
20260760,no_action,1,5,2.6,0.52,0.0
20260760,no_action,2,5,2.6,0.52,0.0
20260760,reactive,0,5,1.32,0.16,0.52
20260760,reactive,1,5,1.62,0.22,0.52
20260760,reactive,2,5,1.62,0.22,0.52
20260760,snapshot,0,5,1.38,0.12,0.78
20260760,snapshot,1,5,1.58,0.16,0.78
20260760,snapshot,2,5,1.28,0.1,0.78
20260760,satcap,0,5,1.32,0.16,0.52
20260760,satcap,1,5,1.62,0.22,0.52
20260760,satcap,2,5,1.62,0.22,0.52
20260761,no_action,0,5,4.1,0.82,0.0
20260761,no_action,1,5,4.1,0.82,0.0
20260761,no_action,2,5,4.1,0.82,0.0
20260761,reactive,0,5,1.52,0.14,0.82
20260761,reactive,1,5,1.7199999999999998,0.18,0.82
20260761,reactive,2,5,1.52,0.14,0.82
20260761,snapshot,0,5,2.72,0.44,0.52
20260761,snapshot,1,5,2.34,0.36,0.54
20260761,snapshot,2,5,2.46,0.38,0.56
20260761,satcap,0,5,1.52,0.14,0.82
20260761,satcap,1,5,1.7199999999999998,0.18,0.82
20260761,satcap,2,5,1.52,0.14,0.82
20260762,no_action,0,5,3.5999999999999996,0.72,0.0
20260762,no_action,1,5,3.5999999999999996,0.72,0.0
20260762,no_action,2,5,3.5999999999999996,0.72,0.0
20260762,reactive,0,5,1.22,0.1,0.72
20260762,reactive,1,5,1.5,0.16,0.7
20260762,reactive,2,5,1.6800000000000002,0.2,0.68
20260762,snapshot,0,5,0.98,0.02,0.88
20260762,snapshot,1,5,1.16,0.06,0.86
20260762,snapshot,2,5,1.3599999999999999,0.1,0.86
20260762,satcap,0,5,1.22,0.1,0.72
20260762,satcap,1,5,1.5,0.16,0.7
20260762,satcap,2,5,1.6800000000000002,0.2,0.68
20260763,no_action,0,5,4.0,0.8,0.0
20260763,no_action,1,5,4.0,0.8,0.0
20260763,no_action,2,5,4.0,0.8,0.0
20260763,reactive,0,5,1.2000000000000002,0.08,0.8
20260763,reactive,1,5,1.22,0.08,0.82
20260763,reactive,2,5,1.14,0.06,0.84
20260763,snapshot,0,5,1.0,0.0,1.0
20260763,snapshot,1,5,1.0,0.0,1.0
20260763,snapshot,2,5,1.0,0.0,1.0
20260763,satcap,0,5,1.6,0.16,0.8
20260763,satcap,1,5,1.7,0.18,0.8
20260763,satcap,2,5,1.6,0.16,0.8
20260764,no_action,0,5,1.7000000000000002,0.34,0.0
20260764,no_action,1,5,1.7000000000000002,0.34,0.0
20260764,no_action,2,5,1.7000000000000002,0.34,0.0
20260764,reactive,0,5,1.34,0.2,0.34
20260764,reactive,1,5,1.24,0.18,0.34
20260764,reactive,2,5,1.62,0.26,0.32
20260764,snapshot,0,5,1.32,0.22,0.22
20260764,snapshot,1,5,1.22,0.2,0.22
20260764,snapshot,2,5,1.6,0.28,0.2
20260764,satcap,0,5,1.34,0.2,0.34
20260764,satcap,1,5,1.24,0.18,0.34
20260764,satcap,2,5,1.62,0.26,0.32
20260765,no_action,0,5,3.1,0.62,0.0
20260765,no_action,1,5,3.1,0.62,0.0
20260765,no_action,2,5,3.1,0.62,0.0
20260765,reactive,0,5,1.32,0.14,0.62
20260765,reactive,1,5,1.32,0.14,0.62
20260765,reactive,2,5,1.34,0.14,0.64
20260765,snapshot,0,5,1.08,0.08,0.68
20260765,snapshot,1,5,1.08,0.08,0.68
20260765,snapshot,2,5,1.28,0.12,0.68
20260765,satcap,0,5,1.32,0.14,0.62
20260765,satcap,1,5,1.32,0.14,0.62
20260765,satcap,2,5,1.34,0.14,0.64
20260766,no_action,0,5,2.8000000000000003,0.56,0.0
20260766,no_action,1,5,2.8000000000000003,0.56,0.0
20260766,no_action,2,5,2.8000000000000003,0.56,0.0
20260766,reactive,0,5,1.6400000000000001,0.22,0.54
20260766,reactive,1,5,1.84,0.26,0.54
20260766,reactive,2,5,1.6600000000000001,0.22,0.56
20260766,snapshot,0,5,1.38,0.12,0.78
20260766,snapshot,1,5,1.1600000000000001,0.08,0.76
20260766,snapshot,2,5,1.26,0.1,0.76
20260766,satcap,0,5,1.6400000000000001,0.22,0.54
20260766,satcap,1,5,1.84,0.26,0.54
20260766,satcap,2,5,1.6600000000000001,0.22,0.56
20260767,no_action,0,5,3.0,0.6,0.0
20260767,no_action,1,5,3.0,0.6,0.0
20260767,no_action,2,5,3.0,0.6,0.0
20260767,reactive,0,5,1.7000000000000002,0.22,0.6
20260767,reactive,1,5,1.52,0.18,0.62
20260767,reactive,2,5,2.0,0.28,0.6
20260767,snapshot,0,5,1.6,0.2,0.6
20260767,snapshot,1,5,1.7000000000000002,0.22,0.6
20260767,snapshot,2,5,1.98,0.28,0.58
20260767,satcap,0,5,1.7000000000000002,0.22,0.6
20260767,satcap,1,5,1.52,0.18,0.62
20260767,satcap,2,5,2.0,0.28,0.6
20260768,no_action,0,5,2.8000000000000003,0.56,0.0
20260768,no_action,1,5,2.8000000000000003,0.56,0.0
20260768,no_action,2,5,2.8000000000000003,0.56,0.0
20260768,reactive,0,5,1.1600000000000001,0.12,0.56
20260768,reactive,1,5,1.2600000000000002,0.14,0.56
20260768,reactive,2,5,1.36,0.16,0.56
20260768,snapshot,0,5,2.76,0.48,0.36
20260768,snapshot,1,5,2.56,0.44,0.36
20260768,snapshot,2,5,2.46,0.42,0.36
20260768,satcap,0,5,1.1600000000000001,0.12,0.56
20260768,satcap,1,5,1.2600000000000002,0.14,0.56
20260768,satcap,2,5,1.36,0.16,0.56
20260769,no_action,0,5,4.699999999999999,0.94,0.0
20260769,no_action,1,5,4.699999999999999,0.94,0.0
20260769,no_action,2,5,4.699999999999999,0.94,0.0
20260769,reactive,0,5,1.14,0.04,0.94
20260769,reactive,1,5,1.14,0.04,0.94
20260769,reactive,2,5,1.22,0.06,0.92
20260769,snapshot,0,5,1.3599999999999999,0.1,0.86
20260769,snapshot,1,5,1.46,0.12,0.86
20260769,snapshot,2,5,1.3599999999999999,0.1,0.86
20260769,satcap,0,5,1.14,0.04,0.94
20260769,satcap,1,5,1.14,0.04,0.94
20260769,satcap,2,5,1.22,0.06,0.92
20260770,no_action,0,5,4.0,0.8,0.0
20260770,no_action,1,5,4.0,0.8,0.0
20260770,no_action,2,5,4.0,0.8,0.0
20260770,reactive,0,5,1.22,0.08,0.82
20260770,reactive,1,5,1.4,0.12,0.8
20260770,reactive,2,5,1.6,0.16,0.8
20260770,snapshot,0,5,1.2000000000000002,0.08,0.8
20260770,snapshot,1,5,1.4,0.12,0.8
20260770,snapshot,2,5,1.5,0.14,0.8
20260770,satcap,0,5,1.22,0.08,0.82
20260770,satcap,1,5,1.4,0.12,0.8
20260770,satcap,2,5,1.6,0.16,0.8
20260771,no_action,0,5,4.2,0.84,0.0
20260771,no_action,1,5,4.2,0.84,0.0
20260771,no_action,2,5,4.2,0.84,0.0
20260771,reactive,0,5,1.42,0.12,0.82
20260771,reactive,1,5,1.62,0.16,0.82
20260771,reactive,2,5,1.52,0.14,0.82
20260771,snapshot,0,5,1.2,0.06,0.9
20260771,snapshot,1,5,1.3,0.08,0.9
20260771,snapshot,2,5,1.4,0.1,0.9
20260771,satcap,0,5,1.42,0.12,0.82
20260771,satcap,1,5,1.62,0.16,0.82
20260771,satcap,2,5,1.52,0.14,0.82
20260772,no_action,0,5,3.9000000000000004,0.78,0.0
20260772,no_action,1,5,3.9000000000000004,0.78,0.0
20260772,no_action,2,5,3.9000000000000004,0.78,0.0
20260772,reactive,0,5,1.1800000000000002,0.08,0.78
20260772,reactive,1,5,1.38,0.12,0.78
20260772,reactive,2,5,1.4,0.12,0.8
20260772,snapshot,0,5,1.2,0.06,0.9
20260772,snapshot,1,5,1.2,0.06,0.9
20260772,snapshot,2,5,1.12,0.04,0.92
20260772,satcap,0,5,1.1800000000000002,0.08,0.78
20260772,satcap,1,5,1.38,0.12,0.78
20260772,satcap,2,5,1.4,0.12,0.8
20260773,no_action,0,5,3.8,0.76,0.0
20260773,no_action,1,5,3.8,0.76,0.0
20260773,no_action,2,5,3.8,0.76,0.0
20260773,reactive,0,5,0.96,0.04,0.76
20260773,reactive,1,5,1.1600000000000001,0.08,0.76
20260773,reactive,2,5,1.3599999999999999,0.12,0.76
20260773,snapshot,0,5,0.9,0.02,0.8
20260773,snapshot,1,5,1.1,0.06,0.8
20260773,snapshot,2,5,1.3,0.1,0.8
20260773,satcap,0,5,0.96,0.04,0.76
20260773,satcap,1,5,1.1600000000000001,0.08,0.76
20260773,satcap,2,5,1.3599999999999999,0.12,0.76
20260774,no_action,0,5,2.7,0.54,0.0
20260774,no_action,1,5,2.7,0.54,0.0
20260774,no_action,2,5,2.7,0.54,0.0
20260774,reactive,0,5,1.2600000000000002,0.14,0.56
20260774,reactive,1,5,1.56,0.2,0.56
20260774,reactive,2,5,1.44,0.18,0.54
20260774,snapshot,0,5,1.34,0.14,0.64
20260774,snapshot,1,5,1.44,0.16,0.64
20260774,snapshot,2,5,1.54,0.18,0.64
20260774,satcap,0,5,1.2600000000000002,0.14,0.56
20260774,satcap,1,5,1.56,0.2,0.56
20260774,satcap,2,5,1.44,0.18,0.54
20260775,no_action,0,5,3.0,0.6,0.0
20260775,no_action,1,5,3.0,0.6,0.0
20260775,no_action,2,5,3.0,0.6,0.0
20260775,reactive,0,5,1.28,0.14,0.58
20260775,reactive,1,5,1.58,0.2,0.58
20260775,reactive,2,5,1.48,0.18,0.58
20260775,snapshot,0,5,1.24,0.12,0.64
20260775,snapshot,1,5,1.24,0.12,0.64
20260775,snapshot,2,5,1.1400000000000001,0.1,0.64
20260775,satcap,0,5,1.28,0.14,0.58
20260775,satcap,1,5,1.58,0.2,0.58
20260775,satcap,2,5,1.48,0.18,0.58
20260776,no_action,0,5,3.1,0.62,0.0
20260776,no_action,1,5,3.1,0.62,0.0
20260776,no_action,2,5,3.1,0.62,0.0
20260776,reactive,0,5,1.32,0.14,0.62
20260776,reactive,1,5,1.52,0.18,0.62
20260776,reactive,2,5,1.6,0.2,0.6
20260776,snapshot,0,5,1.08,0.04,0.88
20260776,snapshot,1,5,1.18,0.06,0.88
20260776,snapshot,2,5,1.38,0.1,0.88
20260776,satcap,0,5,1.32,0.14,0.62
20260776,satcap,1,5,1.52,0.18,0.62
20260776,satcap,2,5,1.6,0.2,0.6
20260777,no_action,0,5,3.2,0.64,0.0
20260777,no_action,1,5,3.2,0.64,0.0
20260777,no_action,2,5,3.2,0.64,0.0
20260777,reactive,0,5,1.32,0.14,0.62
20260777,reactive,1,5,1.32,0.14,0.62
20260777,reactive,2,5,1.54,0.18,0.64
20260777,snapshot,0,5,1.06,0.04,0.86
20260777,snapshot,1,5,1.08,0.04,0.88
20260777,snapshot,2,5,1.18,0.06,0.88
20260777,satcap,0,5,1.32,0.14,0.62
20260777,satcap,1,5,1.32,0.14,0.62
20260777,satcap,2,5,1.54,0.18,0.64
20260778,no_action,0,5,3.3000000000000003,0.66,0.0
20260778,no_action,1,5,3.3000000000000003,0.66,0.0
20260778,no_action,2,5,3.3000000000000003,0.66,0.0
20260778,reactive,0,5,1.06,0.08,0.66
20260778,reactive,1,5,1.26,0.12,0.66
20260778,reactive,2,5,1.26,0.12,0.66
20260778,snapshot,0,5,1.1,0.1,0.6
20260778,snapshot,1,5,1.3,0.14,0.6
20260778,snapshot,2,5,1.3,0.14,0.6
20260778,satcap,0,5,1.06,0.08,0.66
20260778,satcap,1,5,1.26,0.12,0.66
20260778,satcap,2,5,1.26,0.12,0.66
20260779,no_action,0,5,1.5,0.3,0.0
20260779,no_action,1,5,1.5,0.3,0.0
20260779,no_action,2,5,1.5,0.3,0.0
20260779,reactive,0,5,0.8999999999999999,0.12,0.3
20260779,reactive,1,5,1.22,0.18,0.32
20260779,reactive,2,5,1.24,0.18,0.34
20260779,snapshot,0,5,1.0,0.0,1.0
20260779,snapshot,1,5,1.0,0.0,1.0
20260779,snapshot,2,5,1.0,0.0,1.0
20260779,satcap,0,5,1.0,0.0,1.0
20260779,satcap,1,5,1.0,0.0,1.0
20260779,satcap,2,5,1.0,0.0,1.0
20260780,no_action,0,5,1.6,0.32,0.0
20260780,no_action,1,5,1.6,0.32,0.0
20260780,no_action,2,5,1.6,0.32,0.0
20260780,reactive,0,5,1.4000000000000001,0.22,0.3
20260780,reactive,1,5,1.3,0.2,0.3
20260780,reactive,2,5,1.5,0.24,0.3
20260780,snapshot,0,5,1.0,0.0,1.0
20260780,snapshot,1,5,1.0,0.0,1.0
20260780,snapshot,2,5,1.0,0.0,1.0
20260780,satcap,0,5,1.4000000000000001,0.22,0.3
20260780,satcap,1,5,1.3,0.2,0.3
20260780,satcap,2,5,1.5,0.24,0.3
20260781,no_action,0,5,3.3000000000000003,0.66,0.0
20260781,no_action,1,5,3.3000000000000003,0.66,0.0
20260781,no_action,2,5,3.3000000000000003,0.66,0.0
20260781,reactive,0,5,1.36,0.14,0.66
20260781,reactive,1,5,1.48,0.16,0.68
20260781,reactive,2,5,1.8,0.22,0.7
20260781,snapshot,0,5,1.26,0.08,0.86
20260781,snapshot,1,5,1.18,0.06,0.88
20260781,snapshot,2,5,1.18,0.06,0.88
20260781,satcap,0,5,1.36,0.14,0.66
20260781,satcap,1,5,1.48,0.16,0.68
20260781,satcap,2,5,1.8,0.22,0.7
20260782,no_action,0,5,2.8000000000000003,0.56,0.0
20260782,no_action,1,5,2.8000000000000003,0.56,0.0
20260782,no_action,2,5,2.8000000000000003,0.56,0.0
20260782,reactive,0,5,1.36,0.16,0.56
20260782,reactive,1,5,1.46,0.18,0.56
20260782,reactive,2,5,1.6600000000000001,0.22,0.56
20260782,snapshot,0,5,1.6,0.22,0.5
20260782,snapshot,1,5,1.4,0.18,0.5
20260782,snapshot,2,5,1.72,0.24,0.52
20260782,satcap,0,5,1.36,0.16,0.56
20260782,satcap,1,5,1.46,0.18,0.56
20260782,satcap,2,5,1.6600000000000001,0.22,0.56
20260783,no_action,0,5,3.2,0.64,0.0
20260783,no_action,1,5,3.2,0.64,0.0
20260783,no_action,2,5,3.2,0.64,0.0
20260783,reactive,0,5,1.62,0.2,0.62
20260783,reactive,1,5,1.6,0.2,0.6
20260783,reactive,2,5,1.7799999999999998,0.24,0.58
20260783,snapshot,0,5,1.98,0.3,0.48
20260783,snapshot,1,5,2.16,0.34,0.46
20260783,snapshot,2,5,2.14,0.34,0.44
20260783,satcap,0,5,1.62,0.2,0.62
20260783,satcap,1,5,1.6,0.2,0.6
20260783,satcap,2,5,1.7799999999999998,0.24,0.58
20260784,no_action,0,5,2.9,0.58,0.0
20260784,no_action,1,5,2.9,0.58,0.0
20260784,no_action,2,5,2.9,0.58,0.0
20260784,reactive,0,5,1.7000000000000002,0.22,0.6
20260784,reactive,1,5,1.6,0.2,0.6
20260784,reactive,2,5,1.6800000000000002,0.22,0.58
20260784,snapshot,0,5,1.48,0.16,0.68
20260784,snapshot,1,5,1.28,0.12,0.68
20260784,snapshot,2,5,1.48,0.16,0.68
20260784,satcap,0,5,1.7000000000000002,0.22,0.6
20260784,satcap,1,5,1.6,0.2,0.6
20260784,satcap,2,5,1.6800000000000002,0.22,0.58
20260785,no_action,0,5,3.1,0.62,0.0
20260785,no_action,1,5,3.1,0.62,0.0
20260785,no_action,2,5,3.1,0.62,0.0
20260785,reactive,0,5,1.24,0.12,0.64
20260785,reactive,1,5,1.34,0.14,0.64
20260785,reactive,2,5,1.46,0.16,0.66
20260785,snapshot,0,5,0.9199999999999999,0.02,0.82
20260785,snapshot,1,5,1.02,0.04,0.82
20260785,snapshot,2,5,1.22,0.08,0.82
20260785,satcap,0,5,1.24,0.12,0.64
20260785,satcap,1,5,1.34,0.14,0.64
20260785,satcap,2,5,1.46,0.16,0.66
20260786,no_action,0,5,3.2,0.64,0.0
20260786,no_action,1,5,3.2,0.64,0.0
20260786,no_action,2,5,3.2,0.64,0.0
20260786,reactive,0,5,1.52,0.18,0.62
20260786,reactive,1,5,1.6,0.2,0.6
20260786,reactive,2,5,1.7000000000000002,0.22,0.6
20260786,snapshot,0,5,1.5999999999999999,0.18,0.7
20260786,snapshot,1,5,1.7,0.2,0.7
20260786,snapshot,2,5,1.4,0.14,0.7
20260786,satcap,0,5,1.52,0.18,0.62
20260786,satcap,1,5,1.6,0.2,0.6
20260786,satcap,2,5,1.7000000000000002,0.22,0.6
20260787,no_action,0,5,2.5,0.5,0.0
20260787,no_action,1,5,2.5,0.5,0.0
20260787,no_action,2,5,2.5,0.5,0.0
20260787,reactive,0,5,1.2000000000000002,0.14,0.5
20260787,reactive,1,5,1.5,0.2,0.5
20260787,reactive,2,5,1.4,0.18,0.5
20260787,snapshot,0,5,1.6800000000000002,0.22,0.58
20260787,snapshot,1,5,1.6800000000000002,0.22,0.58
20260787,snapshot,2,5,1.7799999999999998,0.24,0.58
20260787,satcap,0,5,1.2000000000000002,0.14,0.5
20260787,satcap,1,5,1.5,0.2,0.5
20260787,satcap,2,5,1.4,0.18,0.5
20260788,no_action,0,5,2.3000000000000003,0.46,0.0
20260788,no_action,1,5,2.3000000000000003,0.46,0.0
20260788,no_action,2,5,2.3000000000000003,0.46,0.0
20260788,reactive,0,5,1.48,0.2,0.48
20260788,reactive,1,5,1.68,0.24,0.48
20260788,reactive,2,5,1.9000000000000001,0.28,0.5
20260788,snapshot,0,5,1.48,0.18,0.58
20260788,snapshot,1,5,1.18,0.12,0.58
20260788,snapshot,2,5,1.6,0.2,0.6
20260788,satcap,0,5,1.48,0.2,0.48
20260788,satcap,1,5,1.68,0.24,0.48
20260788,satcap,2,5,1.9000000000000001,0.28,0.5
20260789,no_action,0,5,2.6,0.52,0.0
20260789,no_action,1,5,2.6,0.52,0.0
20260789,no_action,2,5,2.6,0.52,0.0
20260789,reactive,0,5,1.2200000000000002,0.14,0.52
20260789,reactive,1,5,1.72,0.24,0.52
20260789,reactive,2,5,1.82,0.26,0.52
20260789,snapshot,0,5,0.96,0.04,0.76
20260789,snapshot,1,5,0.98,0.04,0.78
20260789,snapshot,2,5,1.08,0.06,0.78
20260789,satcap,0,5,1.2200000000000002,0.14,0.52
20260789,satcap,1,5,1.72,0.24,0.52
20260789,satcap,2,5,1.82,0.26,0.52
20260790,no_action,0,5,3.8,0.76,0.0
20260790,no_action,1,5,3.8,0.76,0.0
20260790,no_action,2,5,3.8,0.76,0.0
20260790,reactive,0,5,1.04,0.06,0.74
20260790,reactive,1,5,1.22,0.1,0.72
20260790,reactive,2,5,1.42,0.14,0.72
20260790,snapshot,0,5,1.1800000000000002,0.08,0.78
20260790,snapshot,1,5,1.1600000000000001,0.08,0.76
20260790,snapshot,2,5,1.1400000000000001,0.08,0.74
20260790,satcap,0,5,1.04,0.06,0.74
20260790,satcap,1,5,1.22,0.1,0.72
20260790,satcap,2,5,1.42,0.14,0.72
20260791,no_action,0,5,2.9,0.58,0.0
20260791,no_action,1,5,2.9,0.58,0.0
20260791,no_action,2,5,2.9,0.58,0.0
20260791,reactive,0,5,1.3,0.14,0.6
20260791,reactive,1,5,1.4,0.16,0.6
20260791,reactive,2,5,1.5,0.18,0.6
20260791,snapshot,0,5,1.38,0.16,0.58
20260791,snapshot,1,5,1.3,0.14,0.6
20260791,snapshot,2,5,1.42,0.16,0.62
20260791,satcap,0,5,1.3,0.14,0.6
20260791,satcap,1,5,1.4,0.16,0.6
20260791,satcap,2,5,1.5,0.18,0.6
20260792,no_action,0,5,2.6,0.52,0.0
20260792,no_action,1,5,2.6,0.52,0.0
20260792,no_action,2,5,2.6,0.52,0.0
20260792,reactive,0,5,1.8,0.26,0.5
20260792,reactive,1,5,1.8,0.26,0.5
20260792,reactive,2,5,1.7,0.24,0.5
20260792,snapshot,0,5,1.8,0.26,0.5
20260792,snapshot,1,5,1.6,0.22,0.5
20260792,snapshot,2,5,1.7,0.24,0.5
20260792,satcap,0,5,1.8,0.26,0.5
20260792,satcap,1,5,1.8,0.26,0.5
20260792,satcap,2,5,1.7,0.24,0.5
20260793,no_action,0,5,2.3000000000000003,0.46,0.0
20260793,no_action,1,5,2.3000000000000003,0.46,0.0
20260793,no_action,2,5,2.3000000000000003,0.46,0.0
20260793,reactive,0,5,1.3599999999999999,0.18,0.46
20260793,reactive,1,5,1.48,0.2,0.48
20260793,reactive,2,5,1.66,0.24,0.46
20260793,snapshot,0,5,0.94,0.02,0.84
20260793,snapshot,1,5,1.14,0.06,0.84
20260793,snapshot,2,5,1.16,0.06,0.86
20260793,satcap,0,5,1.3599999999999999,0.18,0.46
20260793,satcap,1,5,1.48,0.2,0.48
20260793,satcap,2,5,1.66,0.24,0.46
20260794,no_action,0,5,2.0,0.4,0.0
20260794,no_action,1,5,2.0,0.4,0.0
20260794,no_action,2,5,2.0,0.4,0.0
20260794,reactive,0,5,1.38,0.2,0.38
20260794,reactive,1,5,1.6600000000000001,0.26,0.36
20260794,reactive,2,5,1.6600000000000001,0.26,0.36
20260794,snapshot,0,5,1.48,0.24,0.28
20260794,snapshot,1,5,1.8800000000000001,0.32,0.28
20260794,snapshot,2,5,1.3800000000000001,0.22,0.28
20260794,satcap,0,5,1.38,0.2,0.38
20260794,satcap,1,5,1.6600000000000001,0.26,0.36
20260794,satcap,2,5,1.6600000000000001,0.26,0.36
20260795,no_action,0,5,3.3000000000000003,0.66,0.0
20260795,no_action,1,5,3.3000000000000003,0.66,0.0
20260795,no_action,2,5,3.3000000000000003,0.66,0.0
20260795,reactive,0,5,1.34,0.14,0.64
20260795,reactive,1,5,1.54,0.18,0.64
20260795,reactive,2,5,1.7200000000000002,0.22,0.62
20260795,snapshot,0,5,1.44,0.16,0.64
20260795,snapshot,1,5,1.34,0.14,0.64
20260795,snapshot,2,5,1.52,0.18,0.62
20260795,satcap,0,5,1.34,0.14,0.64
20260795,satcap,1,5,1.54,0.18,0.64
20260795,satcap,2,5,1.7200000000000002,0.22,0.62
20260796,no_action,0,5,4.5,0.9,0.0
20260796,no_action,1,5,4.5,0.9,0.0
20260796,no_action,2,5,4.5,0.9,0.0
20260796,reactive,0,5,1.3,0.08,0.9
20260796,reactive,1,5,1.2,0.06,0.9
20260796,reactive,2,5,1.3,0.08,0.9
20260796,snapshot,0,5,1.06,0.02,0.96
20260796,snapshot,1,5,1.06,0.02,0.96
20260796,snapshot,2,5,1.16,0.04,0.96
20260796,satcap,0,5,1.3,0.08,0.9
20260796,satcap,1,5,1.2,0.06,0.9
20260796,satcap,2,5,1.3,0.08,0.9
20260797,no_action,0,5,2.8000000000000003,0.56,0.0
20260797,no_action,1,5,2.8000000000000003,0.56,0.0
20260797,no_action,2,5,2.8000000000000003,0.56,0.0
20260797,reactive,0,5,1.04,0.1,0.54
20260797,reactive,1,5,1.1400000000000001,0.12,0.54
20260797,reactive,2,5,1.2200000000000002,0.14,0.52
20260797,snapshot,0,5,0.8999999999999999,0.04,0.7
20260797,snapshot,1,5,1.1800000000000002,0.1,0.68
20260797,snapshot,2,5,1.1600000000000001,0.1,0.66
20260797,satcap,0,5,1.04,0.1,0.54
20260797,satcap,1,5,1.1400000000000001,0.12,0.54
20260797,satcap,2,5,1.2200000000000002,0.14,0.52
20260798,no_action,0,5,2.5,0.5,0.0
20260798,no_action,1,5,2.5,0.5,0.0
20260798,no_action,2,5,2.5,0.5,0.0
20260798,reactive,0,5,1.1,0.12,0.5
20260798,reactive,1,5,1.38,0.18,0.48
20260798,reactive,2,5,1.3599999999999999,0.18,0.46
20260798,snapshot,0,5,0.98,0.06,0.68
20260798,snapshot,1,5,1.0,0.06,0.7
20260798,snapshot,2,5,0.8999999999999999,0.04,0.7
20260798,satcap,0,5,1.1,0.12,0.5
20260798,satcap,1,5,1.38,0.18,0.48
20260798,satcap,2,5,1.3599999999999999,0.18,0.46
20260799,no_action,0,5,2.8000000000000003,0.56,0.0
20260799,no_action,1,5,2.8000000000000003,0.56,0.0
20260799,no_action,2,5,2.8000000000000003,0.56,0.0
20260799,reactive,0,5,1.1600000000000001,0.12,0.56
20260799,reactive,1,5,1.34,0.16,0.54
20260799,reactive,2,5,1.54,0.2,0.54
20260799,snapshot,0,5,2.74,0.46,0.44
20260799,snapshot,1,5,2.56,0.42,0.46
20260799,snapshot,2,5,2.48,0.4,0.48
20260799,satcap,0,5,1.1600000000000001,0.12,0.56
20260799,satcap,1,5,1.34,0.16,0.54
20260799,satcap,2,5,1.54,0.2,0.54
20260800,no_action,0,5,3.2,0.64,0.0
20260800,no_action,1,5,3.2,0.64,0.0
20260800,no_action,2,5,3.2,0.64,0.0
20260800,reactive,0,5,1.1400000000000001,0.1,0.64
20260800,reactive,1,5,1.22,0.12,0.62
20260800,reactive,2,5,1.42,0.16,0.62
20260800,snapshot,0,5,1.36,0.16,0.56
20260800,snapshot,1,5,1.36,0.16,0.56
20260800,snapshot,2,5,1.48,0.18,0.58
20260800,satcap,0,5,1.1400000000000001,0.1,0.64
20260800,satcap,1,5,1.22,0.12,0.62
20260800,satcap,2,5,1.42,0.16,0.62
20260801,no_action,0,5,2.1,0.42,0.0
20260801,no_action,1,5,2.1,0.42,0.0
20260801,no_action,2,5,2.1,0.42,0.0
20260801,reactive,0,5,0.8400000000000001,0.08,0.44
20260801,reactive,1,5,1.06,0.12,0.46
20260801,reactive,2,5,1.1800000000000002,0.14,0.48
20260801,snapshot,0,5,0.9,0.02,0.8
20260801,snapshot,1,5,0.9,0.02,0.8
20260801,snapshot,2,5,0.9,0.02,0.8
20260801,satcap,0,5,0.8400000000000001,0.08,0.44
20260801,satcap,1,5,1.06,0.12,0.46
20260801,satcap,2,5,1.1800000000000002,0.14,0.48
20260802,no_action,0,5,4.0,0.8,0.0
20260802,no_action,1,5,4.0,0.8,0.0
20260802,no_action,2,5,4.0,0.8,0.0
20260802,reactive,0,5,1.4,0.12,0.8
20260802,reactive,1,5,1.52,0.14,0.82
20260802,reactive,2,5,1.6400000000000001,0.16,0.84
20260802,snapshot,0,5,2.7,0.44,0.5
20260802,snapshot,1,5,2.52,0.4,0.52
20260802,snapshot,2,5,2.6,0.42,0.5
20260802,satcap,0,5,1.4,0.12,0.8
20260802,satcap,1,5,1.52,0.14,0.82
20260802,satcap,2,5,1.6400000000000001,0.16,0.84
20260803,no_action,0,5,2.9,0.58,0.0
20260803,no_action,1,5,2.9,0.58,0.0
20260803,no_action,2,5,2.9,0.58,0.0
20260803,reactive,0,5,1.28,0.14,0.58
20260803,reactive,1,5,1.36,0.16,0.56
20260803,reactive,2,5,1.46,0.18,0.56
20260803,snapshot,0,5,1.54,0.16,0.74
20260803,snapshot,1,5,1.3599999999999999,0.12,0.76
20260803,snapshot,2,5,1.1600000000000001,0.08,0.76
20260803,satcap,0,5,1.1,0.1,0.6
20260803,satcap,1,5,1.28,0.14,0.58
20260803,satcap,2,5,1.58,0.2,0.58
20260804,no_action,0,5,3.7,0.74,0.0
20260804,no_action,1,5,3.7,0.74,0.0
20260804,no_action,2,5,3.7,0.74,0.0
20260804,reactive,0,5,1.74,0.2,0.74
20260804,reactive,1,5,1.64,0.18,0.74
20260804,reactive,2,5,1.46,0.14,0.76
20260804,snapshot,0,5,1.3599999999999999,0.12,0.76
20260804,snapshot,1,5,1.28,0.1,0.78
20260804,snapshot,2,5,1.48,0.14,0.78
20260804,satcap,0,5,1.74,0.2,0.74
20260804,satcap,1,5,1.64,0.18,0.74
20260804,satcap,2,5,1.46,0.14,0.76
20260805,no_action,0,5,3.8,0.76,0.0
20260805,no_action,1,5,3.8,0.76,0.0
20260805,no_action,2,5,3.8,0.76,0.0
20260805,reactive,0,5,1.54,0.16,0.74
20260805,reactive,1,5,1.46,0.14,0.76
20260805,reactive,2,5,1.64,0.18,0.74
20260805,snapshot,0,5,1.7600000000000002,0.22,0.66
20260805,snapshot,1,5,1.94,0.26,0.64
20260805,snapshot,2,5,1.94,0.26,0.64
20260805,satcap,0,5,1.54,0.16,0.74
20260805,satcap,1,5,1.46,0.14,0.76
20260805,satcap,2,5,1.64,0.18,0.74
20260806,no_action,0,5,2.3000000000000003,0.46,0.0
20260806,no_action,1,5,2.3000000000000003,0.46,0.0
20260806,no_action,2,5,2.3000000000000003,0.46,0.0
20260806,reactive,0,5,1.56,0.22,0.46
20260806,reactive,1,5,1.76,0.26,0.46
20260806,reactive,2,5,1.94,0.3,0.44
20260806,snapshot,0,5,1.42,0.2,0.42
20260806,snapshot,1,5,1.52,0.22,0.42
20260806,snapshot,2,5,1.7000000000000002,0.26,0.4
20260806,satcap,0,5,1.56,0.22,0.46
20260806,satcap,1,5,1.76,0.26,0.46
20260806,satcap,2,5,1.94,0.3,0.44
20260807,no_action,0,5,2.3000000000000003,0.46,0.0
20260807,no_action,1,5,2.3000000000000003,0.46,0.0
20260807,no_action,2,5,2.3000000000000003,0.46,0.0
20260807,reactive,0,5,0.98,0.1,0.48
20260807,reactive,1,5,1.1,0.12,0.5
20260807,reactive,2,5,1.32,0.16,0.52
20260807,snapshot,0,5,1.1,0.1,0.6
20260807,snapshot,1,5,1.2,0.12,0.6
20260807,snapshot,2,5,1.52,0.18,0.62
20260807,satcap,0,5,0.98,0.1,0.48
20260807,satcap,1,5,1.1,0.12,0.5
20260807,satcap,2,5,1.32,0.16,0.52
20260808,no_action,0,5,2.7,0.54,0.0
20260808,no_action,1,5,2.7,0.54,0.0
20260808,no_action,2,5,2.7,0.54,0.0
20260808,reactive,0,5,1.1400000000000001,0.12,0.54
20260808,reactive,1,5,1.2400000000000002,0.14,0.54
20260808,reactive,2,5,1.54,0.2,0.54
20260808,snapshot,0,5,1.18,0.12,0.58
20260808,snapshot,1,5,1.28,0.14,0.58
20260808,snapshot,2,5,1.38,0.16,0.58
20260808,satcap,0,5,1.48,0.14,0.78
20260808,satcap,1,5,1.46,0.14,0.76
20260808,satcap,2,5,1.38,0.12,0.78
20260809,no_action,0,5,2.0,0.4,0.0
20260809,no_action,1,5,2.0,0.4,0.0
20260809,no_action,2,5,2.0,0.4,0.0
20260809,reactive,0,5,1.1,0.14,0.4
20260809,reactive,1,5,1.2000000000000002,0.16,0.4
20260809,reactive,2,5,1.1800000000000002,0.16,0.38
20260809,snapshot,0,5,1.08,0.12,0.48
20260809,snapshot,1,5,1.1800000000000002,0.14,0.48
20260809,snapshot,2,5,1.06,0.12,0.46
20260809,satcap,0,5,1.1,0.14,0.4
20260809,satcap,1,5,1.2000000000000002,0.16,0.4
20260809,satcap,2,5,1.1800000000000002,0.16,0.38
20260810,no_action,0,5,3.0,0.6,0.0
20260810,no_action,1,5,3.0,0.6,0.0
20260810,no_action,2,5,3.0,0.6,0.0
20260810,reactive,0,5,1.42,0.16,0.62
20260810,reactive,1,5,1.34,0.14,0.64
20260810,reactive,2,5,1.44,0.16,0.64
20260810,snapshot,0,5,1.28,0.14,0.58
20260810,snapshot,1,5,1.3,0.14,0.6
20260810,snapshot,2,5,1.22,0.12,0.62
20260810,satcap,0,5,1.42,0.16,0.62
20260810,satcap,1,5,1.34,0.14,0.64
20260810,satcap,2,5,1.44,0.16,0.64
20260811,no_action,0,5,3.7,0.74,0.0
20260811,no_action,1,5,3.7,0.74,0.0
20260811,no_action,2,5,3.7,0.74,0.0
20260811,reactive,0,5,1.24,0.1,0.74
20260811,reactive,1,5,1.42,0.14,0.72
20260811,reactive,2,5,1.52,0.16,0.72
20260811,snapshot,0,5,1.3800000000000001,0.14,0.68
20260811,snapshot,1,5,1.56,0.18,0.66
20260811,snapshot,2,5,1.8599999999999999,0.24,0.66
20260811,satcap,0,5,1.24,0.1,0.74
20260811,satcap,1,5,1.42,0.14,0.72
20260811,satcap,2,5,1.52,0.16,0.72
20260812,no_action,0,5,3.4000000000000004,0.68,0.0
20260812,no_action,1,5,3.4000000000000004,0.68,0.0
20260812,no_action,2,5,3.4000000000000004,0.68,0.0
20260812,reactive,0,5,1.08,0.08,0.68
20260812,reactive,1,5,1.46,0.16,0.66
20260812,reactive,2,5,1.7600000000000002,0.22,0.66
20260812,snapshot,0,5,1.2,0.1,0.7
20260812,snapshot,1,5,1.4,0.14,0.7
20260812,snapshot,2,5,1.5999999999999999,0.18,0.7
20260812,satcap,0,5,1.08,0.08,0.68
20260812,satcap,1,5,1.46,0.16,0.66
20260812,satcap,2,5,1.7600000000000002,0.22,0.66
20260813,no_action,0,5,2.5,0.5,0.0
20260813,no_action,1,5,2.5,0.5,0.0
20260813,no_action,2,5,2.5,0.5,0.0
20260813,reactive,0,5,1.2000000000000002,0.14,0.5
20260813,reactive,1,5,1.5,0.2,0.5
20260813,reactive,2,5,1.5,0.2,0.5
20260813,snapshot,0,5,1.3399999999999999,0.18,0.44
20260813,snapshot,1,5,1.54,0.22,0.44
20260813,snapshot,2,5,1.54,0.22,0.44
20260813,satcap,0,5,1.2000000000000002,0.14,0.5
20260813,satcap,1,5,1.5,0.2,0.5
20260813,satcap,2,5,1.5,0.2,0.5
20260814,no_action,0,5,2.2,0.44,0.0
20260814,no_action,1,5,2.2,0.44,0.0
20260814,no_action,2,5,2.2,0.44,0.0
20260814,reactive,0,5,1.26,0.16,0.46
20260814,reactive,1,5,1.66,0.24,0.46
20260814,reactive,2,5,1.78,0.26,0.48
20260814,snapshot,0,5,1.0,0.1,0.5
20260814,snapshot,1,5,1.5,0.2,0.5
20260814,snapshot,2,5,1.62,0.22,0.52
20260814,satcap,0,5,1.26,0.16,0.46
20260814,satcap,1,5,1.66,0.24,0.46
20260814,satcap,2,5,1.78,0.26,0.48
20260815,no_action,0,5,3.9000000000000004,0.78,0.0
20260815,no_action,1,5,3.9000000000000004,0.78,0.0
20260815,no_action,2,5,3.9000000000000004,0.78,0.0
20260815,reactive,0,5,1.3599999999999999,0.12,0.76
20260815,reactive,1,5,1.84,0.22,0.74
20260815,reactive,2,5,1.92,0.24,0.72
20260815,snapshot,0,5,2.24,0.34,0.54
20260815,snapshot,1,5,2.52,0.4,0.52
20260815,snapshot,2,5,2.3,0.36,0.5
20260815,satcap,0,5,1.3599999999999999,0.12,0.76
20260815,satcap,1,5,1.84,0.22,0.74
20260815,satcap,2,5,1.92,0.24,0.72
20260816,no_action,0,5,3.1,0.62,0.0
20260816,no_action,1,5,3.1,0.62,0.0
20260816,no_action,2,5,3.1,0.62,0.0
20260816,reactive,0,5,1.7000000000000002,0.22,0.6
20260816,reactive,1,5,1.98,0.28,0.58
20260816,reactive,2,5,1.86,0.26,0.56
20260816,snapshot,0,5,1.84,0.26,0.54
20260816,snapshot,1,5,1.84,0.26,0.54
20260816,snapshot,2,5,2.02,0.3,0.52
20260816,satcap,0,5,1.7000000000000002,0.22,0.6
20260816,satcap,1,5,1.98,0.28,0.58
20260816,satcap,2,5,1.86,0.26,0.56
20260817,no_action,0,5,4.4,0.88,0.0
20260817,no_action,1,5,4.4,0.88,0.0
20260817,no_action,2,5,4.4,0.88,0.0
20260817,reactive,0,5,1.18,0.06,0.88
20260817,reactive,1,5,1.18,0.06,0.88
20260817,reactive,2,5,1.26,0.08,0.86
20260817,snapshot,0,5,4.0600000000000005,0.78,0.16
20260817,snapshot,1,5,4.18,0.8,0.18
20260817,snapshot,2,5,4.1000000000000005,0.78,0.2
20260817,satcap,0,5,1.18,0.06,0.88
20260817,satcap,1,5,1.18,0.06,0.88
20260817,satcap,2,5,1.26,0.08,0.86
20260818,no_action,0,5,2.3000000000000003,0.46,0.0
20260818,no_action,1,5,2.3000000000000003,0.46,0.0
20260818,no_action,2,5,2.3000000000000003,0.46,0.0
20260818,reactive,0,5,1.26,0.16,0.46
20260818,reactive,1,5,1.06,0.12,0.46
20260818,reactive,2,5,1.3599999999999999,0.18,0.46
20260818,snapshot,0,5,1.28,0.12,0.68
20260818,snapshot,1,5,0.98,0.06,0.68
20260818,snapshot,2,5,1.1800000000000002,0.1,0.68
20260818,satcap,0,5,1.26,0.16,0.46
20260818,satcap,1,5,1.06,0.12,0.46
20260818,satcap,2,5,1.3599999999999999,0.18,0.46
20260819,no_action,0,5,1.7000000000000002,0.34,0.0
20260819,no_action,1,5,1.7000000000000002,0.34,0.0
20260819,no_action,2,5,1.7000000000000002,0.34,0.0
20260819,reactive,0,5,0.74,0.08,0.34
20260819,reactive,1,5,0.74,0.08,0.34
20260819,reactive,2,5,0.8400000000000001,0.1,0.34
20260819,snapshot,0,5,0.8999999999999999,0.12,0.3
20260819,snapshot,1,5,0.8200000000000001,0.1,0.32
20260819,snapshot,2,5,1.02,0.14,0.32
20260819,satcap,0,5,0.74,0.08,0.34
20260819,satcap,1,5,0.74,0.08,0.34
20260819,satcap,2,5,0.8400000000000001,0.1,0.34
20260820,no_action,0,5,4.9,0.98,0.0
20260820,no_action,1,5,4.9,0.98,0.0
20260820,no_action,2,5,4.9,0.98,0.0
20260820,reactive,0,5,1.08,0.02,0.98
20260820,reactive,1,5,1.08,0.02,0.98
20260820,reactive,2,5,1.08,0.02,0.98
20260820,snapshot,0,5,1.08,0.02,0.98
20260820,snapshot,1,5,1.08,0.02,0.98
20260820,snapshot,2,5,1.08,0.02,0.98
20260820,satcap,0,5,1.08,0.02,0.98
20260820,satcap,1,5,1.08,0.02,0.98
20260820,satcap,2,5,1.08,0.02,0.98
20260821,no_action,0,5,2.9,0.58,0.0
20260821,no_action,1,5,2.9,0.58,0.0
20260821,no_action,2,5,2.9,0.58,0.0
20260821,reactive,0,5,1.48,0.18,0.58
20260821,reactive,1,5,1.5,0.18,0.6
20260821,reactive,2,5,1.52,0.18,0.62
20260821,snapshot,0,5,1.2000000000000002,0.08,0.8
20260821,snapshot,1,5,1.2000000000000002,0.08,0.8
20260821,snapshot,2,5,1.2000000000000002,0.08,0.8
20260821,satcap,0,5,1.48,0.18,0.58
20260821,satcap,1,5,1.5,0.18,0.6
20260821,satcap,2,5,1.52,0.18,0.62
20260822,no_action,0,5,3.5999999999999996,0.72,0.0
20260822,no_action,1,5,3.5999999999999996,0.72,0.0
20260822,no_action,2,5,3.5999999999999996,0.72,0.0
20260822,reactive,0,5,1.22,0.1,0.72
20260822,reactive,1,5,1.24,0.1,0.74
20260822,reactive,2,5,1.06,0.06,0.76
20260822,snapshot,0,5,1.12,0.08,0.72
20260822,snapshot,1,5,1.44,0.14,0.74
20260822,snapshot,2,5,1.3599999999999999,0.12,0.76
20260822,satcap,0,5,1.22,0.1,0.72
20260822,satcap,1,5,1.24,0.1,0.74
20260822,satcap,2,5,1.06,0.06,0.76
20260823,no_action,0,5,2.3000000000000003,0.46,0.0
20260823,no_action,1,5,2.3000000000000003,0.46,0.0
20260823,no_action,2,5,2.3000000000000003,0.46,0.0
20260823,reactive,0,5,1.26,0.16,0.46
20260823,reactive,1,5,1.28,0.16,0.48
20260823,reactive,2,5,1.28,0.16,0.48
20260823,snapshot,0,5,1.3399999999999999,0.18,0.44
20260823,snapshot,1,5,1.26,0.16,0.46
20260823,snapshot,2,5,1.56,0.22,0.46
20260823,satcap,0,5,1.8,0.26,0.5
20260823,satcap,1,5,1.9200000000000002,0.28,0.52
20260823,satcap,2,5,1.52,0.2,0.52
20260824,no_action,0,5,3.2,0.64,0.0
20260824,no_action,1,5,3.2,0.64,0.0
20260824,no_action,2,5,3.2,0.64,0.0
20260824,reactive,0,5,1.34,0.14,0.64
20260824,reactive,1,5,1.42,0.16,0.62
20260824,reactive,2,5,1.6,0.2,0.6
20260824,snapshot,0,5,1.46,0.16,0.66
20260824,snapshot,1,5,1.54,0.18,0.64
20260824,snapshot,2,5,1.7200000000000002,0.22,0.62
20260824,satcap,0,5,1.34,0.14,0.64
20260824,satcap,1,5,1.42,0.16,0.62
20260824,satcap,2,5,1.6,0.2,0.6
20260825,no_action,0,5,3.0,0.6,0.0
20260825,no_action,1,5,3.0,0.6,0.0
20260825,no_action,2,5,3.0,0.6,0.0
20260825,reactive,0,5,1.3,0.14,0.6
20260825,reactive,1,5,1.58,0.2,0.58
20260825,reactive,2,5,1.48,0.18,0.58
20260825,snapshot,0,5,1.46,0.2,0.46
20260825,snapshot,1,5,1.74,0.26,0.44
20260825,snapshot,2,5,1.84,0.28,0.44
20260825,satcap,0,5,1.3,0.14,0.6
20260825,satcap,1,5,1.58,0.2,0.58
20260825,satcap,2,5,1.48,0.18,0.58
20260826,no_action,0,5,3.4000000000000004,0.68,0.0
20260826,no_action,1,5,3.4000000000000004,0.68,0.0
20260826,no_action,2,5,3.4000000000000004,0.68,0.0
20260826,reactive,0,5,1.28,0.12,0.68
20260826,reactive,1,5,1.58,0.18,0.68
20260826,reactive,2,5,1.6800000000000002,0.2,0.68
20260826,snapshot,0,5,1.26,0.1,0.76
20260826,snapshot,1,5,1.48,0.14,0.78
20260826,snapshot,2,5,1.38,0.12,0.78
20260826,satcap,0,5,1.0,0.0,1.0
20260826,satcap,1,5,1.0,0.0,1.0
20260826,satcap,2,5,1.0,0.0,1.0
20260727,no_action,0,10,6.2,0.62,0.0
20260727,no_action,1,10,6.2,0.62,0.0
20260727,no_action,2,10,6.2,0.62,0.0
20260727,reactive,0,10,1.62,0.1,0.62
20260727,reactive,1,10,1.8199999999999998,0.12,0.62
20260727,reactive,2,10,2.4,0.18,0.6
20260727,snapshot,0,10,1.7,0.1,0.7
20260727,snapshot,1,10,1.7,0.1,0.7
20260727,snapshot,2,10,1.5,0.08,0.7
20260727,satcap,0,10,1.62,0.1,0.62
20260727,satcap,1,10,1.8199999999999998,0.12,0.62
20260727,satcap,2,10,2.4,0.18,0.6
20260728,no_action,0,10,3.2,0.32,0.0
20260728,no_action,1,10,3.2,0.32,0.0
20260728,no_action,2,10,3.2,0.32,0.0
20260728,reactive,0,10,1.7000000000000002,0.14,0.3
20260728,reactive,1,10,1.5,0.12,0.3
20260728,reactive,2,10,2.0999999999999996,0.18,0.3
20260728,snapshot,0,10,1.2000000000000002,0.08,0.4
20260728,snapshot,1,10,1.2000000000000002,0.08,0.4
20260728,snapshot,2,10,2.1999999999999997,0.18,0.4
20260728,satcap,0,10,1.7000000000000002,0.14,0.3
20260728,satcap,1,10,1.5,0.12,0.3
20260728,satcap,2,10,2.0999999999999996,0.18,0.3
20260729,no_action,0,10,5.6000000000000005,0.56,0.0
20260729,no_action,1,10,5.6000000000000005,0.56,0.0
20260729,no_action,2,10,5.6000000000000005,0.56,0.0
20260729,reactive,0,10,1.9400000000000002,0.14,0.54
20260729,reactive,1,10,2.36,0.18,0.56
20260729,reactive,2,10,2.58,0.2,0.58
20260729,snapshot,0,10,1.54,0.08,0.74
20260729,snapshot,1,10,1.76,0.1,0.76
20260729,snapshot,2,10,2.16,0.14,0.76
20260729,satcap,0,10,1.62,0.08,0.82
20260729,satcap,1,10,1.8,0.1,0.8
20260729,satcap,2,10,2.0,0.12,0.8
20260730,no_action,0,10,6.2,0.62,0.0
20260730,no_action,1,10,6.2,0.62,0.0
20260730,no_action,2,10,6.2,0.62,0.0
20260730,reactive,0,10,1.62,0.1,0.62
20260730,reactive,1,10,2.42,0.18,0.62
20260730,reactive,2,10,2.42,0.18,0.62
20260730,snapshot,0,10,2.3200000000000003,0.16,0.72
20260730,snapshot,1,10,2.5199999999999996,0.18,0.72
20260730,snapshot,2,10,2.5,0.18,0.7
20260730,satcap,0,10,1.62,0.1,0.62
20260730,satcap,1,10,2.42,0.18,0.62
20260730,satcap,2,10,2.42,0.18,0.62
20260731,no_action,0,10,5.4,0.54,0.0
20260731,no_action,1,10,5.4,0.54,0.0
20260731,no_action,2,10,5.4,0.54,0.0
20260731,reactive,0,10,1.54,0.1,0.54
20260731,reactive,1,10,1.9200000000000002,0.14,0.52
20260731,reactive,2,10,2.32,0.18,0.52
20260731,snapshot,0,10,1.3599999999999999,0.06,0.76
20260731,snapshot,1,10,1.1600000000000001,0.04,0.76
20260731,snapshot,2,10,1.76,0.1,0.76
20260731,satcap,0,10,1.54,0.1,0.54
20260731,satcap,1,10,1.9200000000000002,0.14,0.52
20260731,satcap,2,10,2.32,0.18,0.52
20260732,no_action,0,10,6.6000000000000005,0.66,0.0
20260732,no_action,1,10,6.6000000000000005,0.66,0.0
20260732,no_action,2,10,6.6000000000000005,0.66,0.0
20260732,reactive,0,10,2.2600000000000002,0.16,0.66
20260732,reactive,1,10,2.66,0.2,0.66
20260732,reactive,2,10,3.4600000000000004,0.28,0.66
20260732,snapshot,0,10,2.6,0.2,0.6
20260732,snapshot,1,10,2.8000000000000003,0.22,0.6
20260732,snapshot,2,10,3.6,0.3,0.6
20260732,satcap,0,10,2.2600000000000002,0.16,0.66
20260732,satcap,1,10,2.66,0.2,0.66
20260732,satcap,2,10,3.4600000000000004,0.28,0.66
20260733,no_action,0,10,6.800000000000001,0.68,0.0
20260733,no_action,1,10,6.800000000000001,0.68,0.0
20260733,no_action,2,10,6.800000000000001,0.68,0.0
20260733,reactive,0,10,1.6800000000000002,0.1,0.68
20260733,reactive,1,10,1.88,0.12,0.68
20260733,reactive,2,10,2.2800000000000002,0.16,0.68
20260733,snapshot,0,10,2.08,0.14,0.68
20260733,snapshot,1,10,2.2800000000000002,0.16,0.68
20260733,snapshot,2,10,2.8800000000000003,0.22,0.68
20260733,satcap,0,10,1.6800000000000002,0.1,0.68
20260733,satcap,1,10,1.88,0.12,0.68
20260733,satcap,2,10,2.2800000000000002,0.16,0.68
20260734,no_action,0,10,5.6000000000000005,0.56,0.0
20260734,no_action,1,10,5.6000000000000005,0.56,0.0
20260734,no_action,2,10,5.6000000000000005,0.56,0.0
20260734,reactive,0,10,1.9400000000000002,0.14,0.54
20260734,reactive,1,10,2.72,0.22,0.52
20260734,reactive,2,10,2.7,0.22,0.5
20260734,snapshot,0,10,1.38,0.06,0.78
20260734,snapshot,1,10,1.76,0.1,0.76
20260734,snapshot,2,10,1.74,0.1,0.74
20260734,satcap,0,10,1.9400000000000002,0.14,0.54
20260734,satcap,1,10,2.72,0.22,0.52
20260734,satcap,2,10,2.7,0.22,0.5
20260735,no_action,0,10,4.6000000000000005,0.46,0.0
20260735,no_action,1,10,4.6000000000000005,0.46,0.0
20260735,no_action,2,10,4.6000000000000005,0.46,0.0
20260735,reactive,0,10,2.08,0.16,0.48
20260735,reactive,1,10,2.68,0.22,0.48
20260735,reactive,2,10,2.88,0.24,0.48
20260735,snapshot,0,10,3.94,0.38,0.14
20260735,snapshot,1,10,3.94,0.38,0.14
20260735,snapshot,2,10,4.16,0.4,0.16
20260735,satcap,0,10,4.32,0.42,0.12
20260735,satcap,1,10,3.94,0.38,0.14
20260735,satcap,2,10,3.7399999999999998,0.36,0.14
20260736,no_action,0,10,8.6,0.86,0.0
20260736,no_action,1,10,8.6,0.86,0.0
20260736,no_action,2,10,8.6,0.86,0.0
20260736,reactive,0,10,1.48,0.06,0.88
20260736,reactive,1,10,1.3,0.04,0.9
20260736,reactive,2,10,1.7000000000000002,0.08,0.9
20260736,snapshot,0,10,2.3600000000000003,0.16,0.76
20260736,snapshot,1,10,1.78,0.1,0.78
20260736,snapshot,2,10,2.2,0.14,0.8
20260736,satcap,0,10,1.48,0.06,0.88
20260736,satcap,1,10,1.3,0.04,0.9
20260736,satcap,2,10,1.7000000000000002,0.08,0.9
20260737,no_action,0,10,5.4,0.54,0.0
20260737,no_action,1,10,5.4,0.54,0.0
20260737,no_action,2,10,5.4,0.54,0.0
20260737,reactive,0,10,1.54,0.1,0.54
20260737,reactive,1,10,2.12,0.16,0.52
20260737,reactive,2,10,2.32,0.18,0.52
20260737,snapshot,0,10,1.1600000000000001,0.04,0.76
20260737,snapshot,1,10,1.56,0.08,0.76
20260737,snapshot,2,10,2.14,0.14,0.74
20260737,satcap,0,10,1.54,0.1,0.54
20260737,satcap,1,10,2.12,0.16,0.52
20260737,satcap,2,10,2.32,0.18,0.52
20260738,no_action,0,10,6.4,0.64,0.0
20260738,no_action,1,10,6.4,0.64,0.0
20260738,no_action,2,10,6.4,0.64,0.0
20260738,reactive,0,10,2.22,0.16,0.62
20260738,reactive,1,10,2.8000000000000003,0.22,0.6
20260738,reactive,2,10,2.4,0.18,0.6
20260738,snapshot,0,10,2.04,0.14,0.64
20260738,snapshot,1,10,2.8200000000000003,0.22,0.62
20260738,snapshot,2,10,2.42,0.18,0.62
20260738,satcap,0,10,2.22,0.16,0.62
20260738,satcap,1,10,2.8000000000000003,0.22,0.6
20260738,satcap,2,10,2.4,0.18,0.6
20260739,no_action,0,10,5.8,0.58,0.0
20260739,no_action,1,10,5.8,0.58,0.0
20260739,no_action,2,10,5.8,0.58,0.0
20260739,reactive,0,10,2.36,0.18,0.56
20260739,reactive,1,10,2.54,0.2,0.54
20260739,reactive,2,10,2.54,0.2,0.54
20260739,snapshot,0,10,1.2000000000000002,0.04,0.8
20260739,snapshot,1,10,1.38,0.06,0.78
20260739,snapshot,2,10,1.58,0.08,0.78
20260739,satcap,0,10,2.36,0.18,0.56
20260739,satcap,1,10,2.54,0.2,0.54
20260739,satcap,2,10,2.54,0.2,0.54
20260740,no_action,0,10,5.4,0.54,0.0
20260740,no_action,1,10,5.4,0.54,0.0
20260740,no_action,2,10,5.4,0.54,0.0
20260740,reactive,0,10,2.12,0.16,0.52
20260740,reactive,1,10,2.12,0.16,0.52
20260740,reactive,2,10,2.3,0.18,0.5
20260740,snapshot,0,10,2.26,0.18,0.46
20260740,snapshot,1,10,2.46,0.2,0.46
20260740,snapshot,2,10,2.64,0.22,0.44
20260740,satcap,0,10,2.12,0.16,0.52
20260740,satcap,1,10,2.12,0.16,0.52
20260740,satcap,2,10,2.3,0.18,0.5
20260741,no_action,0,10,5.2,0.52,0.0
20260741,no_action,1,10,5.2,0.52,0.0
20260741,no_action,2,10,5.2,0.52,0.0
20260741,reactive,0,10,2.1,0.16,0.5
20260741,reactive,1,10,2.68,0.22,0.48
20260741,reactive,2,10,2.48,0.2,0.48
20260741,snapshot,0,10,1.3599999999999999,0.06,0.76
20260741,snapshot,1,10,1.56,0.08,0.76
20260741,snapshot,2,10,1.94,0.12,0.74
20260741,satcap,0,10,2.1,0.16,0.5
20260741,satcap,1,10,2.68,0.22,0.48
20260741,satcap,2,10,2.48,0.2,0.48
20260742,no_action,0,10,4.6000000000000005,0.46,0.0
20260742,no_action,1,10,4.6000000000000005,0.46,0.0
20260742,no_action,2,10,4.6000000000000005,0.46,0.0
20260742,reactive,0,10,2.68,0.22,0.48
20260742,reactive,1,10,3.08,0.26,0.48
20260742,reactive,2,10,2.7,0.22,0.5
20260742,snapshot,0,10,2.7,0.22,0.5
20260742,snapshot,1,10,2.52,0.2,0.52
20260742,snapshot,2,10,2.54,0.2,0.54
20260742,satcap,0,10,2.68,0.22,0.48
20260742,satcap,1,10,3.08,0.26,0.48
20260742,satcap,2,10,2.7,0.22,0.5
20260743,no_action,0,10,7.4,0.74,0.0
20260743,no_action,1,10,7.4,0.74,0.0
20260743,no_action,2,10,7.4,0.74,0.0
20260743,reactive,0,10,1.74,0.1,0.74
20260743,reactive,1,10,1.94,0.12,0.74
20260743,reactive,2,10,2.16,0.14,0.76
20260743,snapshot,0,10,1.98,0.12,0.78
20260743,snapshot,1,10,1.98,0.12,0.78
20260743,snapshot,2,10,2.58,0.18,0.78
20260743,satcap,0,10,1.74,0.1,0.74
20260743,satcap,1,10,1.94,0.12,0.74
20260743,satcap,2,10,2.16,0.14,0.76
20260744,no_action,0,10,4.2,0.42,0.0
20260744,no_action,1,10,4.2,0.42,0.0
20260744,no_action,2,10,4.2,0.42,0.0
20260744,reactive,0,10,1.82,0.14,0.42
20260744,reactive,1,10,1.82,0.14,0.42
20260744,reactive,2,10,2.42,0.2,0.42
20260744,snapshot,0,10,2.1,0.16,0.5
20260744,snapshot,1,10,2.1,0.16,0.5
20260744,snapshot,2,10,2.48,0.2,0.48
20260744,satcap,0,10,1.82,0.14,0.42
20260744,satcap,1,10,1.82,0.14,0.42
20260744,satcap,2,10,2.42,0.2,0.42
20260745,no_action,0,10,7.199999999999999,0.72,0.0
20260745,no_action,1,10,7.199999999999999,0.72,0.0
20260745,no_action,2,10,7.199999999999999,0.72,0.0
20260745,reactive,0,10,1.2999999999999998,0.06,0.7
20260745,reactive,1,10,1.48,0.08,0.68
20260745,reactive,2,10,1.46,0.08,0.66
20260745,snapshot,0,10,1.52,0.08,0.72
20260745,snapshot,1,10,1.72,0.1,0.72
20260745,snapshot,2,10,1.7,0.1,0.7
20260745,satcap,0,10,1.2999999999999998,0.06,0.7
20260745,satcap,1,10,1.48,0.08,0.68
20260745,satcap,2,10,1.46,0.08,0.66
20260746,no_action,0,10,3.8,0.38,0.0
20260746,no_action,1,10,3.8,0.38,0.0
20260746,no_action,2,10,3.8,0.38,0.0
20260746,reactive,0,10,2.56,0.22,0.36
20260746,reactive,1,10,2.56,0.22,0.36
20260746,reactive,2,10,2.38,0.2,0.38
20260746,snapshot,0,10,2.1999999999999997,0.18,0.4
20260746,snapshot,1,10,2.6,0.22,0.4
20260746,snapshot,2,10,2.8,0.24,0.4
20260746,satcap,0,10,2.56,0.22,0.36
20260746,satcap,1,10,2.56,0.22,0.36
20260746,satcap,2,10,2.38,0.2,0.38
20260747,no_action,0,10,4.8,0.48,0.0
20260747,no_action,1,10,4.8,0.48,0.0
20260747,no_action,2,10,4.8,0.48,0.0
20260747,reactive,0,10,2.48,0.2,0.48
20260747,reactive,1,10,3.3000000000000003,0.28,0.5
20260747,reactive,2,10,3.7,0.32,0.5
20260747,snapshot,0,10,2.02,0.14,0.62
20260747,snapshot,1,10,2.2,0.16,0.6
20260747,snapshot,2,10,3.2,0.26,0.6
20260747,satcap,0,10,2.48,0.2,0.48
20260747,satcap,1,10,3.3000000000000003,0.28,0.5
20260747,satcap,2,10,3.7,0.32,0.5
20260748,no_action,0,10,3.8,0.38,0.0
20260748,no_action,1,10,3.8,0.38,0.0
20260748,no_action,2,10,3.8,0.38,0.0
20260748,reactive,0,10,1.98,0.16,0.38
20260748,reactive,1,10,2.1999999999999997,0.18,0.4
20260748,reactive,2,10,2.1999999999999997,0.18,0.4
20260748,snapshot,0,10,1.62,0.1,0.62
20260748,snapshot,1,10,2.42,0.18,0.62
20260748,snapshot,2,10,2.42,0.18,0.62
20260748,satcap,0,10,1.98,0.16,0.38
20260748,satcap,1,10,2.1999999999999997,0.18,0.4
20260748,satcap,2,10,2.1999999999999997,0.18,0.4
20260749,no_action,0,10,8.6,0.86,0.0
20260749,no_action,1,10,8.6,0.86,0.0
20260749,no_action,2,10,8.6,0.86,0.0
20260749,reactive,0,10,1.8599999999999999,0.1,0.86
20260749,reactive,1,10,1.8599999999999999,0.1,0.86
20260749,reactive,2,10,1.8599999999999999,0.1,0.86
20260749,snapshot,0,10,2.5199999999999996,0.18,0.72
20260749,snapshot,1,10,3.12,0.24,0.72
20260749,snapshot,2,10,2.92,0.22,0.72
20260749,satcap,0,10,1.8599999999999999,0.1,0.86
20260749,satcap,1,10,1.8599999999999999,0.1,0.86
20260749,satcap,2,10,1.8599999999999999,0.1,0.86
20260750,no_action,0,10,6.4,0.64,0.0
20260750,no_action,1,10,6.4,0.64,0.0
20260750,no_action,2,10,6.4,0.64,0.0
20260750,reactive,0,10,2.04,0.14,0.64
20260750,reactive,1,10,2.44,0.18,0.64
20260750,reactive,2,10,2.44,0.18,0.64
20260750,snapshot,0,10,5.9799999999999995,0.58,0.18
20260750,snapshot,1,10,5.58,0.54,0.18
20260750,snapshot,2,10,5.58,0.54,0.18
20260750,satcap,0,10,2.04,0.14,0.64
20260750,satcap,1,10,2.44,0.18,0.64
20260750,satcap,2,10,2.44,0.18,0.64
20260751,no_action,0,10,6.2,0.62,0.0
20260751,no_action,1,10,6.2,0.62,0.0
20260751,no_action,2,10,6.2,0.62,0.0
20260751,reactive,0,10,2.8200000000000003,0.22,0.62
20260751,reactive,1,10,2.42,0.18,0.62
20260751,reactive,2,10,3.2,0.26,0.6
20260751,snapshot,0,10,2.54,0.2,0.54
20260751,snapshot,1,10,3.16,0.26,0.56
20260751,snapshot,2,10,3.74,0.32,0.54
20260751,satcap,0,10,2.8200000000000003,0.22,0.62
20260751,satcap,1,10,2.42,0.18,0.62
20260751,satcap,2,10,3.2,0.26,0.6
20260752,no_action,0,10,7.199999999999999,0.72,0.0
20260752,no_action,1,10,7.199999999999999,0.72,0.0
20260752,no_action,2,10,7.199999999999999,0.72,0.0
20260752,reactive,0,10,1.94,0.12,0.74
20260752,reactive,1,10,2.74,0.2,0.74
20260752,reactive,2,10,2.54,0.18,0.74
20260752,snapshot,0,10,1.88,0.1,0.88
20260752,snapshot,1,10,2.08,0.12,0.88
20260752,snapshot,2,10,1.88,0.1,0.88
20260752,satcap,0,10,1.94,0.12,0.74
20260752,satcap,1,10,2.74,0.2,0.74
20260752,satcap,2,10,2.54,0.18,0.74
20260753,no_action,0,10,7.199999999999999,0.72,0.0
20260753,no_action,1,10,7.199999999999999,0.72,0.0
20260753,no_action,2,10,7.199999999999999,0.72,0.0
20260753,reactive,0,10,2.12,0.14,0.72
20260753,reactive,1,10,2.3200000000000003,0.16,0.72
20260753,reactive,2,10,2.5,0.18,0.7
20260753,snapshot,0,10,2.8800000000000003,0.22,0.68
20260753,snapshot,1,10,3.2600000000000002,0.26,0.66
20260753,snapshot,2,10,2.46,0.18,0.66
20260753,satcap,0,10,2.12,0.14,0.72
20260753,satcap,1,10,2.3200000000000003,0.16,0.72
20260753,satcap,2,10,2.5,0.18,0.7
20260754,no_action,0,10,9.0,0.9,0.0
20260754,no_action,1,10,9.0,0.9,0.0
20260754,no_action,2,10,9.0,0.9,0.0
20260754,reactive,0,10,1.5,0.06,0.9
20260754,reactive,1,10,1.7000000000000002,0.08,0.9
20260754,reactive,2,10,1.9,0.1,0.9
20260754,snapshot,0,10,1.6800000000000002,0.08,0.88
20260754,snapshot,1,10,2.06,0.12,0.86
20260754,snapshot,2,10,2.24,0.14,0.84
20260754,satcap,0,10,1.5,0.06,0.9
20260754,satcap,1,10,1.7000000000000002,0.08,0.9
20260754,satcap,2,10,1.9,0.1,0.9
20260755,no_action,0,10,4.8,0.48,0.0
20260755,no_action,1,10,4.8,0.48,0.0
20260755,no_action,2,10,4.8,0.48,0.0
20260755,reactive,0,10,2.26,0.18,0.46
20260755,reactive,1,10,2.04,0.16,0.44
20260755,reactive,2,10,2.2399999999999998,0.18,0.44
20260755,snapshot,0,10,1.62,0.1,0.62
20260755,snapshot,1,10,1.7999999999999998,0.12,0.6
20260755,snapshot,2,10,1.7999999999999998,0.12,0.6
20260755,satcap,0,10,2.26,0.18,0.46
20260755,satcap,1,10,2.04,0.16,0.44
20260755,satcap,2,10,2.2399999999999998,0.18,0.44
20260756,no_action,0,10,3.8,0.38,0.0
20260756,no_action,1,10,3.8,0.38,0.0
20260756,no_action,2,10,3.8,0.38,0.0
20260756,reactive,0,10,2.1999999999999997,0.18,0.4
20260756,reactive,1,10,2.1999999999999997,0.18,0.4
20260756,reactive,2,10,2.1799999999999997,0.18,0.38
20260756,snapshot,0,10,2.32,0.18,0.52
20260756,snapshot,1,10,1.9400000000000002,0.14,0.54
20260756,snapshot,2,10,2.54,0.2,0.54
20260756,satcap,0,10,2.1999999999999997,0.18,0.4
20260756,satcap,1,10,2.1999999999999997,0.18,0.4
20260756,satcap,2,10,2.1799999999999997,0.18,0.38
20260757,no_action,0,10,3.5999999999999996,0.36,0.0
20260757,no_action,1,10,3.5999999999999996,0.36,0.0
20260757,no_action,2,10,3.5999999999999996,0.36,0.0
20260757,reactive,0,10,0.96,0.06,0.36
20260757,reactive,1,10,1.1600000000000001,0.08,0.36
20260757,reactive,2,10,1.38,0.1,0.38
20260757,snapshot,0,10,1.0,0.06,0.4
20260757,snapshot,1,10,1.2000000000000002,0.08,0.4
20260757,snapshot,2,10,1.2000000000000002,0.08,0.4
20260757,satcap,0,10,0.96,0.06,0.36
20260757,satcap,1,10,1.1600000000000001,0.08,0.36
20260757,satcap,2,10,1.38,0.1,0.38
20260758,no_action,0,10,6.800000000000001,0.68,0.0
20260758,no_action,1,10,6.800000000000001,0.68,0.0
20260758,no_action,2,10,6.800000000000001,0.68,0.0
20260758,reactive,0,10,0.8999999999999999,0.02,0.7
20260758,reactive,1,10,1.2999999999999998,0.06,0.7
20260758,reactive,2,10,1.52,0.08,0.72
20260758,snapshot,0,10,1.24,0.04,0.84
20260758,snapshot,1,10,1.44,0.06,0.84
20260758,snapshot,2,10,1.6400000000000001,0.08,0.84
20260758,satcap,0,10,0.8999999999999999,0.02,0.7
20260758,satcap,1,10,1.2999999999999998,0.06,0.7
20260758,satcap,2,10,1.52,0.08,0.72
20260759,no_action,0,10,5.8,0.58,0.0
20260759,no_action,1,10,5.8,0.58,0.0
20260759,no_action,2,10,5.8,0.58,0.0
20260759,reactive,0,10,2.56,0.2,0.56
20260759,reactive,1,10,2.34,0.18,0.54
20260759,reactive,2,10,2.72,0.22,0.52
20260759,snapshot,0,10,2.16,0.16,0.56
20260759,snapshot,1,10,2.54,0.2,0.54
20260759,snapshot,2,10,2.92,0.24,0.52
20260759,satcap,0,10,2.56,0.2,0.56
20260759,satcap,1,10,2.34,0.18,0.54
20260759,satcap,2,10,2.72,0.22,0.52
20260760,no_action,0,10,5.2,0.52,0.0
20260760,no_action,1,10,5.2,0.52,0.0
20260760,no_action,2,10,5.2,0.52,0.0
20260760,reactive,0,10,2.12,0.16,0.52
20260760,reactive,1,10,2.72,0.22,0.52
20260760,reactive,2,10,2.72,0.22,0.52
20260760,snapshot,0,10,1.98,0.12,0.78
20260760,snapshot,1,10,2.38,0.16,0.78
20260760,snapshot,2,10,1.78,0.1,0.78
20260760,satcap,0,10,2.12,0.16,0.52
20260760,satcap,1,10,2.72,0.22,0.52
20260760,satcap,2,10,2.72,0.22,0.52
20260761,no_action,0,10,8.2,0.82,0.0
20260761,no_action,1,10,8.2,0.82,0.0
20260761,no_action,2,10,8.2,0.82,0.0
20260761,reactive,0,10,2.22,0.14,0.82
20260761,reactive,1,10,2.6199999999999997,0.18,0.82
20260761,reactive,2,10,2.22,0.14,0.82
20260761,snapshot,0,10,4.92,0.44,0.52
20260761,snapshot,1,10,4.14,0.36,0.54
20260761,snapshot,2,10,4.359999999999999,0.38,0.56
20260761,satcap,0,10,2.22,0.14,0.82
20260761,satcap,1,10,2.6199999999999997,0.18,0.82
20260761,satcap,2,10,2.22,0.14,0.82
20260762,no_action,0,10,7.199999999999999,0.72,0.0
20260762,no_action,1,10,7.199999999999999,0.72,0.0
20260762,no_action,2,10,7.199999999999999,0.72,0.0
20260762,reactive,0,10,1.72,0.1,0.72
20260762,reactive,1,10,2.3,0.16,0.7
20260762,reactive,2,10,2.68,0.2,0.68
20260762,snapshot,0,10,1.08,0.02,0.88
20260762,snapshot,1,10,1.46,0.06,0.86
20260762,snapshot,2,10,1.8599999999999999,0.1,0.86
20260762,satcap,0,10,1.72,0.1,0.72
20260762,satcap,1,10,2.3,0.16,0.7
20260762,satcap,2,10,2.68,0.2,0.68
20260763,no_action,0,10,8.0,0.8,0.0
20260763,no_action,1,10,8.0,0.8,0.0
20260763,no_action,2,10,8.0,0.8,0.0
20260763,reactive,0,10,1.6,0.08,0.8
20260763,reactive,1,10,1.62,0.08,0.82
20260763,reactive,2,10,1.44,0.06,0.84
20260763,snapshot,0,10,1.0,0.0,1.0
20260763,snapshot,1,10,1.0,0.0,1.0
20260763,snapshot,2,10,1.0,0.0,1.0
20260763,satcap,0,10,2.4000000000000004,0.16,0.8
20260763,satcap,1,10,2.5999999999999996,0.18,0.8
20260763,satcap,2,10,2.4000000000000004,0.16,0.8
20260764,no_action,0,10,3.4000000000000004,0.34,0.0
20260764,no_action,1,10,3.4000000000000004,0.34,0.0
20260764,no_action,2,10,3.4000000000000004,0.34,0.0
20260764,reactive,0,10,2.34,0.2,0.34
20260764,reactive,1,10,2.1399999999999997,0.18,0.34
20260764,reactive,2,10,2.92,0.26,0.32
20260764,snapshot,0,10,2.4200000000000004,0.22,0.22
20260764,snapshot,1,10,2.22,0.2,0.22
20260764,snapshot,2,10,3.0000000000000004,0.28,0.2
20260764,satcap,0,10,2.34,0.2,0.34
20260764,satcap,1,10,2.1399999999999997,0.18,0.34
20260764,satcap,2,10,2.92,0.26,0.32
20260765,no_action,0,10,6.2,0.62,0.0
20260765,no_action,1,10,6.2,0.62,0.0
20260765,no_action,2,10,6.2,0.62,0.0
20260765,reactive,0,10,2.02,0.14,0.62
20260765,reactive,1,10,2.02,0.14,0.62
20260765,reactive,2,10,2.04,0.14,0.64
20260765,snapshot,0,10,1.48,0.08,0.68
20260765,snapshot,1,10,1.48,0.08,0.68
20260765,snapshot,2,10,1.88,0.12,0.68
20260765,satcap,0,10,2.02,0.14,0.62
20260765,satcap,1,10,2.02,0.14,0.62
20260765,satcap,2,10,2.04,0.14,0.64
20260766,no_action,0,10,5.6000000000000005,0.56,0.0
20260766,no_action,1,10,5.6000000000000005,0.56,0.0
20260766,no_action,2,10,5.6000000000000005,0.56,0.0
20260766,reactive,0,10,2.74,0.22,0.54
20260766,reactive,1,10,3.14,0.26,0.54
20260766,reactive,2,10,2.7600000000000002,0.22,0.56
20260766,snapshot,0,10,1.98,0.12,0.78
20260766,snapshot,1,10,1.56,0.08,0.76
20260766,snapshot,2,10,1.76,0.1,0.76
20260766,satcap,0,10,2.74,0.22,0.54
20260766,satcap,1,10,3.14,0.26,0.54
20260766,satcap,2,10,2.7600000000000002,0.22,0.56
20260767,no_action,0,10,6.0,0.6,0.0
20260767,no_action,1,10,6.0,0.6,0.0
20260767,no_action,2,10,6.0,0.6,0.0
20260767,reactive,0,10,2.8000000000000003,0.22,0.6
20260767,reactive,1,10,2.42,0.18,0.62
20260767,reactive,2,10,3.4000000000000004,0.28,0.6
20260767,snapshot,0,10,2.6,0.2,0.6
20260767,snapshot,1,10,2.8000000000000003,0.22,0.6
20260767,snapshot,2,10,3.3800000000000003,0.28,0.58
20260767,satcap,0,10,2.8000000000000003,0.22,0.6
20260767,satcap,1,10,2.42,0.18,0.62
20260767,satcap,2,10,3.4000000000000004,0.28,0.6
20260768,no_action,0,10,5.6000000000000005,0.56,0.0
20260768,no_action,1,10,5.6000000000000005,0.56,0.0
20260768,no_action,2,10,5.6000000000000005,0.56,0.0
20260768,reactive,0,10,1.76,0.12,0.56
20260768,reactive,1,10,1.9600000000000002,0.14,0.56
20260768,reactive,2,10,2.16,0.16,0.56
20260768,snapshot,0,10,5.16,0.48,0.36
20260768,snapshot,1,10,4.760000000000001,0.44,0.36
20260768,snapshot,2,10,4.5600000000000005,0.42,0.36
20260768,satcap,0,10,1.76,0.12,0.56
20260768,satcap,1,10,1.9600000000000002,0.14,0.56
20260768,satcap,2,10,2.16,0.16,0.56
20260769,no_action,0,10,9.399999999999999,0.94,0.0
20260769,no_action,1,10,9.399999999999999,0.94,0.0
20260769,no_action,2,10,9.399999999999999,0.94,0.0
20260769,reactive,0,10,1.3399999999999999,0.04,0.94
20260769,reactive,1,10,1.3399999999999999,0.04,0.94
20260769,reactive,2,10,1.52,0.06,0.92
20260769,snapshot,0,10,1.8599999999999999,0.1,0.86
20260769,snapshot,1,10,2.06,0.12,0.86
20260769,snapshot,2,10,1.8599999999999999,0.1,0.86
20260769,satcap,0,10,1.3399999999999999,0.04,0.94
20260769,satcap,1,10,1.3399999999999999,0.04,0.94
20260769,satcap,2,10,1.52,0.06,0.92
20260770,no_action,0,10,8.0,0.8,0.0
20260770,no_action,1,10,8.0,0.8,0.0
20260770,no_action,2,10,8.0,0.8,0.0
20260770,reactive,0,10,1.62,0.08,0.82
20260770,reactive,1,10,2.0,0.12,0.8
20260770,reactive,2,10,2.4000000000000004,0.16,0.8
20260770,snapshot,0,10,1.6,0.08,0.8
20260770,snapshot,1,10,2.0,0.12,0.8
20260770,snapshot,2,10,2.2,0.14,0.8
20260770,satcap,0,10,1.62,0.08,0.82
20260770,satcap,1,10,2.0,0.12,0.8
20260770,satcap,2,10,2.4000000000000004,0.16,0.8
20260771,no_action,0,10,8.4,0.84,0.0
20260771,no_action,1,10,8.4,0.84,0.0
20260771,no_action,2,10,8.4,0.84,0.0
20260771,reactive,0,10,2.02,0.12,0.82
20260771,reactive,1,10,2.42,0.16,0.82
20260771,reactive,2,10,2.22,0.14,0.82
20260771,snapshot,0,10,1.5,0.06,0.9
20260771,snapshot,1,10,1.7000000000000002,0.08,0.9
20260771,snapshot,2,10,1.9,0.1,0.9
20260771,satcap,0,10,2.02,0.12,0.82
20260771,satcap,1,10,2.42,0.16,0.82
20260771,satcap,2,10,2.22,0.14,0.82
20260772,no_action,0,10,7.800000000000001,0.78,0.0
20260772,no_action,1,10,7.800000000000001,0.78,0.0
20260772,no_action,2,10,7.800000000000001,0.78,0.0
20260772,reactive,0,10,1.58,0.08,0.78
20260772,reactive,1,10,1.98,0.12,0.78
20260772,reactive,2,10,2.0,0.12,0.8
20260772,snapshot,0,10,1.5,0.06,0.9
20260772,snapshot,1,10,1.5,0.06,0.9
20260772,snapshot,2,10,1.32,0.04,0.92
20260772,satcap,0,10,1.58,0.08,0.78
20260772,satcap,1,10,1.98,0.12,0.78
20260772,satcap,2,10,2.0,0.12,0.8
20260773,no_action,0,10,7.6,0.76,0.0
20260773,no_action,1,10,7.6,0.76,0.0
20260773,no_action,2,10,7.6,0.76,0.0
20260773,reactive,0,10,1.1600000000000001,0.04,0.76
20260773,reactive,1,10,1.56,0.08,0.76
20260773,reactive,2,10,1.96,0.12,0.76
20260773,snapshot,0,10,1.0,0.02,0.8
20260773,snapshot,1,10,1.4,0.06,0.8
20260773,snapshot,2,10,1.8,0.1,0.8
20260773,satcap,0,10,1.1600000000000001,0.04,0.76
20260773,satcap,1,10,1.56,0.08,0.76
20260773,satcap,2,10,1.96,0.12,0.76
20260774,no_action,0,10,5.4,0.54,0.0
20260774,no_action,1,10,5.4,0.54,0.0
20260774,no_action,2,10,5.4,0.54,0.0
20260774,reactive,0,10,1.9600000000000002,0.14,0.56
20260774,reactive,1,10,2.56,0.2,0.56
20260774,reactive,2,10,2.34,0.18,0.54
20260774,snapshot,0,10,2.04,0.14,0.64
20260774,snapshot,1,10,2.24,0.16,0.64
20260774,snapshot,2,10,2.44,0.18,0.64
20260774,satcap,0,10,1.9600000000000002,0.14,0.56
20260774,satcap,1,10,2.56,0.2,0.56
20260774,satcap,2,10,2.34,0.18,0.54
20260775,no_action,0,10,6.0,0.6,0.0
20260775,no_action,1,10,6.0,0.6,0.0
20260775,no_action,2,10,6.0,0.6,0.0
20260775,reactive,0,10,1.98,0.14,0.58
20260775,reactive,1,10,2.58,0.2,0.58
20260775,reactive,2,10,2.38,0.18,0.58
20260775,snapshot,0,10,1.8399999999999999,0.12,0.64
20260775,snapshot,1,10,1.8399999999999999,0.12,0.64
20260775,snapshot,2,10,1.6400000000000001,0.1,0.64
20260775,satcap,0,10,1.98,0.14,0.58
20260775,satcap,1,10,2.58,0.2,0.58
20260775,satcap,2,10,2.38,0.18,0.58
20260776,no_action,0,10,6.2,0.62,0.0
20260776,no_action,1,10,6.2,0.62,0.0
20260776,no_action,2,10,6.2,0.62,0.0
20260776,reactive,0,10,2.02,0.14,0.62
20260776,reactive,1,10,2.42,0.18,0.62
20260776,reactive,2,10,2.6,0.2,0.6
20260776,snapshot,0,10,1.28,0.04,0.88
20260776,snapshot,1,10,1.48,0.06,0.88
20260776,snapshot,2,10,1.88,0.1,0.88
20260776,satcap,0,10,2.02,0.14,0.62
20260776,satcap,1,10,2.42,0.18,0.62
20260776,satcap,2,10,2.6,0.2,0.6
20260777,no_action,0,10,6.4,0.64,0.0
20260777,no_action,1,10,6.4,0.64,0.0
20260777,no_action,2,10,6.4,0.64,0.0
20260777,reactive,0,10,2.02,0.14,0.62
20260777,reactive,1,10,2.02,0.14,0.62
20260777,reactive,2,10,2.44,0.18,0.64
20260777,snapshot,0,10,1.26,0.04,0.86
20260777,snapshot,1,10,1.28,0.04,0.88
20260777,snapshot,2,10,1.48,0.06,0.88
20260777,satcap,0,10,2.02,0.14,0.62
20260777,satcap,1,10,2.02,0.14,0.62
20260777,satcap,2,10,2.44,0.18,0.64
20260778,no_action,0,10,6.6000000000000005,0.66,0.0
20260778,no_action,1,10,6.6000000000000005,0.66,0.0
20260778,no_action,2,10,6.6000000000000005,0.66,0.0
20260778,reactive,0,10,1.46,0.08,0.66
20260778,reactive,1,10,1.8599999999999999,0.12,0.66
20260778,reactive,2,10,1.8599999999999999,0.12,0.66
20260778,snapshot,0,10,1.6,0.1,0.6
20260778,snapshot,1,10,2.0,0.14,0.6
20260778,snapshot,2,10,2.0,0.14,0.6
20260778,satcap,0,10,1.46,0.08,0.66
20260778,satcap,1,10,1.8599999999999999,0.12,0.66
20260778,satcap,2,10,1.8599999999999999,0.12,0.66
20260779,no_action,0,10,3.0,0.3,0.0
20260779,no_action,1,10,3.0,0.3,0.0
20260779,no_action,2,10,3.0,0.3,0.0
20260779,reactive,0,10,1.5,0.12,0.3
20260779,reactive,1,10,2.1199999999999997,0.18,0.32
20260779,reactive,2,10,2.1399999999999997,0.18,0.34
20260779,snapshot,0,10,1.0,0.0,1.0
20260779,snapshot,1,10,1.0,0.0,1.0
20260779,snapshot,2,10,1.0,0.0,1.0
20260779,satcap,0,10,1.0,0.0,1.0
20260779,satcap,1,10,1.0,0.0,1.0
20260779,satcap,2,10,1.0,0.0,1.0
20260780,no_action,0,10,3.2,0.32,0.0
20260780,no_action,1,10,3.2,0.32,0.0
20260780,no_action,2,10,3.2,0.32,0.0
20260780,reactive,0,10,2.5,0.22,0.3
20260780,reactive,1,10,2.3,0.2,0.3
20260780,reactive,2,10,2.6999999999999997,0.24,0.3
20260780,snapshot,0,10,1.0,0.0,1.0
20260780,snapshot,1,10,1.0,0.0,1.0
20260780,snapshot,2,10,1.0,0.0,1.0
20260780,satcap,0,10,2.5,0.22,0.3
20260780,satcap,1,10,2.3,0.2,0.3
20260780,satcap,2,10,2.6999999999999997,0.24,0.3
20260781,no_action,0,10,6.6000000000000005,0.66,0.0
20260781,no_action,1,10,6.6000000000000005,0.66,0.0
20260781,no_action,2,10,6.6000000000000005,0.66,0.0
20260781,reactive,0,10,2.06,0.14,0.66
20260781,reactive,1,10,2.2800000000000002,0.16,0.68
20260781,reactive,2,10,2.9000000000000004,0.22,0.7
20260781,snapshot,0,10,1.6600000000000001,0.08,0.86
20260781,snapshot,1,10,1.48,0.06,0.88
20260781,snapshot,2,10,1.48,0.06,0.88
20260781,satcap,0,10,2.06,0.14,0.66
20260781,satcap,1,10,2.2800000000000002,0.16,0.68
20260781,satcap,2,10,2.9000000000000004,0.22,0.7
20260782,no_action,0,10,5.6000000000000005,0.56,0.0
20260782,no_action,1,10,5.6000000000000005,0.56,0.0
20260782,no_action,2,10,5.6000000000000005,0.56,0.0
20260782,reactive,0,10,2.16,0.16,0.56
20260782,reactive,1,10,2.36,0.18,0.56
20260782,reactive,2,10,2.7600000000000002,0.22,0.56
20260782,snapshot,0,10,2.7,0.22,0.5
20260782,snapshot,1,10,2.3,0.18,0.5
20260782,snapshot,2,10,2.92,0.24,0.52
20260782,satcap,0,10,2.16,0.16,0.56
20260782,satcap,1,10,2.36,0.18,0.56
20260782,satcap,2,10,2.7600000000000002,0.22,0.56
20260783,no_action,0,10,6.4,0.64,0.0
20260783,no_action,1,10,6.4,0.64,0.0
20260783,no_action,2,10,6.4,0.64,0.0
20260783,reactive,0,10,2.62,0.2,0.62
20260783,reactive,1,10,2.6,0.2,0.6
20260783,reactive,2,10,2.98,0.24,0.58
20260783,snapshot,0,10,3.48,0.3,0.48
20260783,snapshot,1,10,3.8600000000000003,0.34,0.46
20260783,snapshot,2,10,3.8400000000000003,0.34,0.44
20260783,satcap,0,10,2.62,0.2,0.62
20260783,satcap,1,10,2.6,0.2,0.6
20260783,satcap,2,10,2.98,0.24,0.58
20260784,no_action,0,10,5.8,0.58,0.0
20260784,no_action,1,10,5.8,0.58,0.0
20260784,no_action,2,10,5.8,0.58,0.0
20260784,reactive,0,10,2.8000000000000003,0.22,0.6
20260784,reactive,1,10,2.6,0.2,0.6
20260784,reactive,2,10,2.7800000000000002,0.22,0.58
20260784,snapshot,0,10,2.2800000000000002,0.16,0.68
20260784,snapshot,1,10,1.88,0.12,0.68
20260784,snapshot,2,10,2.2800000000000002,0.16,0.68
20260784,satcap,0,10,2.8000000000000003,0.22,0.6
20260784,satcap,1,10,2.6,0.2,0.6
20260784,satcap,2,10,2.7800000000000002,0.22,0.58
20260785,no_action,0,10,6.2,0.62,0.0
20260785,no_action,1,10,6.2,0.62,0.0
20260785,no_action,2,10,6.2,0.62,0.0
20260785,reactive,0,10,1.8399999999999999,0.12,0.64
20260785,reactive,1,10,2.04,0.14,0.64
20260785,reactive,2,10,2.2600000000000002,0.16,0.66
20260785,snapshot,0,10,1.02,0.02,0.82
20260785,snapshot,1,10,1.22,0.04,0.82
20260785,snapshot,2,10,1.62,0.08,0.82
20260785,satcap,0,10,1.8399999999999999,0.12,0.64
20260785,satcap,1,10,2.04,0.14,0.64
20260785,satcap,2,10,2.2600000000000002,0.16,0.66
20260786,no_action,0,10,6.4,0.64,0.0
20260786,no_action,1,10,6.4,0.64,0.0
20260786,no_action,2,10,6.4,0.64,0.0
20260786,reactive,0,10,2.42,0.18,0.62
20260786,reactive,1,10,2.6,0.2,0.6
20260786,reactive,2,10,2.8000000000000003,0.22,0.6
20260786,snapshot,0,10,2.5,0.18,0.7
20260786,snapshot,1,10,2.7,0.2,0.7
20260786,snapshot,2,10,2.1,0.14,0.7
20260786,satcap,0,10,2.42,0.18,0.62
20260786,satcap,1,10,2.6,0.2,0.6
20260786,satcap,2,10,2.8000000000000003,0.22,0.6
20260787,no_action,0,10,5.0,0.5,0.0
20260787,no_action,1,10,5.0,0.5,0.0
20260787,no_action,2,10,5.0,0.5,0.0
20260787,reactive,0,10,1.9000000000000001,0.14,0.5
20260787,reactive,1,10,2.5,0.2,0.5
20260787,reactive,2,10,2.3,0.18,0.5
20260787,snapshot,0,10,2.7800000000000002,0.22,0.58
20260787,snapshot,1,10,2.7800000000000002,0.22,0.58
20260787,snapshot,2,10,2.98,0.24,0.58
20260787,satcap,0,10,1.9000000000000001,0.14,0.5
20260787,satcap,1,10,2.5,0.2,0.5
20260787,satcap,2,10,2.3,0.18,0.5
20260788,no_action,0,10,4.6000000000000005,0.46,0.0
20260788,no_action,1,10,4.6000000000000005,0.46,0.0
20260788,no_action,2,10,4.6000000000000005,0.46,0.0
20260788,reactive,0,10,2.48,0.2,0.48
20260788,reactive,1,10,2.88,0.24,0.48
20260788,reactive,2,10,3.3000000000000003,0.28,0.5
20260788,snapshot,0,10,2.38,0.18,0.58
20260788,snapshot,1,10,1.7799999999999998,0.12,0.58
20260788,snapshot,2,10,2.6,0.2,0.6
20260788,satcap,0,10,2.48,0.2,0.48
20260788,satcap,1,10,2.88,0.24,0.48
20260788,satcap,2,10,3.3000000000000003,0.28,0.5
20260789,no_action,0,10,5.2,0.52,0.0
20260789,no_action,1,10,5.2,0.52,0.0
20260789,no_action,2,10,5.2,0.52,0.0
20260789,reactive,0,10,1.9200000000000002,0.14,0.52
20260789,reactive,1,10,2.92,0.24,0.52
20260789,reactive,2,10,3.12,0.26,0.52
20260789,snapshot,0,10,1.1600000000000001,0.04,0.76
20260789,snapshot,1,10,1.1800000000000002,0.04,0.78
20260789,snapshot,2,10,1.38,0.06,0.78
20260789,satcap,0,10,1.9200000000000002,0.14,0.52
20260789,satcap,1,10,2.92,0.24,0.52
20260789,satcap,2,10,3.12,0.26,0.52
20260790,no_action,0,10,7.6,0.76,0.0
20260790,no_action,1,10,7.6,0.76,0.0
20260790,no_action,2,10,7.6,0.76,0.0
20260790,reactive,0,10,1.3399999999999999,0.06,0.74
20260790,reactive,1,10,1.72,0.1,0.72
20260790,reactive,2,10,2.12,0.14,0.72
20260790,snapshot,0,10,1.58,0.08,0.78
20260790,snapshot,1,10,1.56,0.08,0.76
20260790,snapshot,2,10,1.54,0.08,0.74
20260790,satcap,0,10,1.3399999999999999,0.06,0.74
20260790,satcap,1,10,1.72,0.1,0.72
20260790,satcap,2,10,2.12,0.14,0.72
20260791,no_action,0,10,5.8,0.58,0.0
20260791,no_action,1,10,5.8,0.58,0.0
20260791,no_action,2,10,5.8,0.58,0.0
20260791,reactive,0,10,2.0,0.14,0.6
20260791,reactive,1,10,2.2,0.16,0.6
20260791,reactive,2,10,2.4,0.18,0.6
20260791,snapshot,0,10,2.18,0.16,0.58
20260791,snapshot,1,10,2.0,0.14,0.6
20260791,snapshot,2,10,2.22,0.16,0.62
20260791,satcap,0,10,2.0,0.14,0.6
20260791,satcap,1,10,2.2,0.16,0.6
20260791,satcap,2,10,2.4,0.18,0.6
20260792,no_action,0,10,5.2,0.52,0.0
20260792,no_action,1,10,5.2,0.52,0.0
20260792,no_action,2,10,5.2,0.52,0.0
20260792,reactive,0,10,3.1,0.26,0.5
20260792,reactive,1,10,3.1,0.26,0.5
20260792,reactive,2,10,2.9,0.24,0.5
20260792,snapshot,0,10,3.1,0.26,0.5
20260792,snapshot,1,10,2.7,0.22,0.5
20260792,snapshot,2,10,2.9,0.24,0.5
20260792,satcap,0,10,3.1,0.26,0.5
20260792,satcap,1,10,3.1,0.26,0.5
20260792,satcap,2,10,2.9,0.24,0.5
20260793,no_action,0,10,4.6000000000000005,0.46,0.0
20260793,no_action,1,10,4.6000000000000005,0.46,0.0
20260793,no_action,2,10,4.6000000000000005,0.46,0.0
20260793,reactive,0,10,2.26,0.18,0.46
20260793,reactive,1,10,2.48,0.2,0.48
20260793,reactive,2,10,2.86,0.24,0.46
20260793,snapshot,0,10,1.04,0.02,0.84
20260793,snapshot,1,10,1.44,0.06,0.84
20260793,snapshot,2,10,1.46,0.06,0.86
20260793,satcap,0,10,2.26,0.18,0.46
20260793,satcap,1,10,2.48,0.2,0.48
20260793,satcap,2,10,2.86,0.24,0.46
20260794,no_action,0,10,4.0,0.4,0.0
20260794,no_action,1,10,4.0,0.4,0.0
20260794,no_action,2,10,4.0,0.4,0.0
20260794,reactive,0,10,2.38,0.2,0.38
20260794,reactive,1,10,2.96,0.26,0.36
20260794,reactive,2,10,2.96,0.26,0.36
20260794,snapshot,0,10,2.6799999999999997,0.24,0.28
20260794,snapshot,1,10,3.4800000000000004,0.32,0.28
20260794,snapshot,2,10,2.4800000000000004,0.22,0.28
20260794,satcap,0,10,2.38,0.2,0.38
20260794,satcap,1,10,2.96,0.26,0.36
20260794,satcap,2,10,2.96,0.26,0.36
20260795,no_action,0,10,6.6000000000000005,0.66,0.0
20260795,no_action,1,10,6.6000000000000005,0.66,0.0
20260795,no_action,2,10,6.6000000000000005,0.66,0.0
20260795,reactive,0,10,2.04,0.14,0.64
20260795,reactive,1,10,2.44,0.18,0.64
20260795,reactive,2,10,2.8200000000000003,0.22,0.62
20260795,snapshot,0,10,2.24,0.16,0.64
20260795,snapshot,1,10,2.04,0.14,0.64
20260795,snapshot,2,10,2.42,0.18,0.62
20260795,satcap,0,10,2.04,0.14,0.64
20260795,satcap,1,10,2.44,0.18,0.64
20260795,satcap,2,10,2.8200000000000003,0.22,0.62
20260796,no_action,0,10,9.0,0.9,0.0
20260796,no_action,1,10,9.0,0.9,0.0
20260796,no_action,2,10,9.0,0.9,0.0
20260796,reactive,0,10,1.7000000000000002,0.08,0.9
20260796,reactive,1,10,1.5,0.06,0.9
20260796,reactive,2,10,1.7000000000000002,0.08,0.9
20260796,snapshot,0,10,1.16,0.02,0.96
20260796,snapshot,1,10,1.16,0.02,0.96
20260796,snapshot,2,10,1.3599999999999999,0.04,0.96
20260796,satcap,0,10,1.7000000000000002,0.08,0.9
20260796,satcap,1,10,1.5,0.06,0.9
20260796,satcap,2,10,1.7000000000000002,0.08,0.9
20260797,no_action,0,10,5.6000000000000005,0.56,0.0
20260797,no_action,1,10,5.6000000000000005,0.56,0.0
20260797,no_action,2,10,5.6000000000000005,0.56,0.0
20260797,reactive,0,10,1.54,0.1,0.54
20260797,reactive,1,10,1.74,0.12,0.54
20260797,reactive,2,10,1.9200000000000002,0.14,0.52
20260797,snapshot,0,10,1.1,0.04,0.7
20260797,snapshot,1,10,1.6800000000000002,0.1,0.68
20260797,snapshot,2,10,1.6600000000000001,0.1,0.66
20260797,satcap,0,10,1.54,0.1,0.54
20260797,satcap,1,10,1.74,0.12,0.54
20260797,satcap,2,10,1.9200000000000002,0.14,0.52
20260798,no_action,0,10,5.0,0.5,0.0
20260798,no_action,1,10,5.0,0.5,0.0
20260798,no_action,2,10,5.0,0.5,0.0
20260798,reactive,0,10,1.7,0.12,0.5
20260798,reactive,1,10,2.28,0.18,0.48
20260798,reactive,2,10,2.26,0.18,0.46
20260798,snapshot,0,10,1.28,0.06,0.68
20260798,snapshot,1,10,1.2999999999999998,0.06,0.7
20260798,snapshot,2,10,1.1,0.04,0.7
20260798,satcap,0,10,1.7,0.12,0.5
20260798,satcap,1,10,2.28,0.18,0.48
20260798,satcap,2,10,2.26,0.18,0.46
20260799,no_action,0,10,5.6000000000000005,0.56,0.0
20260799,no_action,1,10,5.6000000000000005,0.56,0.0
20260799,no_action,2,10,5.6000000000000005,0.56,0.0
20260799,reactive,0,10,1.76,0.12,0.56
20260799,reactive,1,10,2.14,0.16,0.54
20260799,reactive,2,10,2.54,0.2,0.54
20260799,snapshot,0,10,5.040000000000001,0.46,0.44
20260799,snapshot,1,10,4.66,0.42,0.46
20260799,snapshot,2,10,4.48,0.4,0.48
20260799,satcap,0,10,1.76,0.12,0.56
20260799,satcap,1,10,2.14,0.16,0.54
20260799,satcap,2,10,2.54,0.2,0.54
20260800,no_action,0,10,6.4,0.64,0.0
20260800,no_action,1,10,6.4,0.64,0.0
20260800,no_action,2,10,6.4,0.64,0.0
20260800,reactive,0,10,1.6400000000000001,0.1,0.64
20260800,reactive,1,10,1.8199999999999998,0.12,0.62
20260800,reactive,2,10,2.22,0.16,0.62
20260800,snapshot,0,10,2.16,0.16,0.56
20260800,snapshot,1,10,2.16,0.16,0.56
20260800,snapshot,2,10,2.38,0.18,0.58
20260800,satcap,0,10,1.6400000000000001,0.1,0.64
20260800,satcap,1,10,1.8199999999999998,0.12,0.62
20260800,satcap,2,10,2.22,0.16,0.62
20260801,no_action,0,10,4.2,0.42,0.0
20260801,no_action,1,10,4.2,0.42,0.0
20260801,no_action,2,10,4.2,0.42,0.0
20260801,reactive,0,10,1.24,0.08,0.44
20260801,reactive,1,10,1.66,0.12,0.46
20260801,reactive,2,10,1.8800000000000001,0.14,0.48
20260801,snapshot,0,10,1.0,0.02,0.8
20260801,snapshot,1,10,1.0,0.02,0.8
20260801,snapshot,2,10,1.0,0.02,0.8
20260801,satcap,0,10,1.24,0.08,0.44
20260801,satcap,1,10,1.66,0.12,0.46
20260801,satcap,2,10,1.8800000000000001,0.14,0.48
20260802,no_action,0,10,8.0,0.8,0.0
20260802,no_action,1,10,8.0,0.8,0.0
20260802,no_action,2,10,8.0,0.8,0.0
20260802,reactive,0,10,2.0,0.12,0.8
20260802,reactive,1,10,2.22,0.14,0.82
20260802,reactive,2,10,2.44,0.16,0.84
20260802,snapshot,0,10,4.9,0.44,0.5
20260802,snapshot,1,10,4.52,0.4,0.52
20260802,snapshot,2,10,4.7,0.42,0.5
20260802,satcap,0,10,2.0,0.12,0.8
20260802,satcap,1,10,2.22,0.14,0.82
20260802,satcap,2,10,2.44,0.16,0.84
20260803,no_action,0,10,5.8,0.58,0.0
20260803,no_action,1,10,5.8,0.58,0.0
20260803,no_action,2,10,5.8,0.58,0.0
20260803,reactive,0,10,1.98,0.14,0.58
20260803,reactive,1,10,2.16,0.16,0.56
20260803,reactive,2,10,2.36,0.18,0.56
20260803,snapshot,0,10,2.34,0.16,0.74
20260803,snapshot,1,10,1.96,0.12,0.76
20260803,snapshot,2,10,1.56,0.08,0.76
20260803,satcap,0,10,1.6,0.1,0.6
20260803,satcap,1,10,1.98,0.14,0.58
20260803,satcap,2,10,2.58,0.2,0.58
20260804,no_action,0,10,7.4,0.74,0.0
20260804,no_action,1,10,7.4,0.74,0.0
20260804,no_action,2,10,7.4,0.74,0.0
20260804,reactive,0,10,2.74,0.2,0.74
20260804,reactive,1,10,2.54,0.18,0.74
20260804,reactive,2,10,2.16,0.14,0.76
20260804,snapshot,0,10,1.96,0.12,0.76
20260804,snapshot,1,10,1.78,0.1,0.78
20260804,snapshot,2,10,2.18,0.14,0.78
20260804,satcap,0,10,2.74,0.2,0.74
20260804,satcap,1,10,2.54,0.18,0.74
20260804,satcap,2,10,2.16,0.14,0.76
20260805,no_action,0,10,7.6,0.76,0.0
20260805,no_action,1,10,7.6,0.76,0.0
20260805,no_action,2,10,7.6,0.76,0.0
20260805,reactive,0,10,2.34,0.16,0.74
20260805,reactive,1,10,2.16,0.14,0.76
20260805,reactive,2,10,2.54,0.18,0.74
20260805,snapshot,0,10,2.8600000000000003,0.22,0.66
20260805,snapshot,1,10,3.24,0.26,0.64
20260805,snapshot,2,10,3.24,0.26,0.64
20260805,satcap,0,10,2.34,0.16,0.74
20260805,satcap,1,10,2.16,0.14,0.76
20260805,satcap,2,10,2.54,0.18,0.74
20260806,no_action,0,10,4.6000000000000005,0.46,0.0
20260806,no_action,1,10,4.6000000000000005,0.46,0.0
20260806,no_action,2,10,4.6000000000000005,0.46,0.0
20260806,reactive,0,10,2.66,0.22,0.46
20260806,reactive,1,10,3.06,0.26,0.46
20260806,reactive,2,10,3.44,0.3,0.44
20260806,snapshot,0,10,2.42,0.2,0.42
20260806,snapshot,1,10,2.62,0.22,0.42
20260806,snapshot,2,10,3.0,0.26,0.4
20260806,satcap,0,10,2.66,0.22,0.46
20260806,satcap,1,10,3.06,0.26,0.46
20260806,satcap,2,10,3.44,0.3,0.44
20260807,no_action,0,10,4.6000000000000005,0.46,0.0
20260807,no_action,1,10,4.6000000000000005,0.46,0.0
20260807,no_action,2,10,4.6000000000000005,0.46,0.0
20260807,reactive,0,10,1.48,0.1,0.48
20260807,reactive,1,10,1.7,0.12,0.5
20260807,reactive,2,10,2.12,0.16,0.52
20260807,snapshot,0,10,1.6,0.1,0.6
20260807,snapshot,1,10,1.7999999999999998,0.12,0.6
20260807,snapshot,2,10,2.42,0.18,0.62
20260807,satcap,0,10,1.48,0.1,0.48
20260807,satcap,1,10,1.7,0.12,0.5
20260807,satcap,2,10,2.12,0.16,0.52
20260808,no_action,0,10,5.4,0.54,0.0
20260808,no_action,1,10,5.4,0.54,0.0
20260808,no_action,2,10,5.4,0.54,0.0
20260808,reactive,0,10,1.74,0.12,0.54
20260808,reactive,1,10,1.9400000000000002,0.14,0.54
20260808,reactive,2,10,2.54,0.2,0.54
20260808,snapshot,0,10,1.7799999999999998,0.12,0.58
20260808,snapshot,1,10,1.98,0.14,0.58
20260808,snapshot,2,10,2.18,0.16,0.58
20260808,satcap,0,10,2.18,0.14,0.78
20260808,satcap,1,10,2.16,0.14,0.76
20260808,satcap,2,10,1.98,0.12,0.78
20260809,no_action,0,10,4.0,0.4,0.0
20260809,no_action,1,10,4.0,0.4,0.0
20260809,no_action,2,10,4.0,0.4,0.0
20260809,reactive,0,10,1.8000000000000003,0.14,0.4
20260809,reactive,1,10,2.0,0.16,0.4
20260809,reactive,2,10,1.98,0.16,0.38
20260809,snapshot,0,10,1.68,0.12,0.48
20260809,snapshot,1,10,1.8800000000000001,0.14,0.48
20260809,snapshot,2,10,1.66,0.12,0.46
20260809,satcap,0,10,1.8000000000000003,0.14,0.4
20260809,satcap,1,10,2.0,0.16,0.4
20260809,satcap,2,10,1.98,0.16,0.38
20260810,no_action,0,10,6.0,0.6,0.0
20260810,no_action,1,10,6.0,0.6,0.0
20260810,no_action,2,10,6.0,0.6,0.0
20260810,reactive,0,10,2.22,0.16,0.62
20260810,reactive,1,10,2.04,0.14,0.64
20260810,reactive,2,10,2.24,0.16,0.64
20260810,snapshot,0,10,1.98,0.14,0.58
20260810,snapshot,1,10,2.0,0.14,0.6
20260810,snapshot,2,10,1.8199999999999998,0.12,0.62
20260810,satcap,0,10,2.22,0.16,0.62
20260810,satcap,1,10,2.04,0.14,0.64
20260810,satcap,2,10,2.24,0.16,0.64
20260811,no_action,0,10,7.4,0.74,0.0
20260811,no_action,1,10,7.4,0.74,0.0
20260811,no_action,2,10,7.4,0.74,0.0
20260811,reactive,0,10,1.74,0.1,0.74
20260811,reactive,1,10,2.12,0.14,0.72
20260811,reactive,2,10,2.3200000000000003,0.16,0.72
20260811,snapshot,0,10,2.08,0.14,0.68
20260811,snapshot,1,10,2.46,0.18,0.66
20260811,snapshot,2,10,3.06,0.24,0.66
20260811,satcap,0,10,1.74,0.1,0.74
20260811,satcap,1,10,2.12,0.14,0.72
20260811,satcap,2,10,2.3200000000000003,0.16,0.72
20260812,no_action,0,10,6.800000000000001,0.68,0.0
20260812,no_action,1,10,6.800000000000001,0.68,0.0
20260812,no_action,2,10,6.800000000000001,0.68,0.0
20260812,reactive,0,10,1.48,0.08,0.68
20260812,reactive,1,10,2.2600000000000002,0.16,0.66
20260812,reactive,2,10,2.8600000000000003,0.22,0.66
20260812,snapshot,0,10,1.7,0.1,0.7
20260812,snapshot,1,10,2.1,0.14,0.7
20260812,snapshot,2,10,2.5,0.18,0.7
20260812,satcap,0,10,1.48,0.08,0.68
20260812,satcap,1,10,2.2600000000000002,0.16,0.66
20260812,satcap,2,10,2.8600000000000003,0.22,0.66
20260813,no_action,0,10,5.0,0.5,0.0
20260813,no_action,1,10,5.0,0.5,0.0
20260813,no_action,2,10,5.0,0.5,0.0
20260813,reactive,0,10,1.9000000000000001,0.14,0.5
20260813,reactive,1,10,2.5,0.2,0.5
20260813,reactive,2,10,2.5,0.2,0.5
20260813,snapshot,0,10,2.2399999999999998,0.18,0.44
20260813,snapshot,1,10,2.64,0.22,0.44
20260813,snapshot,2,10,2.64,0.22,0.44
20260813,satcap,0,10,1.9000000000000001,0.14,0.5
20260813,satcap,1,10,2.5,0.2,0.5
20260813,satcap,2,10,2.5,0.2,0.5
20260814,no_action,0,10,4.4,0.44,0.0
20260814,no_action,1,10,4.4,0.44,0.0
20260814,no_action,2,10,4.4,0.44,0.0
20260814,reactive,0,10,2.06,0.16,0.46
20260814,reactive,1,10,2.86,0.24,0.46
20260814,reactive,2,10,3.08,0.26,0.48
20260814,snapshot,0,10,1.5,0.1,0.5
20260814,snapshot,1,10,2.5,0.2,0.5
20260814,snapshot,2,10,2.72,0.22,0.52
20260814,satcap,0,10,2.06,0.16,0.46
20260814,satcap,1,10,2.86,0.24,0.46
20260814,satcap,2,10,3.08,0.26,0.48
20260815,no_action,0,10,7.800000000000001,0.78,0.0
20260815,no_action,1,10,7.800000000000001,0.78,0.0
20260815,no_action,2,10,7.800000000000001,0.78,0.0
20260815,reactive,0,10,1.96,0.12,0.76
20260815,reactive,1,10,2.9400000000000004,0.22,0.74
20260815,reactive,2,10,3.12,0.24,0.72
20260815,snapshot,0,10,3.9400000000000004,0.34,0.54
20260815,snapshot,1,10,4.52,0.4,0.52
20260815,snapshot,2,10,4.1,0.36,0.5
20260815,satcap,0,10,1.96,0.12,0.76
20260815,satcap,1,10,2.9400000000000004,0.22,0.74
20260815,satcap,2,10,3.12,0.24,0.72
20260816,no_action,0,10,6.2,0.62,0.0
20260816,no_action,1,10,6.2,0.62,0.0
20260816,no_action,2,10,6.2,0.62,0.0
20260816,reactive,0,10,2.8000000000000003,0.22,0.6
20260816,reactive,1,10,3.3800000000000003,0.28,0.58
20260816,reactive,2,10,3.16,0.26,0.56
20260816,snapshot,0,10,3.14,0.26,0.54
20260816,snapshot,1,10,3.14,0.26,0.54
20260816,snapshot,2,10,3.52,0.3,0.52
20260816,satcap,0,10,2.8000000000000003,0.22,0.6
20260816,satcap,1,10,3.3800000000000003,0.28,0.58
20260816,satcap,2,10,3.16,0.26,0.56
20260817,no_action,0,10,8.8,0.88,0.0
20260817,no_action,1,10,8.8,0.88,0.0
20260817,no_action,2,10,8.8,0.88,0.0
20260817,reactive,0,10,1.48,0.06,0.88
20260817,reactive,1,10,1.48,0.06,0.88
20260817,reactive,2,10,1.6600000000000001,0.08,0.86
20260817,snapshot,0,10,7.960000000000001,0.78,0.16
20260817,snapshot,1,10,8.18,0.8,0.18
20260817,snapshot,2,10,8.0,0.78,0.2
20260817,satcap,0,10,1.48,0.06,0.88
20260817,satcap,1,10,1.48,0.06,0.88
20260817,satcap,2,10,1.6600000000000001,0.08,0.86
20260818,no_action,0,10,4.6000000000000005,0.46,0.0
20260818,no_action,1,10,4.6000000000000005,0.46,0.0
20260818,no_action,2,10,4.6000000000000005,0.46,0.0
20260818,reactive,0,10,2.06,0.16,0.46
20260818,reactive,1,10,1.66,0.12,0.46
20260818,reactive,2,10,2.26,0.18,0.46
20260818,snapshot,0,10,1.88,0.12,0.68
20260818,snapshot,1,10,1.28,0.06,0.68
20260818,snapshot,2,10,1.6800000000000002,0.1,0.68
20260818,satcap,0,10,2.06,0.16,0.46
20260818,satcap,1,10,1.66,0.12,0.46
20260818,satcap,2,10,2.26,0.18,0.46
20260819,no_action,0,10,3.4000000000000004,0.34,0.0
20260819,no_action,1,10,3.4000000000000004,0.34,0.0
20260819,no_action,2,10,3.4000000000000004,0.34,0.0
20260819,reactive,0,10,1.1400000000000001,0.08,0.34
20260819,reactive,1,10,1.1400000000000001,0.08,0.34
20260819,reactive,2,10,1.34,0.1,0.34
20260819,snapshot,0,10,1.5,0.12,0.3
20260819,snapshot,1,10,1.32,0.1,0.32
20260819,snapshot,2,10,1.7200000000000002,0.14,0.32
20260819,satcap,0,10,1.1400000000000001,0.08,0.34
20260819,satcap,1,10,1.1400000000000001,0.08,0.34
20260819,satcap,2,10,1.34,0.1,0.34
20260820,no_action,0,10,9.8,0.98,0.0
20260820,no_action,1,10,9.8,0.98,0.0
20260820,no_action,2,10,9.8,0.98,0.0
20260820,reactive,0,10,1.18,0.02,0.98
20260820,reactive,1,10,1.18,0.02,0.98
20260820,reactive,2,10,1.18,0.02,0.98
20260820,snapshot,0,10,1.18,0.02,0.98
20260820,snapshot,1,10,1.18,0.02,0.98
20260820,snapshot,2,10,1.18,0.02,0.98
20260820,satcap,0,10,1.18,0.02,0.98
20260820,satcap,1,10,1.18,0.02,0.98
20260820,satcap,2,10,1.18,0.02,0.98
20260821,no_action,0,10,5.8,0.58,0.0
20260821,no_action,1,10,5.8,0.58,0.0
20260821,no_action,2,10,5.8,0.58,0.0
20260821,reactive,0,10,2.38,0.18,0.58
20260821,reactive,1,10,2.4,0.18,0.6
20260821,reactive,2,10,2.42,0.18,0.62
20260821,snapshot,0,10,1.6,0.08,0.8
20260821,snapshot,1,10,1.6,0.08,0.8
20260821,snapshot,2,10,1.6,0.08,0.8
20260821,satcap,0,10,2.38,0.18,0.58
20260821,satcap,1,10,2.4,0.18,0.6
20260821,satcap,2,10,2.42,0.18,0.62
20260822,no_action,0,10,7.199999999999999,0.72,0.0
20260822,no_action,1,10,7.199999999999999,0.72,0.0
20260822,no_action,2,10,7.199999999999999,0.72,0.0
20260822,reactive,0,10,1.72,0.1,0.72
20260822,reactive,1,10,1.74,0.1,0.74
20260822,reactive,2,10,1.3599999999999999,0.06,0.76
20260822,snapshot,0,10,1.52,0.08,0.72
20260822,snapshot,1,10,2.14,0.14,0.74
20260822,snapshot,2,10,1.96,0.12,0.76
20260822,satcap,0,10,1.72,0.1,0.72
20260822,satcap,1,10,1.74,0.1,0.74
20260822,satcap,2,10,1.3599999999999999,0.06,0.76
20260823,no_action,0,10,4.6000000000000005,0.46,0.0
20260823,no_action,1,10,4.6000000000000005,0.46,0.0
20260823,no_action,2,10,4.6000000000000005,0.46,0.0
20260823,reactive,0,10,2.06,0.16,0.46
20260823,reactive,1,10,2.08,0.16,0.48
20260823,reactive,2,10,2.08,0.16,0.48
20260823,snapshot,0,10,2.2399999999999998,0.18,0.44
20260823,snapshot,1,10,2.06,0.16,0.46
20260823,snapshot,2,10,2.66,0.22,0.46
20260823,satcap,0,10,3.1,0.26,0.5
20260823,satcap,1,10,3.3200000000000003,0.28,0.52
20260823,satcap,2,10,2.52,0.2,0.52
20260824,no_action,0,10,6.4,0.64,0.0
20260824,no_action,1,10,6.4,0.64,0.0
20260824,no_action,2,10,6.4,0.64,0.0
20260824,reactive,0,10,2.04,0.14,0.64
20260824,reactive,1,10,2.22,0.16,0.62
20260824,reactive,2,10,2.6,0.2,0.6
20260824,snapshot,0,10,2.2600000000000002,0.16,0.66
20260824,snapshot,1,10,2.44,0.18,0.64
20260824,snapshot,2,10,2.8200000000000003,0.22,0.62
20260824,satcap,0,10,2.04,0.14,0.64
20260824,satcap,1,10,2.22,0.16,0.62
20260824,satcap,2,10,2.6,0.2,0.6
20260825,no_action,0,10,6.0,0.6,0.0
20260825,no_action,1,10,6.0,0.6,0.0
20260825,no_action,2,10,6.0,0.6,0.0
20260825,reactive,0,10,2.0,0.14,0.6
20260825,reactive,1,10,2.58,0.2,0.58
20260825,reactive,2,10,2.38,0.18,0.58
20260825,snapshot,0,10,2.46,0.2,0.46
20260825,snapshot,1,10,3.04,0.26,0.44
20260825,snapshot,2,10,3.24,0.28,0.44
20260825,satcap,0,10,2.0,0.14,0.6
20260825,satcap,1,10,2.58,0.2,0.58
20260825,satcap,2,10,2.38,0.18,0.58
20260826,no_action,0,10,6.800000000000001,0.68,0.0
20260826,no_action,1,10,6.800000000000001,0.68,0.0
20260826,no_action,2,10,6.800000000000001,0.68,0.0
20260826,reactive,0,10,1.88,0.12,0.68
20260826,reactive,1,10,2.48,0.18,0.68
20260826,reactive,2,10,2.68,0.2,0.68
20260826,snapshot,0,10,1.76,0.1,0.76
20260826,snapshot,1,10,2.18,0.14,0.78
20260826,snapshot,2,10,1.98,0.12,0.78
20260826,satcap,0,10,1.0,0.0,1.0
20260826,satcap,1,10,1.0,0.0,1.0
20260826,satcap,2,10,1.0,0.0,1.0
20260727,no_action,0,20,12.4,0.62,0.0
20260727,no_action,1,20,12.4,0.62,0.0
20260727,no_action,2,20,12.4,0.62,0.0
20260727,reactive,0,20,2.62,0.1,0.62
20260727,reactive,1,20,3.02,0.12,0.62
20260727,reactive,2,20,4.199999999999999,0.18,0.6
20260727,snapshot,0,20,2.7,0.1,0.7
20260727,snapshot,1,20,2.7,0.1,0.7
20260727,snapshot,2,20,2.3,0.08,0.7
20260727,satcap,0,20,2.62,0.1,0.62
20260727,satcap,1,20,3.02,0.12,0.62
20260727,satcap,2,20,4.199999999999999,0.18,0.6
20260728,no_action,0,20,6.4,0.32,0.0
20260728,no_action,1,20,6.4,0.32,0.0
20260728,no_action,2,20,6.4,0.32,0.0
20260728,reactive,0,20,3.1,0.14,0.3
20260728,reactive,1,20,2.6999999999999997,0.12,0.3
20260728,reactive,2,20,3.8999999999999995,0.18,0.3
20260728,snapshot,0,20,2.0,0.08,0.4
20260728,snapshot,1,20,2.0,0.08,0.4
20260728,snapshot,2,20,3.9999999999999996,0.18,0.4
20260728,satcap,0,20,3.1,0.14,0.3
20260728,satcap,1,20,2.6999999999999997,0.12,0.3
20260728,satcap,2,20,3.8999999999999995,0.18,0.3
20260729,no_action,0,20,11.200000000000001,0.56,0.0
20260729,no_action,1,20,11.200000000000001,0.56,0.0
20260729,no_action,2,20,11.200000000000001,0.56,0.0
20260729,reactive,0,20,3.3400000000000003,0.14,0.54
20260729,reactive,1,20,4.16,0.18,0.56
20260729,reactive,2,20,4.58,0.2,0.58
20260729,snapshot,0,20,2.34,0.08,0.74
20260729,snapshot,1,20,2.76,0.1,0.76
20260729,snapshot,2,20,3.5600000000000005,0.14,0.76
20260729,satcap,0,20,2.42,0.08,0.82
20260729,satcap,1,20,2.8,0.1,0.8
20260729,satcap,2,20,3.2,0.12,0.8
20260730,no_action,0,20,12.4,0.62,0.0
20260730,no_action,1,20,12.4,0.62,0.0
20260730,no_action,2,20,12.4,0.62,0.0
20260730,reactive,0,20,2.62,0.1,0.62
20260730,reactive,1,20,4.22,0.18,0.62
20260730,reactive,2,20,4.22,0.18,0.62
20260730,snapshot,0,20,3.92,0.16,0.72
20260730,snapshot,1,20,4.319999999999999,0.18,0.72
20260730,snapshot,2,20,4.3,0.18,0.7
20260730,satcap,0,20,2.62,0.1,0.62
20260730,satcap,1,20,4.22,0.18,0.62
20260730,satcap,2,20,4.22,0.18,0.62
20260731,no_action,0,20,10.8,0.54,0.0
20260731,no_action,1,20,10.8,0.54,0.0
20260731,no_action,2,20,10.8,0.54,0.0
20260731,reactive,0,20,2.54,0.1,0.54
20260731,reactive,1,20,3.3200000000000003,0.14,0.52
20260731,reactive,2,20,4.119999999999999,0.18,0.52
20260731,snapshot,0,20,1.96,0.06,0.76
20260731,snapshot,1,20,1.56,0.04,0.76
20260731,snapshot,2,20,2.76,0.1,0.76
20260731,satcap,0,20,2.54,0.1,0.54
20260731,satcap,1,20,3.3200000000000003,0.14,0.52
20260731,satcap,2,20,4.119999999999999,0.18,0.52
20260732,no_action,0,20,13.200000000000001,0.66,0.0
20260732,no_action,1,20,13.200000000000001,0.66,0.0
20260732,no_action,2,20,13.200000000000001,0.66,0.0
20260732,reactive,0,20,3.8600000000000003,0.16,0.66
20260732,reactive,1,20,4.66,0.2,0.66
20260732,reactive,2,20,6.260000000000001,0.28,0.66
20260732,snapshot,0,20,4.6,0.2,0.6
20260732,snapshot,1,20,5.0,0.22,0.6
20260732,snapshot,2,20,6.6,0.3,0.6
20260732,satcap,0,20,3.8600000000000003,0.16,0.66
20260732,satcap,1,20,4.66,0.2,0.66
20260732,satcap,2,20,6.260000000000001,0.28,0.66
20260733,no_action,0,20,13.600000000000001,0.68,0.0
20260733,no_action,1,20,13.600000000000001,0.68,0.0
20260733,no_action,2,20,13.600000000000001,0.68,0.0
20260733,reactive,0,20,2.68,0.1,0.68
20260733,reactive,1,20,3.08,0.12,0.68
20260733,reactive,2,20,3.8800000000000003,0.16,0.68
20260733,snapshot,0,20,3.4800000000000004,0.14,0.68
20260733,snapshot,1,20,3.8800000000000003,0.16,0.68
20260733,snapshot,2,20,5.08,0.22,0.68
20260733,satcap,0,20,2.68,0.1,0.68
20260733,satcap,1,20,3.08,0.12,0.68
20260733,satcap,2,20,3.8800000000000003,0.16,0.68
20260734,no_action,0,20,11.200000000000001,0.56,0.0
20260734,no_action,1,20,11.200000000000001,0.56,0.0
20260734,no_action,2,20,11.200000000000001,0.56,0.0
20260734,reactive,0,20,3.3400000000000003,0.14,0.54
20260734,reactive,1,20,4.92,0.22,0.52
20260734,reactive,2,20,4.9,0.22,0.5
20260734,snapshot,0,20,1.98,0.06,0.78
20260734,snapshot,1,20,2.76,0.1,0.76
20260734,snapshot,2,20,2.74,0.1,0.74
20260734,satcap,0,20,3.3400000000000003,0.14,0.54
20260734,satcap,1,20,4.92,0.22,0.52
20260734,satcap,2,20,4.9,0.22,0.5
20260735,no_action,0,20,9.200000000000001,0.46,0.0
20260735,no_action,1,20,9.200000000000001,0.46,0.0
20260735,no_action,2,20,9.200000000000001,0.46,0.0
20260735,reactive,0,20,3.68,0.16,0.48
20260735,reactive,1,20,4.880000000000001,0.22,0.48
20260735,reactive,2,20,5.279999999999999,0.24,0.48
20260735,snapshot,0,20,7.739999999999999,0.38,0.14
20260735,snapshot,1,20,7.739999999999999,0.38,0.14
20260735,snapshot,2,20,8.16,0.4,0.16
20260735,satcap,0,20,8.52,0.42,0.12
20260735,satcap,1,20,7.739999999999999,0.38,0.14
20260735,satcap,2,20,7.339999999999999,0.36,0.14
20260736,no_action,0,20,17.2,0.86,0.0
20260736,no_action,1,20,17.2,0.86,0.0
20260736,no_action,2,20,17.2,0.86,0.0
20260736,reactive,0,20,2.08,0.06,0.88
20260736,reactive,1,20,1.7000000000000002,0.04,0.9
20260736,reactive,2,20,2.5,0.08,0.9
20260736,snapshot,0,20,3.96,0.16,0.76
20260736,snapshot,1,20,2.7800000000000002,0.1,0.78
20260736,snapshot,2,20,3.6000000000000005,0.14,0.8
20260736,satcap,0,20,2.08,0.06,0.88
20260736,satcap,1,20,1.7000000000000002,0.04,0.9
20260736,satcap,2,20,2.5,0.08,0.9
20260737,no_action,0,20,10.8,0.54,0.0
20260737,no_action,1,20,10.8,0.54,0.0
20260737,no_action,2,20,10.8,0.54,0.0
20260737,reactive,0,20,2.54,0.1,0.54
20260737,reactive,1,20,3.72,0.16,0.52
20260737,reactive,2,20,4.119999999999999,0.18,0.52
20260737,snapshot,0,20,1.56,0.04,0.76
20260737,snapshot,1,20,2.3600000000000003,0.08,0.76
20260737,snapshot,2,20,3.54,0.14,0.74
20260737,satcap,0,20,2.54,0.1,0.54
20260737,satcap,1,20,3.72,0.16,0.52
20260737,satcap,2,20,4.119999999999999,0.18,0.52
20260738,no_action,0,20,12.8,0.64,0.0
20260738,no_action,1,20,12.8,0.64,0.0
20260738,no_action,2,20,12.8,0.64,0.0
20260738,reactive,0,20,3.8200000000000003,0.16,0.62
20260738,reactive,1,20,5.0,0.22,0.6
20260738,reactive,2,20,4.199999999999999,0.18,0.6
20260738,snapshot,0,20,3.4400000000000004,0.14,0.64
20260738,snapshot,1,20,5.0200000000000005,0.22,0.62
20260738,snapshot,2,20,4.22,0.18,0.62
20260738,satcap,0,20,3.8200000000000003,0.16,0.62
20260738,satcap,1,20,5.0,0.22,0.6
20260738,satcap,2,20,4.199999999999999,0.18,0.6
20260739,no_action,0,20,11.6,0.58,0.0
20260739,no_action,1,20,11.6,0.58,0.0
20260739,no_action,2,20,11.6,0.58,0.0
20260739,reactive,0,20,4.16,0.18,0.56
20260739,reactive,1,20,4.54,0.2,0.54
20260739,reactive,2,20,4.54,0.2,0.54
20260739,snapshot,0,20,1.6,0.04,0.8
20260739,snapshot,1,20,1.98,0.06,0.78
20260739,snapshot,2,20,2.38,0.08,0.78
20260739,satcap,0,20,4.16,0.18,0.56
20260739,satcap,1,20,4.54,0.2,0.54
20260739,satcap,2,20,4.54,0.2,0.54
20260740,no_action,0,20,10.8,0.54,0.0
20260740,no_action,1,20,10.8,0.54,0.0
20260740,no_action,2,20,10.8,0.54,0.0
20260740,reactive,0,20,3.72,0.16,0.52
20260740,reactive,1,20,3.72,0.16,0.52
20260740,reactive,2,20,4.1,0.18,0.5
20260740,snapshot,0,20,4.06,0.18,0.46
20260740,snapshot,1,20,4.46,0.2,0.46
20260740,snapshot,2,20,4.840000000000001,0.22,0.44
20260740,satcap,0,20,3.72,0.16,0.52
20260740,satcap,1,20,3.72,0.16,0.52
20260740,satcap,2,20,4.1,0.18,0.5
20260741,no_action,0,20,10.4,0.52,0.0
20260741,no_action,1,20,10.4,0.52,0.0
20260741,no_action,2,20,10.4,0.52,0.0
20260741,reactive,0,20,3.7,0.16,0.5
20260741,reactive,1,20,4.880000000000001,0.22,0.48
20260741,reactive,2,20,4.48,0.2,0.48
20260741,snapshot,0,20,1.96,0.06,0.76
20260741,snapshot,1,20,2.3600000000000003,0.08,0.76
20260741,snapshot,2,20,3.1399999999999997,0.12,0.74
20260741,satcap,0,20,3.7,0.16,0.5
20260741,satcap,1,20,4.880000000000001,0.22,0.48
20260741,satcap,2,20,4.48,0.2,0.48
20260742,no_action,0,20,9.200000000000001,0.46,0.0
20260742,no_action,1,20,9.200000000000001,0.46,0.0
20260742,no_action,2,20,9.200000000000001,0.46,0.0
20260742,reactive,0,20,4.880000000000001,0.22,0.48
20260742,reactive,1,20,5.68,0.26,0.48
20260742,reactive,2,20,4.9,0.22,0.5
20260742,snapshot,0,20,4.9,0.22,0.5
20260742,snapshot,1,20,4.52,0.2,0.52
20260742,snapshot,2,20,4.54,0.2,0.54
20260742,satcap,0,20,4.880000000000001,0.22,0.48
20260742,satcap,1,20,5.68,0.26,0.48
20260742,satcap,2,20,4.9,0.22,0.5
20260743,no_action,0,20,14.8,0.74,0.0
20260743,no_action,1,20,14.8,0.74,0.0
20260743,no_action,2,20,14.8,0.74,0.0
20260743,reactive,0,20,2.74,0.1,0.74
20260743,reactive,1,20,3.1399999999999997,0.12,0.74
20260743,reactive,2,20,3.5600000000000005,0.14,0.76
20260743,snapshot,0,20,3.1799999999999997,0.12,0.78
20260743,snapshot,1,20,3.1799999999999997,0.12,0.78
20260743,snapshot,2,20,4.38,0.18,0.78
20260743,satcap,0,20,2.74,0.1,0.74
20260743,satcap,1,20,3.1399999999999997,0.12,0.74
20260743,satcap,2,20,3.5600000000000005,0.14,0.76
20260744,no_action,0,20,8.4,0.42,0.0
20260744,no_action,1,20,8.4,0.42,0.0
20260744,no_action,2,20,8.4,0.42,0.0
20260744,reactive,0,20,3.22,0.14,0.42
20260744,reactive,1,20,3.22,0.14,0.42
20260744,reactive,2,20,4.42,0.2,0.42
20260744,snapshot,0,20,3.7,0.16,0.5
20260744,snapshot,1,20,3.7,0.16,0.5
20260744,snapshot,2,20,4.48,0.2,0.48
20260744,satcap,0,20,3.22,0.14,0.42
20260744,satcap,1,20,3.22,0.14,0.42
20260744,satcap,2,20,4.42,0.2,0.42
20260745,no_action,0,20,14.399999999999999,0.72,0.0
20260745,no_action,1,20,14.399999999999999,0.72,0.0
20260745,no_action,2,20,14.399999999999999,0.72,0.0
20260745,reactive,0,20,1.9,0.06,0.7
20260745,reactive,1,20,2.2800000000000002,0.08,0.68
20260745,reactive,2,20,2.2600000000000002,0.08,0.66
20260745,snapshot,0,20,2.3200000000000003,0.08,0.72
20260745,snapshot,1,20,2.7199999999999998,0.1,0.72
20260745,snapshot,2,20,2.7,0.1,0.7
20260745,satcap,0,20,1.9,0.06,0.7
20260745,satcap,1,20,2.2800000000000002,0.08,0.68
20260745,satcap,2,20,2.2600000000000002,0.08,0.66
20260746,no_action,0,20,7.6,0.38,0.0
20260746,no_action,1,20,7.6,0.38,0.0
20260746,no_action,2,20,7.6,0.38,0.0
20260746,reactive,0,20,4.760000000000001,0.22,0.36
20260746,reactive,1,20,4.760000000000001,0.22,0.36
20260746,reactive,2,20,4.38,0.2,0.38
20260746,snapshot,0,20,3.9999999999999996,0.18,0.4
20260746,snapshot,1,20,4.800000000000001,0.22,0.4
20260746,snapshot,2,20,5.2,0.24,0.4
20260746,satcap,0,20,4.760000000000001,0.22,0.36
20260746,satcap,1,20,4.760000000000001,0.22,0.36
20260746,satcap,2,20,4.38,0.2,0.38
20260747,no_action,0,20,9.6,0.48,0.0
20260747,no_action,1,20,9.6,0.48,0.0
20260747,no_action,2,20,9.6,0.48,0.0
20260747,reactive,0,20,4.48,0.2,0.48
20260747,reactive,1,20,6.1000000000000005,0.28,0.5
20260747,reactive,2,20,6.9,0.32,0.5
20260747,snapshot,0,20,3.4200000000000004,0.14,0.62
20260747,snapshot,1,20,3.8000000000000003,0.16,0.6
20260747,snapshot,2,20,5.8,0.26,0.6
20260747,satcap,0,20,4.48,0.2,0.48
20260747,satcap,1,20,6.1000000000000005,0.28,0.5
20260747,satcap,2,20,6.9,0.32,0.5
20260748,no_action,0,20,7.6,0.38,0.0
20260748,no_action,1,20,7.6,0.38,0.0
20260748,no_action,2,20,7.6,0.38,0.0
20260748,reactive,0,20,3.58,0.16,0.38
20260748,reactive,1,20,3.9999999999999996,0.18,0.4
20260748,reactive,2,20,3.9999999999999996,0.18,0.4
20260748,snapshot,0,20,2.62,0.1,0.62
20260748,snapshot,1,20,4.22,0.18,0.62
20260748,snapshot,2,20,4.22,0.18,0.62
20260748,satcap,0,20,3.58,0.16,0.38
20260748,satcap,1,20,3.9999999999999996,0.18,0.4
20260748,satcap,2,20,3.9999999999999996,0.18,0.4
20260749,no_action,0,20,17.2,0.86,0.0
20260749,no_action,1,20,17.2,0.86,0.0
20260749,no_action,2,20,17.2,0.86,0.0
20260749,reactive,0,20,2.86,0.1,0.86
20260749,reactive,1,20,2.86,0.1,0.86
20260749,reactive,2,20,2.86,0.1,0.86
20260749,snapshot,0,20,4.319999999999999,0.18,0.72
20260749,snapshot,1,20,5.52,0.24,0.72
20260749,snapshot,2,20,5.12,0.22,0.72
20260749,satcap,0,20,2.86,0.1,0.86
20260749,satcap,1,20,2.86,0.1,0.86
20260749,satcap,2,20,2.86,0.1,0.86
20260750,no_action,0,20,12.8,0.64,0.0
20260750,no_action,1,20,12.8,0.64,0.0
20260750,no_action,2,20,12.8,0.64,0.0
20260750,reactive,0,20,3.4400000000000004,0.14,0.64
20260750,reactive,1,20,4.239999999999999,0.18,0.64
20260750,reactive,2,20,4.239999999999999,0.18,0.64
20260750,snapshot,0,20,11.78,0.58,0.18
20260750,snapshot,1,20,10.98,0.54,0.18
20260750,snapshot,2,20,10.98,0.54,0.18
20260750,satcap,0,20,3.4400000000000004,0.14,0.64
20260750,satcap,1,20,4.239999999999999,0.18,0.64
20260750,satcap,2,20,4.239999999999999,0.18,0.64
20260751,no_action,0,20,12.4,0.62,0.0
20260751,no_action,1,20,12.4,0.62,0.0
20260751,no_action,2,20,12.4,0.62,0.0
20260751,reactive,0,20,5.0200000000000005,0.22,0.62
20260751,reactive,1,20,4.22,0.18,0.62
20260751,reactive,2,20,5.8,0.26,0.6
20260751,snapshot,0,20,4.54,0.2,0.54
20260751,snapshot,1,20,5.76,0.26,0.56
20260751,snapshot,2,20,6.94,0.32,0.54
20260751,satcap,0,20,5.0200000000000005,0.22,0.62
20260751,satcap,1,20,4.22,0.18,0.62
20260751,satcap,2,20,5.8,0.26,0.6
20260752,no_action,0,20,14.399999999999999,0.72,0.0
20260752,no_action,1,20,14.399999999999999,0.72,0.0
20260752,no_action,2,20,14.399999999999999,0.72,0.0
20260752,reactive,0,20,3.1399999999999997,0.12,0.74
20260752,reactive,1,20,4.74,0.2,0.74
20260752,reactive,2,20,4.34,0.18,0.74
20260752,snapshot,0,20,2.88,0.1,0.88
20260752,snapshot,1,20,3.28,0.12,0.88
20260752,snapshot,2,20,2.88,0.1,0.88
20260752,satcap,0,20,3.1399999999999997,0.12,0.74
20260752,satcap,1,20,4.74,0.2,0.74
20260752,satcap,2,20,4.34,0.18,0.74
20260753,no_action,0,20,14.399999999999999,0.72,0.0
20260753,no_action,1,20,14.399999999999999,0.72,0.0
20260753,no_action,2,20,14.399999999999999,0.72,0.0
20260753,reactive,0,20,3.5200000000000005,0.14,0.72
20260753,reactive,1,20,3.92,0.16,0.72
20260753,reactive,2,20,4.3,0.18,0.7
20260753,snapshot,0,20,5.08,0.22,0.68
20260753,snapshot,1,20,5.86,0.26,0.66
20260753,snapshot,2,20,4.26,0.18,0.66
20260753,satcap,0,20,3.5200000000000005,0.14,0.72
20260753,satcap,1,20,3.92,0.16,0.72
20260753,satcap,2,20,4.3,0.18,0.7
20260754,no_action,0,20,18.0,0.9,0.0
20260754,no_action,1,20,18.0,0.9,0.0
20260754,no_action,2,20,18.0,0.9,0.0
20260754,reactive,0,20,2.1,0.06,0.9
20260754,reactive,1,20,2.5,0.08,0.9
20260754,reactive,2,20,2.9,0.1,0.9
20260754,snapshot,0,20,2.48,0.08,0.88
20260754,snapshot,1,20,3.26,0.12,0.86
20260754,snapshot,2,20,3.64,0.14,0.84
20260754,satcap,0,20,2.1,0.06,0.9
20260754,satcap,1,20,2.5,0.08,0.9
20260754,satcap,2,20,2.9,0.1,0.9
20260755,no_action,0,20,9.6,0.48,0.0
20260755,no_action,1,20,9.6,0.48,0.0
20260755,no_action,2,20,9.6,0.48,0.0
20260755,reactive,0,20,4.06,0.18,0.46
20260755,reactive,1,20,3.64,0.16,0.44
20260755,reactive,2,20,4.04,0.18,0.44
20260755,snapshot,0,20,2.62,0.1,0.62
20260755,snapshot,1,20,3.0,0.12,0.6
20260755,snapshot,2,20,3.0,0.12,0.6
20260755,satcap,0,20,4.06,0.18,0.46
20260755,satcap,1,20,3.64,0.16,0.44
20260755,satcap,2,20,4.04,0.18,0.44
20260756,no_action,0,20,7.6,0.38,0.0
20260756,no_action,1,20,7.6,0.38,0.0
20260756,no_action,2,20,7.6,0.38,0.0
20260756,reactive,0,20,3.9999999999999996,0.18,0.4
20260756,reactive,1,20,3.9999999999999996,0.18,0.4
20260756,reactive,2,20,3.9799999999999995,0.18,0.38
20260756,snapshot,0,20,4.119999999999999,0.18,0.52
20260756,snapshot,1,20,3.3400000000000003,0.14,0.54
20260756,snapshot,2,20,4.54,0.2,0.54
20260756,satcap,0,20,3.9999999999999996,0.18,0.4
20260756,satcap,1,20,3.9999999999999996,0.18,0.4
20260756,satcap,2,20,3.9799999999999995,0.18,0.38
20260757,no_action,0,20,7.199999999999999,0.36,0.0
20260757,no_action,1,20,7.199999999999999,0.36,0.0
20260757,no_action,2,20,7.199999999999999,0.36,0.0
20260757,reactive,0,20,1.56,0.06,0.36
20260757,reactive,1,20,1.96,0.08,0.36
20260757,reactive,2,20,2.38,0.1,0.38
20260757,snapshot,0,20,1.6,0.06,0.4
20260757,snapshot,1,20,2.0,0.08,0.4
20260757,snapshot,2,20,2.0,0.08,0.4
20260757,satcap,0,20,1.56,0.06,0.36
20260757,satcap,1,20,1.96,0.08,0.36
20260757,satcap,2,20,2.38,0.1,0.38
20260758,no_action,0,20,13.600000000000001,0.68,0.0
20260758,no_action,1,20,13.600000000000001,0.68,0.0
20260758,no_action,2,20,13.600000000000001,0.68,0.0
20260758,reactive,0,20,1.1,0.02,0.7
20260758,reactive,1,20,1.9,0.06,0.7
20260758,reactive,2,20,2.3200000000000003,0.08,0.72
20260758,snapshot,0,20,1.6400000000000001,0.04,0.84
20260758,snapshot,1,20,2.04,0.06,0.84
20260758,snapshot,2,20,2.44,0.08,0.84
20260758,satcap,0,20,1.1,0.02,0.7
20260758,satcap,1,20,1.9,0.06,0.7
20260758,satcap,2,20,2.3200000000000003,0.08,0.72
20260759,no_action,0,20,11.6,0.58,0.0
20260759,no_action,1,20,11.6,0.58,0.0
20260759,no_action,2,20,11.6,0.58,0.0
20260759,reactive,0,20,4.5600000000000005,0.2,0.56
20260759,reactive,1,20,4.14,0.18,0.54
20260759,reactive,2,20,4.92,0.22,0.52
20260759,snapshot,0,20,3.7600000000000002,0.16,0.56
20260759,snapshot,1,20,4.54,0.2,0.54
20260759,snapshot,2,20,5.32,0.24,0.52
20260759,satcap,0,20,4.5600000000000005,0.2,0.56
20260759,satcap,1,20,4.14,0.18,0.54
20260759,satcap,2,20,4.92,0.22,0.52
20260760,no_action,0,20,10.4,0.52,0.0
20260760,no_action,1,20,10.4,0.52,0.0
20260760,no_action,2,20,10.4,0.52,0.0
20260760,reactive,0,20,3.72,0.16,0.52
20260760,reactive,1,20,4.92,0.22,0.52
20260760,reactive,2,20,4.92,0.22,0.52
20260760,snapshot,0,20,3.1799999999999997,0.12,0.78
20260760,snapshot,1,20,3.9800000000000004,0.16,0.78
20260760,snapshot,2,20,2.7800000000000002,0.1,0.78
20260760,satcap,0,20,3.72,0.16,0.52
20260760,satcap,1,20,4.92,0.22,0.52
20260760,satcap,2,20,4.92,0.22,0.52
20260761,no_action,0,20,16.4,0.82,0.0
20260761,no_action,1,20,16.4,0.82,0.0
20260761,no_action,2,20,16.4,0.82,0.0
20260761,reactive,0,20,3.62,0.14,0.82
20260761,reactive,1,20,4.42,0.18,0.82
20260761,reactive,2,20,3.62,0.14,0.82
20260761,snapshot,0,20,9.32,0.44,0.52
20260761,snapshot,1,20,7.739999999999999,0.36,0.54
20260761,snapshot,2,20,8.16,0.38,0.56
20260761,satcap,0,20,3.62,0.14,0.82
20260761,satcap,1,20,4.42,0.18,0.82
20260761,satcap,2,20,3.62,0.14,0.82
20260762,no_action,0,20,14.399999999999999,0.72,0.0
20260762,no_action,1,20,14.399999999999999,0.72,0.0
20260762,no_action,2,20,14.399999999999999,0.72,0.0
20260762,reactive,0,20,2.7199999999999998,0.1,0.72
20260762,reactive,1,20,3.9000000000000004,0.16,0.7
20260762,reactive,2,20,4.68,0.2,0.68
20260762,snapshot,0,20,1.28,0.02,0.88
20260762,snapshot,1,20,2.06,0.06,0.86
20260762,snapshot,2,20,2.86,0.1,0.86
20260762,satcap,0,20,2.7199999999999998,0.1,0.72
20260762,satcap,1,20,3.9000000000000004,0.16,0.7
20260762,satcap,2,20,4.68,0.2,0.68
20260763,no_action,0,20,16.0,0.8,0.0
20260763,no_action,1,20,16.0,0.8,0.0
20260763,no_action,2,20,16.0,0.8,0.0
20260763,reactive,0,20,2.4000000000000004,0.08,0.8
20260763,reactive,1,20,2.42,0.08,0.82
20260763,reactive,2,20,2.04,0.06,0.84
20260763,snapshot,0,20,1.0,0.0,1.0
20260763,snapshot,1,20,1.0,0.0,1.0
20260763,snapshot,2,20,1.0,0.0,1.0
20260763,satcap,0,20,4.0,0.16,0.8
20260763,satcap,1,20,4.3999999999999995,0.18,0.8
20260763,satcap,2,20,4.0,0.16,0.8
20260764,no_action,0,20,6.800000000000001,0.34,0.0
20260764,no_action,1,20,6.800000000000001,0.34,0.0
20260764,no_action,2,20,6.800000000000001,0.34,0.0
20260764,reactive,0,20,4.34,0.2,0.34
20260764,reactive,1,20,3.9399999999999995,0.18,0.34
20260764,reactive,2,20,5.5200000000000005,0.26,0.32
20260764,snapshot,0,20,4.62,0.22,0.22
20260764,snapshot,1,20,4.22,0.2,0.22
20260764,snapshot,2,20,5.800000000000001,0.28,0.2
20260764,satcap,0,20,4.34,0.2,0.34
20260764,satcap,1,20,3.9399999999999995,0.18,0.34
20260764,satcap,2,20,5.5200000000000005,0.26,0.32
20260765,no_action,0,20,12.4,0.62,0.0
20260765,no_action,1,20,12.4,0.62,0.0
20260765,no_action,2,20,12.4,0.62,0.0
20260765,reactive,0,20,3.4200000000000004,0.14,0.62
20260765,reactive,1,20,3.4200000000000004,0.14,0.62
20260765,reactive,2,20,3.4400000000000004,0.14,0.64
20260765,snapshot,0,20,2.2800000000000002,0.08,0.68
20260765,snapshot,1,20,2.2800000000000002,0.08,0.68
20260765,snapshot,2,20,3.08,0.12,0.68
20260765,satcap,0,20,3.4200000000000004,0.14,0.62
20260765,satcap,1,20,3.4200000000000004,0.14,0.62
20260765,satcap,2,20,3.4400000000000004,0.14,0.64
20260766,no_action,0,20,11.200000000000001,0.56,0.0
20260766,no_action,1,20,11.200000000000001,0.56,0.0
20260766,no_action,2,20,11.200000000000001,0.56,0.0
20260766,reactive,0,20,4.94,0.22,0.54
20260766,reactive,1,20,5.74,0.26,0.54
20260766,reactive,2,20,4.960000000000001,0.22,0.56
20260766,snapshot,0,20,3.1799999999999997,0.12,0.78
20260766,snapshot,1,20,2.3600000000000003,0.08,0.76
20260766,snapshot,2,20,2.76,0.1,0.76
20260766,satcap,0,20,4.94,0.22,0.54
20260766,satcap,1,20,5.74,0.26,0.54
20260766,satcap,2,20,4.960000000000001,0.22,0.56
20260767,no_action,0,20,12.0,0.6,0.0
20260767,no_action,1,20,12.0,0.6,0.0
20260767,no_action,2,20,12.0,0.6,0.0
20260767,reactive,0,20,5.0,0.22,0.6
20260767,reactive,1,20,4.22,0.18,0.62
20260767,reactive,2,20,6.2,0.28,0.6
20260767,snapshot,0,20,4.6,0.2,0.6
20260767,snapshot,1,20,5.0,0.22,0.6
20260767,snapshot,2,20,6.180000000000001,0.28,0.58
20260767,satcap,0,20,5.0,0.22,0.6
20260767,satcap,1,20,4.22,0.18,0.62
20260767,satcap,2,20,6.2,0.28,0.6
20260768,no_action,0,20,11.200000000000001,0.56,0.0
20260768,no_action,1,20,11.200000000000001,0.56,0.0
20260768,no_action,2,20,11.200000000000001,0.56,0.0
20260768,reactive,0,20,2.96,0.12,0.56
20260768,reactive,1,20,3.3600000000000003,0.14,0.56
20260768,reactive,2,20,3.7600000000000002,0.16,0.56
20260768,snapshot,0,20,9.959999999999999,0.48,0.36
20260768,snapshot,1,20,9.16,0.44,0.36
20260768,snapshot,2,20,8.76,0.42,0.36
20260768,satcap,0,20,2.96,0.12,0.56
20260768,satcap,1,20,3.3600000000000003,0.14,0.56
20260768,satcap,2,20,3.7600000000000002,0.16,0.56
20260769,no_action,0,20,18.799999999999997,0.94,0.0
20260769,no_action,1,20,18.799999999999997,0.94,0.0
20260769,no_action,2,20,18.799999999999997,0.94,0.0
20260769,reactive,0,20,1.74,0.04,0.94
20260769,reactive,1,20,1.74,0.04,0.94
20260769,reactive,2,20,2.12,0.06,0.92
20260769,snapshot,0,20,2.86,0.1,0.86
20260769,snapshot,1,20,3.26,0.12,0.86
20260769,snapshot,2,20,2.86,0.1,0.86
20260769,satcap,0,20,1.74,0.04,0.94
20260769,satcap,1,20,1.74,0.04,0.94
20260769,satcap,2,20,2.12,0.06,0.92
20260770,no_action,0,20,16.0,0.8,0.0
20260770,no_action,1,20,16.0,0.8,0.0
20260770,no_action,2,20,16.0,0.8,0.0
20260770,reactive,0,20,2.42,0.08,0.82
20260770,reactive,1,20,3.2,0.12,0.8
20260770,reactive,2,20,4.0,0.16,0.8
20260770,snapshot,0,20,2.4000000000000004,0.08,0.8
20260770,snapshot,1,20,3.2,0.12,0.8
20260770,snapshot,2,20,3.6000000000000005,0.14,0.8
20260770,satcap,0,20,2.42,0.08,0.82
20260770,satcap,1,20,3.2,0.12,0.8
20260770,satcap,2,20,4.0,0.16,0.8
20260771,no_action,0,20,16.8,0.84,0.0
20260771,no_action,1,20,16.8,0.84,0.0
20260771,no_action,2,20,16.8,0.84,0.0
20260771,reactive,0,20,3.2199999999999998,0.12,0.82
20260771,reactive,1,20,4.0200000000000005,0.16,0.82
20260771,reactive,2,20,3.62,0.14,0.82
20260771,snapshot,0,20,2.1,0.06,0.9
20260771,snapshot,1,20,2.5,0.08,0.9
20260771,snapshot,2,20,2.9,0.1,0.9
20260771,satcap,0,20,3.2199999999999998,0.12,0.82
20260771,satcap,1,20,4.0200000000000005,0.16,0.82
20260771,satcap,2,20,3.62,0.14,0.82
20260772,no_action,0,20,15.600000000000001,0.78,0.0
20260772,no_action,1,20,15.600000000000001,0.78,0.0
20260772,no_action,2,20,15.600000000000001,0.78,0.0
20260772,reactive,0,20,2.38,0.08,0.78
20260772,reactive,1,20,3.1799999999999997,0.12,0.78
20260772,reactive,2,20,3.2,0.12,0.8
20260772,snapshot,0,20,2.1,0.06,0.9
20260772,snapshot,1,20,2.1,0.06,0.9
20260772,snapshot,2,20,1.7200000000000002,0.04,0.92
20260772,satcap,0,20,2.38,0.08,0.78
20260772,satcap,1,20,3.1799999999999997,0.12,0.78
20260772,satcap,2,20,3.2,0.12,0.8
20260773,no_action,0,20,15.2,0.76,0.0
20260773,no_action,1,20,15.2,0.76,0.0
20260773,no_action,2,20,15.2,0.76,0.0
20260773,reactive,0,20,1.56,0.04,0.76
20260773,reactive,1,20,2.3600000000000003,0.08,0.76
20260773,reactive,2,20,3.16,0.12,0.76
20260773,snapshot,0,20,1.2000000000000002,0.02,0.8
20260773,snapshot,1,20,2.0,0.06,0.8
20260773,snapshot,2,20,2.8,0.1,0.8
20260773,satcap,0,20,1.56,0.04,0.76
20260773,satcap,1,20,2.3600000000000003,0.08,0.76
20260773,satcap,2,20,3.16,0.12,0.76
20260774,no_action,0,20,10.8,0.54,0.0
20260774,no_action,1,20,10.8,0.54,0.0
20260774,no_action,2,20,10.8,0.54,0.0
20260774,reactive,0,20,3.3600000000000003,0.14,0.56
20260774,reactive,1,20,4.5600000000000005,0.2,0.56
20260774,reactive,2,20,4.14,0.18,0.54
20260774,snapshot,0,20,3.4400000000000004,0.14,0.64
20260774,snapshot,1,20,3.8400000000000003,0.16,0.64
20260774,snapshot,2,20,4.239999999999999,0.18,0.64
20260774,satcap,0,20,3.3600000000000003,0.14,0.56
20260774,satcap,1,20,4.5600000000000005,0.2,0.56
20260774,satcap,2,20,4.14,0.18,0.54
20260775,no_action,0,20,12.0,0.6,0.0
20260775,no_action,1,20,12.0,0.6,0.0
20260775,no_action,2,20,12.0,0.6,0.0
20260775,reactive,0,20,3.3800000000000003,0.14,0.58
20260775,reactive,1,20,4.58,0.2,0.58
20260775,reactive,2,20,4.18,0.18,0.58
20260775,snapshot,0,20,3.04,0.12,0.64
20260775,snapshot,1,20,3.04,0.12,0.64
20260775,snapshot,2,20,2.64,0.1,0.64
20260775,satcap,0,20,3.3800000000000003,0.14,0.58
20260775,satcap,1,20,4.58,0.2,0.58
20260775,satcap,2,20,4.18,0.18,0.58
20260776,no_action,0,20,12.4,0.62,0.0
20260776,no_action,1,20,12.4,0.62,0.0
20260776,no_action,2,20,12.4,0.62,0.0
20260776,reactive,0,20,3.4200000000000004,0.14,0.62
20260776,reactive,1,20,4.22,0.18,0.62
20260776,reactive,2,20,4.6,0.2,0.6
20260776,snapshot,0,20,1.6800000000000002,0.04,0.88
20260776,snapshot,1,20,2.08,0.06,0.88
20260776,snapshot,2,20,2.88,0.1,0.88
20260776,satcap,0,20,3.4200000000000004,0.14,0.62
20260776,satcap,1,20,4.22,0.18,0.62
20260776,satcap,2,20,4.6,0.2,0.6
20260777,no_action,0,20,12.8,0.64,0.0
20260777,no_action,1,20,12.8,0.64,0.0
20260777,no_action,2,20,12.8,0.64,0.0
20260777,reactive,0,20,3.4200000000000004,0.14,0.62
20260777,reactive,1,20,3.4200000000000004,0.14,0.62
20260777,reactive,2,20,4.239999999999999,0.18,0.64
20260777,snapshot,0,20,1.6600000000000001,0.04,0.86
20260777,snapshot,1,20,1.6800000000000002,0.04,0.88
20260777,snapshot,2,20,2.08,0.06,0.88
20260777,satcap,0,20,3.4200000000000004,0.14,0.62
20260777,satcap,1,20,3.4200000000000004,0.14,0.62
20260777,satcap,2,20,4.239999999999999,0.18,0.64
20260778,no_action,0,20,13.200000000000001,0.66,0.0
20260778,no_action,1,20,13.200000000000001,0.66,0.0
20260778,no_action,2,20,13.200000000000001,0.66,0.0
20260778,reactive,0,20,2.2600000000000002,0.08,0.66
20260778,reactive,1,20,3.06,0.12,0.66
20260778,reactive,2,20,3.06,0.12,0.66
20260778,snapshot,0,20,2.6,0.1,0.6
20260778,snapshot,1,20,3.4000000000000004,0.14,0.6
20260778,snapshot,2,20,3.4000000000000004,0.14,0.6
20260778,satcap,0,20,2.2600000000000002,0.08,0.66
20260778,satcap,1,20,3.06,0.12,0.66
20260778,satcap,2,20,3.06,0.12,0.66
20260779,no_action,0,20,6.0,0.3,0.0
20260779,no_action,1,20,6.0,0.3,0.0
20260779,no_action,2,20,6.0,0.3,0.0
20260779,reactive,0,20,2.6999999999999997,0.12,0.3
20260779,reactive,1,20,3.9199999999999995,0.18,0.32
20260779,reactive,2,20,3.9399999999999995,0.18,0.34
20260779,snapshot,0,20,1.0,0.0,1.0
20260779,snapshot,1,20,1.0,0.0,1.0
20260779,snapshot,2,20,1.0,0.0,1.0
20260779,satcap,0,20,1.0,0.0,1.0
20260779,satcap,1,20,1.0,0.0,1.0
20260779,satcap,2,20,1.0,0.0,1.0
20260780,no_action,0,20,6.4,0.32,0.0
20260780,no_action,1,20,6.4,0.32,0.0
20260780,no_action,2,20,6.4,0.32,0.0
20260780,reactive,0,20,4.7,0.22,0.3
20260780,reactive,1,20,4.3,0.2,0.3
20260780,reactive,2,20,5.1,0.24,0.3
20260780,snapshot,0,20,1.0,0.0,1.0
20260780,snapshot,1,20,1.0,0.0,1.0
20260780,snapshot,2,20,1.0,0.0,1.0
20260780,satcap,0,20,4.7,0.22,0.3
20260780,satcap,1,20,4.3,0.2,0.3
20260780,satcap,2,20,5.1,0.24,0.3
20260781,no_action,0,20,13.200000000000001,0.66,0.0
20260781,no_action,1,20,13.200000000000001,0.66,0.0
20260781,no_action,2,20,13.200000000000001,0.66,0.0
20260781,reactive,0,20,3.4600000000000004,0.14,0.66
20260781,reactive,1,20,3.8800000000000003,0.16,0.68
20260781,reactive,2,20,5.1000000000000005,0.22,0.7
20260781,snapshot,0,20,2.46,0.08,0.86
20260781,snapshot,1,20,2.08,0.06,0.88
20260781,snapshot,2,20,2.08,0.06,0.88
20260781,satcap,0,20,3.4600000000000004,0.14,0.66
20260781,satcap,1,20,3.8800000000000003,0.16,0.68
20260781,satcap,2,20,5.1000000000000005,0.22,0.7
20260782,no_action,0,20,11.200000000000001,0.56,0.0
20260782,no_action,1,20,11.200000000000001,0.56,0.0
20260782,no_action,2,20,11.200000000000001,0.56,0.0
20260782,reactive,0,20,3.7600000000000002,0.16,0.56
20260782,reactive,1,20,4.16,0.18,0.56
20260782,reactive,2,20,4.960000000000001,0.22,0.56
20260782,snapshot,0,20,4.9,0.22,0.5
20260782,snapshot,1,20,4.1,0.18,0.5
20260782,snapshot,2,20,5.32,0.24,0.52
20260782,satcap,0,20,3.7600000000000002,0.16,0.56
20260782,satcap,1,20,4.16,0.18,0.56
20260782,satcap,2,20,4.960000000000001,0.22,0.56
20260783,no_action,0,20,12.8,0.64,0.0
20260783,no_action,1,20,12.8,0.64,0.0
20260783,no_action,2,20,12.8,0.64,0.0
20260783,reactive,0,20,4.62,0.2,0.62
20260783,reactive,1,20,4.6,0.2,0.6
20260783,reactive,2,20,5.38,0.24,0.58
20260783,snapshot,0,20,6.48,0.3,0.48
20260783,snapshot,1,20,7.260000000000001,0.34,0.46
20260783,snapshot,2,20,7.240000000000001,0.34,0.44
20260783,satcap,0,20,4.62,0.2,0.62
20260783,satcap,1,20,4.6,0.2,0.6
20260783,satcap,2,20,5.38,0.24,0.58
20260784,no_action,0,20,11.6,0.58,0.0
20260784,no_action,1,20,11.6,0.58,0.0
20260784,no_action,2,20,11.6,0.58,0.0
20260784,reactive,0,20,5.0,0.22,0.6
20260784,reactive,1,20,4.6,0.2,0.6
20260784,reactive,2,20,4.98,0.22,0.58
20260784,snapshot,0,20,3.8800000000000003,0.16,0.68
20260784,snapshot,1,20,3.08,0.12,0.68
20260784,snapshot,2,20,3.8800000000000003,0.16,0.68
20260784,satcap,0,20,5.0,0.22,0.6
20260784,satcap,1,20,4.6,0.2,0.6
20260784,satcap,2,20,4.98,0.22,0.58
20260785,no_action,0,20,12.4,0.62,0.0
20260785,no_action,1,20,12.4,0.62,0.0
20260785,no_action,2,20,12.4,0.62,0.0
20260785,reactive,0,20,3.04,0.12,0.64
20260785,reactive,1,20,3.4400000000000004,0.14,0.64
20260785,reactive,2,20,3.8600000000000003,0.16,0.66
20260785,snapshot,0,20,1.22,0.02,0.82
20260785,snapshot,1,20,1.62,0.04,0.82
20260785,snapshot,2,20,2.42,0.08,0.82
20260785,satcap,0,20,3.04,0.12,0.64
20260785,satcap,1,20,3.4400000000000004,0.14,0.64
20260785,satcap,2,20,3.8600000000000003,0.16,0.66
20260786,no_action,0,20,12.8,0.64,0.0
20260786,no_action,1,20,12.8,0.64,0.0
20260786,no_action,2,20,12.8,0.64,0.0
20260786,reactive,0,20,4.22,0.18,0.62
20260786,reactive,1,20,4.6,0.2,0.6
20260786,reactive,2,20,5.0,0.22,0.6
20260786,snapshot,0,20,4.3,0.18,0.7
20260786,snapshot,1,20,4.7,0.2,0.7
20260786,snapshot,2,20,3.5,0.14,0.7
20260786,satcap,0,20,4.22,0.18,0.62
20260786,satcap,1,20,4.6,0.2,0.6
20260786,satcap,2,20,5.0,0.22,0.6
20260787,no_action,0,20,10.0,0.5,0.0
20260787,no_action,1,20,10.0,0.5,0.0
20260787,no_action,2,20,10.0,0.5,0.0
20260787,reactive,0,20,3.3000000000000003,0.14,0.5
20260787,reactive,1,20,4.5,0.2,0.5
20260787,reactive,2,20,4.1,0.18,0.5
20260787,snapshot,0,20,4.98,0.22,0.58
20260787,snapshot,1,20,4.98,0.22,0.58
20260787,snapshot,2,20,5.38,0.24,0.58
20260787,satcap,0,20,3.3000000000000003,0.14,0.5
20260787,satcap,1,20,4.5,0.2,0.5
20260787,satcap,2,20,4.1,0.18,0.5
20260788,no_action,0,20,9.200000000000001,0.46,0.0
20260788,no_action,1,20,9.200000000000001,0.46,0.0
20260788,no_action,2,20,9.200000000000001,0.46,0.0
20260788,reactive,0,20,4.48,0.2,0.48
20260788,reactive,1,20,5.279999999999999,0.24,0.48
20260788,reactive,2,20,6.1000000000000005,0.28,0.5
20260788,snapshot,0,20,4.18,0.18,0.58
20260788,snapshot,1,20,2.98,0.12,0.58
20260788,snapshot,2,20,4.6,0.2,0.6
20260788,satcap,0,20,4.48,0.2,0.48
20260788,satcap,1,20,5.279999999999999,0.24,0.48
20260788,satcap,2,20,6.1000000000000005,0.28,0.5
20260789,no_action,0,20,10.4,0.52,0.0
20260789,no_action,1,20,10.4,0.52,0.0
20260789,no_action,2,20,10.4,0.52,0.0
20260789,reactive,0,20,3.3200000000000003,0.14,0.52
20260789,reactive,1,20,5.32,0.24,0.52
20260789,reactive,2,20,5.720000000000001,0.26,0.52
20260789,snapshot,0,20,1.56,0.04,0.76
20260789,snapshot,1,20,1.58,0.04,0.78
20260789,snapshot,2,20,1.98,0.06,0.78
20260789,satcap,0,20,3.3200000000000003,0.14,0.52
20260789,satcap,1,20,5.32,0.24,0.52
20260789,satcap,2,20,5.720000000000001,0.26,0.52
20260790,no_action,0,20,15.2,0.76,0.0
20260790,no_action,1,20,15.2,0.76,0.0
20260790,no_action,2,20,15.2,0.76,0.0
20260790,reactive,0,20,1.94,0.06,0.74
20260790,reactive,1,20,2.7199999999999998,0.1,0.72
20260790,reactive,2,20,3.5200000000000005,0.14,0.72
20260790,snapshot,0,20,2.38,0.08,0.78
20260790,snapshot,1,20,2.3600000000000003,0.08,0.76
20260790,snapshot,2,20,2.34,0.08,0.74
20260790,satcap,0,20,1.94,0.06,0.74
20260790,satcap,1,20,2.7199999999999998,0.1,0.72
20260790,satcap,2,20,3.5200000000000005,0.14,0.72
20260791,no_action,0,20,11.6,0.58,0.0
20260791,no_action,1,20,11.6,0.58,0.0
20260791,no_action,2,20,11.6,0.58,0.0
20260791,reactive,0,20,3.4000000000000004,0.14,0.6
20260791,reactive,1,20,3.8000000000000003,0.16,0.6
20260791,reactive,2,20,4.199999999999999,0.18,0.6
20260791,snapshot,0,20,3.7800000000000002,0.16,0.58
20260791,snapshot,1,20,3.4000000000000004,0.14,0.6
20260791,snapshot,2,20,3.8200000000000003,0.16,0.62
20260791,satcap,0,20,3.4000000000000004,0.14,0.6
20260791,satcap,1,20,3.8000000000000003,0.16,0.6
20260791,satcap,2,20,4.199999999999999,0.18,0.6
20260792,no_action,0,20,10.4,0.52,0.0
20260792,no_action,1,20,10.4,0.52,0.0
20260792,no_action,2,20,10.4,0.52,0.0
20260792,reactive,0,20,5.7,0.26,0.5
20260792,reactive,1,20,5.7,0.26,0.5
20260792,reactive,2,20,5.3,0.24,0.5
20260792,snapshot,0,20,5.7,0.26,0.5
20260792,snapshot,1,20,4.9,0.22,0.5
20260792,snapshot,2,20,5.3,0.24,0.5
20260792,satcap,0,20,5.7,0.26,0.5
20260792,satcap,1,20,5.7,0.26,0.5
20260792,satcap,2,20,5.3,0.24,0.5
20260793,no_action,0,20,9.200000000000001,0.46,0.0
20260793,no_action,1,20,9.200000000000001,0.46,0.0
20260793,no_action,2,20,9.200000000000001,0.46,0.0
20260793,reactive,0,20,4.06,0.18,0.46
20260793,reactive,1,20,4.48,0.2,0.48
20260793,reactive,2,20,5.26,0.24,0.46
20260793,snapshot,0,20,1.24,0.02,0.84
20260793,snapshot,1,20,2.04,0.06,0.84
20260793,snapshot,2,20,2.06,0.06,0.86
20260793,satcap,0,20,4.06,0.18,0.46
20260793,satcap,1,20,4.48,0.2,0.48
20260793,satcap,2,20,5.26,0.24,0.46
20260794,no_action,0,20,8.0,0.4,0.0
20260794,no_action,1,20,8.0,0.4,0.0
20260794,no_action,2,20,8.0,0.4,0.0
20260794,reactive,0,20,4.38,0.2,0.38
20260794,reactive,1,20,5.5600000000000005,0.26,0.36
20260794,reactive,2,20,5.5600000000000005,0.26,0.36
20260794,snapshot,0,20,5.08,0.24,0.28
20260794,snapshot,1,20,6.680000000000001,0.32,0.28
20260794,snapshot,2,20,4.680000000000001,0.22,0.28
20260794,satcap,0,20,4.38,0.2,0.38
20260794,satcap,1,20,5.5600000000000005,0.26,0.36
20260794,satcap,2,20,5.5600000000000005,0.26,0.36
20260795,no_action,0,20,13.200000000000001,0.66,0.0
20260795,no_action,1,20,13.200000000000001,0.66,0.0
20260795,no_action,2,20,13.200000000000001,0.66,0.0
20260795,reactive,0,20,3.4400000000000004,0.14,0.64
20260795,reactive,1,20,4.239999999999999,0.18,0.64
20260795,reactive,2,20,5.0200000000000005,0.22,0.62
20260795,snapshot,0,20,3.8400000000000003,0.16,0.64
20260795,snapshot,1,20,3.4400000000000004,0.14,0.64
20260795,snapshot,2,20,4.22,0.18,0.62
20260795,satcap,0,20,3.4400000000000004,0.14,0.64
20260795,satcap,1,20,4.239999999999999,0.18,0.64
20260795,satcap,2,20,5.0200000000000005,0.22,0.62
20260796,no_action,0,20,18.0,0.9,0.0
20260796,no_action,1,20,18.0,0.9,0.0
20260796,no_action,2,20,18.0,0.9,0.0
20260796,reactive,0,20,2.5,0.08,0.9
20260796,reactive,1,20,2.1,0.06,0.9
20260796,reactive,2,20,2.5,0.08,0.9
20260796,snapshot,0,20,1.3599999999999999,0.02,0.96
20260796,snapshot,1,20,1.3599999999999999,0.02,0.96
20260796,snapshot,2,20,1.76,0.04,0.96
20260796,satcap,0,20,2.5,0.08,0.9
20260796,satcap,1,20,2.1,0.06,0.9
20260796,satcap,2,20,2.5,0.08,0.9
20260797,no_action,0,20,11.200000000000001,0.56,0.0
20260797,no_action,1,20,11.200000000000001,0.56,0.0
20260797,no_action,2,20,11.200000000000001,0.56,0.0
20260797,reactive,0,20,2.54,0.1,0.54
20260797,reactive,1,20,2.94,0.12,0.54
20260797,reactive,2,20,3.3200000000000003,0.14,0.52
20260797,snapshot,0,20,1.5,0.04,0.7
20260797,snapshot,1,20,2.68,0.1,0.68
20260797,snapshot,2,20,2.66,0.1,0.66
20260797,satcap,0,20,2.54,0.1,0.54
20260797,satcap,1,20,2.94,0.12,0.54
20260797,satcap,2,20,3.3200000000000003,0.14,0.52
20260798,no_action,0,20,10.0,0.5,0.0
20260798,no_action,1,20,10.0,0.5,0.0
20260798,no_action,2,20,10.0,0.5,0.0
20260798,reactive,0,20,2.9,0.12,0.5
20260798,reactive,1,20,4.08,0.18,0.48
20260798,reactive,2,20,4.06,0.18,0.46
20260798,snapshot,0,20,1.88,0.06,0.68
20260798,snapshot,1,20,1.9,0.06,0.7
20260798,snapshot,2,20,1.5,0.04,0.7
20260798,satcap,0,20,2.9,0.12,0.5
20260798,satcap,1,20,4.08,0.18,0.48
20260798,satcap,2,20,4.06,0.18,0.46
20260799,no_action,0,20,11.200000000000001,0.56,0.0
20260799,no_action,1,20,11.200000000000001,0.56,0.0
20260799,no_action,2,20,11.200000000000001,0.56,0.0
20260799,reactive,0,20,2.96,0.12,0.56
20260799,reactive,1,20,3.74,0.16,0.54
20260799,reactive,2,20,4.54,0.2,0.54
20260799,snapshot,0,20,9.64,0.46,0.44
20260799,snapshot,1,20,8.860000000000001,0.42,0.46
20260799,snapshot,2,20,8.48,0.4,0.48
20260799,satcap,0,20,2.96,0.12,0.56
20260799,satcap,1,20,3.74,0.16,0.54
20260799,satcap,2,20,4.54,0.2,0.54
20260800,no_action,0,20,12.8,0.64,0.0
20260800,no_action,1,20,12.8,0.64,0.0
20260800,no_action,2,20,12.8,0.64,0.0
20260800,reactive,0,20,2.64,0.1,0.64
20260800,reactive,1,20,3.02,0.12,0.62
20260800,reactive,2,20,3.8200000000000003,0.16,0.62
20260800,snapshot,0,20,3.7600000000000002,0.16,0.56
20260800,snapshot,1,20,3.7600000000000002,0.16,0.56
20260800,snapshot,2,20,4.18,0.18,0.58
20260800,satcap,0,20,2.64,0.1,0.64
20260800,satcap,1,20,3.02,0.12,0.62
20260800,satcap,2,20,3.8200000000000003,0.16,0.62
20260801,no_action,0,20,8.4,0.42,0.0
20260801,no_action,1,20,8.4,0.42,0.0
20260801,no_action,2,20,8.4,0.42,0.0
20260801,reactive,0,20,2.04,0.08,0.44
20260801,reactive,1,20,2.86,0.12,0.46
20260801,reactive,2,20,3.2800000000000002,0.14,0.48
20260801,snapshot,0,20,1.2000000000000002,0.02,0.8
20260801,snapshot,1,20,1.2000000000000002,0.02,0.8
20260801,snapshot,2,20,1.2000000000000002,0.02,0.8
20260801,satcap,0,20,2.04,0.08,0.44
20260801,satcap,1,20,2.86,0.12,0.46
20260801,satcap,2,20,3.2800000000000002,0.14,0.48
20260802,no_action,0,20,16.0,0.8,0.0
20260802,no_action,1,20,16.0,0.8,0.0
20260802,no_action,2,20,16.0,0.8,0.0
20260802,reactive,0,20,3.2,0.12,0.8
20260802,reactive,1,20,3.62,0.14,0.82
20260802,reactive,2,20,4.04,0.16,0.84
20260802,snapshot,0,20,9.3,0.44,0.5
20260802,snapshot,1,20,8.52,0.4,0.52
20260802,snapshot,2,20,8.9,0.42,0.5
20260802,satcap,0,20,3.2,0.12,0.8
20260802,satcap,1,20,3.62,0.14,0.82
20260802,satcap,2,20,4.04,0.16,0.84
20260803,no_action,0,20,11.6,0.58,0.0
20260803,no_action,1,20,11.6,0.58,0.0
20260803,no_action,2,20,11.6,0.58,0.0
20260803,reactive,0,20,3.3800000000000003,0.14,0.58
20260803,reactive,1,20,3.7600000000000002,0.16,0.56
20260803,reactive,2,20,4.16,0.18,0.56
20260803,snapshot,0,20,3.9400000000000004,0.16,0.74
20260803,snapshot,1,20,3.16,0.12,0.76
20260803,snapshot,2,20,2.3600000000000003,0.08,0.76
20260803,satcap,0,20,2.6,0.1,0.6
20260803,satcap,1,20,3.3800000000000003,0.14,0.58
20260803,satcap,2,20,4.58,0.2,0.58
20260804,no_action,0,20,14.8,0.74,0.0
20260804,no_action,1,20,14.8,0.74,0.0
20260804,no_action,2,20,14.8,0.74,0.0
20260804,reactive,0,20,4.74,0.2,0.74
20260804,reactive,1,20,4.34,0.18,0.74
20260804,reactive,2,20,3.5600000000000005,0.14,0.76
20260804,snapshot,0,20,3.16,0.12,0.76
20260804,snapshot,1,20,2.7800000000000002,0.1,0.78
20260804,snapshot,2,20,3.58,0.14,0.78
20260804,satcap,0,20,4.74,0.2,0.74
20260804,satcap,1,20,4.34,0.18,0.74
20260804,satcap,2,20,3.5600000000000005,0.14,0.76
20260805,no_action,0,20,15.2,0.76,0.0
20260805,no_action,1,20,15.2,0.76,0.0
20260805,no_action,2,20,15.2,0.76,0.0
20260805,reactive,0,20,3.9400000000000004,0.16,0.74
20260805,reactive,1,20,3.5600000000000005,0.14,0.76
20260805,reactive,2,20,4.34,0.18,0.74
20260805,snapshot,0,20,5.0600000000000005,0.22,0.66
20260805,snapshot,1,20,5.84,0.26,0.64
20260805,snapshot,2,20,5.84,0.26,0.64
20260805,satcap,0,20,3.9400000000000004,0.16,0.74
20260805,satcap,1,20,3.5600000000000005,0.14,0.76
20260805,satcap,2,20,4.34,0.18,0.74
20260806,no_action,0,20,9.200000000000001,0.46,0.0
20260806,no_action,1,20,9.200000000000001,0.46,0.0
20260806,no_action,2,20,9.200000000000001,0.46,0.0
20260806,reactive,0,20,4.86,0.22,0.46
20260806,reactive,1,20,5.66,0.26,0.46
20260806,reactive,2,20,6.44,0.3,0.44
20260806,snapshot,0,20,4.42,0.2,0.42
20260806,snapshot,1,20,4.82,0.22,0.42
20260806,snapshot,2,20,5.6000000000000005,0.26,0.4
20260806,satcap,0,20,4.86,0.22,0.46
20260806,satcap,1,20,5.66,0.26,0.46
20260806,satcap,2,20,6.44,0.3,0.44
20260807,no_action,0,20,9.200000000000001,0.46,0.0
20260807,no_action,1,20,9.200000000000001,0.46,0.0
20260807,no_action,2,20,9.200000000000001,0.46,0.0
20260807,reactive,0,20,2.48,0.1,0.48
20260807,reactive,1,20,2.9,0.12,0.5
20260807,reactive,2,20,3.72,0.16,0.52
20260807,snapshot,0,20,2.6,0.1,0.6
20260807,snapshot,1,20,3.0,0.12,0.6
20260807,snapshot,2,20,4.22,0.18,0.62
20260807,satcap,0,20,2.48,0.1,0.48
20260807,satcap,1,20,2.9,0.12,0.5
20260807,satcap,2,20,3.72,0.16,0.52
20260808,no_action,0,20,10.8,0.54,0.0
20260808,no_action,1,20,10.8,0.54,0.0
20260808,no_action,2,20,10.8,0.54,0.0
20260808,reactive,0,20,2.94,0.12,0.54
20260808,reactive,1,20,3.3400000000000003,0.14,0.54
20260808,reactive,2,20,4.54,0.2,0.54
20260808,snapshot,0,20,2.98,0.12,0.58
20260808,snapshot,1,20,3.3800000000000003,0.14,0.58
20260808,snapshot,2,20,3.7800000000000002,0.16,0.58
20260808,satcap,0,20,3.58,0.14,0.78
20260808,satcap,1,20,3.5600000000000005,0.14,0.76
20260808,satcap,2,20,3.1799999999999997,0.12,0.78
20260809,no_action,0,20,8.0,0.4,0.0
20260809,no_action,1,20,8.0,0.4,0.0
20260809,no_action,2,20,8.0,0.4,0.0
20260809,reactive,0,20,3.2,0.14,0.4
20260809,reactive,1,20,3.6,0.16,0.4
20260809,reactive,2,20,3.58,0.16,0.38
20260809,snapshot,0,20,2.88,0.12,0.48
20260809,snapshot,1,20,3.2800000000000002,0.14,0.48
20260809,snapshot,2,20,2.86,0.12,0.46
20260809,satcap,0,20,3.2,0.14,0.4
20260809,satcap,1,20,3.6,0.16,0.4
20260809,satcap,2,20,3.58,0.16,0.38
20260810,no_action,0,20,12.0,0.6,0.0
20260810,no_action,1,20,12.0,0.6,0.0
20260810,no_action,2,20,12.0,0.6,0.0
20260810,reactive,0,20,3.8200000000000003,0.16,0.62
20260810,reactive,1,20,3.4400000000000004,0.14,0.64
20260810,reactive,2,20,3.8400000000000003,0.16,0.64
20260810,snapshot,0,20,3.3800000000000003,0.14,0.58
20260810,snapshot,1,20,3.4000000000000004,0.14,0.6
20260810,snapshot,2,20,3.02,0.12,0.62
20260810,satcap,0,20,3.8200000000000003,0.16,0.62
20260810,satcap,1,20,3.4400000000000004,0.14,0.64
20260810,satcap,2,20,3.8400000000000003,0.16,0.64
20260811,no_action,0,20,14.8,0.74,0.0
20260811,no_action,1,20,14.8,0.74,0.0
20260811,no_action,2,20,14.8,0.74,0.0
20260811,reactive,0,20,2.74,0.1,0.74
20260811,reactive,1,20,3.5200000000000005,0.14,0.72
20260811,reactive,2,20,3.92,0.16,0.72
20260811,snapshot,0,20,3.4800000000000004,0.14,0.68
20260811,snapshot,1,20,4.26,0.18,0.66
20260811,snapshot,2,20,5.46,0.24,0.66
20260811,satcap,0,20,2.74,0.1,0.74
20260811,satcap,1,20,3.5200000000000005,0.14,0.72
20260811,satcap,2,20,3.92,0.16,0.72
20260812,no_action,0,20,13.600000000000001,0.68,0.0
20260812,no_action,1,20,13.600000000000001,0.68,0.0
20260812,no_action,2,20,13.600000000000001,0.68,0.0
20260812,reactive,0,20,2.2800000000000002,0.08,0.68
20260812,reactive,1,20,3.8600000000000003,0.16,0.66
20260812,reactive,2,20,5.0600000000000005,0.22,0.66
20260812,snapshot,0,20,2.7,0.1,0.7
20260812,snapshot,1,20,3.5,0.14,0.7
20260812,snapshot,2,20,4.3,0.18,0.7
20260812,satcap,0,20,2.2800000000000002,0.08,0.68
20260812,satcap,1,20,3.8600000000000003,0.16,0.66
20260812,satcap,2,20,5.0600000000000005,0.22,0.66
20260813,no_action,0,20,10.0,0.5,0.0
20260813,no_action,1,20,10.0,0.5,0.0
20260813,no_action,2,20,10.0,0.5,0.0
20260813,reactive,0,20,3.3000000000000003,0.14,0.5
20260813,reactive,1,20,4.5,0.2,0.5
20260813,reactive,2,20,4.5,0.2,0.5
20260813,snapshot,0,20,4.04,0.18,0.44
20260813,snapshot,1,20,4.840000000000001,0.22,0.44
20260813,snapshot,2,20,4.840000000000001,0.22,0.44
20260813,satcap,0,20,3.3000000000000003,0.14,0.5
20260813,satcap,1,20,4.5,0.2,0.5
20260813,satcap,2,20,4.5,0.2,0.5
20260814,no_action,0,20,8.8,0.44,0.0
20260814,no_action,1,20,8.8,0.44,0.0
20260814,no_action,2,20,8.8,0.44,0.0
20260814,reactive,0,20,3.66,0.16,0.46
20260814,reactive,1,20,5.26,0.24,0.46
20260814,reactive,2,20,5.68,0.26,0.48
20260814,snapshot,0,20,2.5,0.1,0.5
20260814,snapshot,1,20,4.5,0.2,0.5
20260814,snapshot,2,20,4.92,0.22,0.52
20260814,satcap,0,20,3.66,0.16,0.46
20260814,satcap,1,20,5.26,0.24,0.46
20260814,satcap,2,20,5.68,0.26,0.48
20260815,no_action,0,20,15.600000000000001,0.78,0.0
20260815,no_action,1,20,15.600000000000001,0.78,0.0
20260815,no_action,2,20,15.600000000000001,0.78,0.0
20260815,reactive,0,20,3.16,0.12,0.76
20260815,reactive,1,20,5.140000000000001,0.22,0.74
20260815,reactive,2,20,5.52,0.24,0.72
20260815,snapshot,0,20,7.340000000000001,0.34,0.54
20260815,snapshot,1,20,8.52,0.4,0.52
20260815,snapshot,2,20,7.699999999999999,0.36,0.5
20260815,satcap,0,20,3.16,0.12,0.76
20260815,satcap,1,20,5.140000000000001,0.22,0.74
20260815,satcap,2,20,5.52,0.24,0.72
20260816,no_action,0,20,12.4,0.62,0.0
20260816,no_action,1,20,12.4,0.62,0.0
20260816,no_action,2,20,12.4,0.62,0.0
20260816,reactive,0,20,5.0,0.22,0.6
20260816,reactive,1,20,6.180000000000001,0.28,0.58
20260816,reactive,2,20,5.76,0.26,0.56
20260816,snapshot,0,20,5.74,0.26,0.54
20260816,snapshot,1,20,5.74,0.26,0.54
20260816,snapshot,2,20,6.52,0.3,0.52
20260816,satcap,0,20,5.0,0.22,0.6
20260816,satcap,1,20,6.180000000000001,0.28,0.58
20260816,satcap,2,20,5.76,0.26,0.56
20260817,no_action,0,20,17.6,0.88,0.0
20260817,no_action,1,20,17.6,0.88,0.0
20260817,no_action,2,20,17.6,0.88,0.0
20260817,reactive,0,20,2.08,0.06,0.88
20260817,reactive,1,20,2.08,0.06,0.88
20260817,reactive,2,20,2.46,0.08,0.86
20260817,snapshot,0,20,15.760000000000002,0.78,0.16
20260817,snapshot,1,20,16.18,0.8,0.18
20260817,snapshot,2,20,15.8,0.78,0.2
20260817,satcap,0,20,2.08,0.06,0.88
20260817,satcap,1,20,2.08,0.06,0.88
20260817,satcap,2,20,2.46,0.08,0.86
20260818,no_action,0,20,9.200000000000001,0.46,0.0
20260818,no_action,1,20,9.200000000000001,0.46,0.0
20260818,no_action,2,20,9.200000000000001,0.46,0.0
20260818,reactive,0,20,3.66,0.16,0.46
20260818,reactive,1,20,2.86,0.12,0.46
20260818,reactive,2,20,4.06,0.18,0.46
20260818,snapshot,0,20,3.08,0.12,0.68
20260818,snapshot,1,20,1.88,0.06,0.68
20260818,snapshot,2,20,2.68,0.1,0.68
20260818,satcap,0,20,3.66,0.16,0.46
20260818,satcap,1,20,2.86,0.12,0.46
20260818,satcap,2,20,4.06,0.18,0.46
20260819,no_action,0,20,6.800000000000001,0.34,0.0
20260819,no_action,1,20,6.800000000000001,0.34,0.0
20260819,no_action,2,20,6.800000000000001,0.34,0.0
20260819,reactive,0,20,1.9400000000000002,0.08,0.34
20260819,reactive,1,20,1.9400000000000002,0.08,0.34
20260819,reactive,2,20,2.34,0.1,0.34
20260819,snapshot,0,20,2.6999999999999997,0.12,0.3
20260819,snapshot,1,20,2.32,0.1,0.32
20260819,snapshot,2,20,3.12,0.14,0.32
20260819,satcap,0,20,1.9400000000000002,0.08,0.34
20260819,satcap,1,20,1.9400000000000002,0.08,0.34
20260819,satcap,2,20,2.34,0.1,0.34
20260820,no_action,0,20,19.6,0.98,0.0
20260820,no_action,1,20,19.6,0.98,0.0
20260820,no_action,2,20,19.6,0.98,0.0
20260820,reactive,0,20,1.38,0.02,0.98
20260820,reactive,1,20,1.38,0.02,0.98
20260820,reactive,2,20,1.38,0.02,0.98
20260820,snapshot,0,20,1.38,0.02,0.98
20260820,snapshot,1,20,1.38,0.02,0.98
20260820,snapshot,2,20,1.38,0.02,0.98
20260820,satcap,0,20,1.38,0.02,0.98
20260820,satcap,1,20,1.38,0.02,0.98
20260820,satcap,2,20,1.38,0.02,0.98
20260821,no_action,0,20,11.6,0.58,0.0
20260821,no_action,1,20,11.6,0.58,0.0
20260821,no_action,2,20,11.6,0.58,0.0
20260821,reactive,0,20,4.18,0.18,0.58
20260821,reactive,1,20,4.199999999999999,0.18,0.6
20260821,reactive,2,20,4.22,0.18,0.62
20260821,snapshot,0,20,2.4000000000000004,0.08,0.8
20260821,snapshot,1,20,2.4000000000000004,0.08,0.8
20260821,snapshot,2,20,2.4000000000000004,0.08,0.8
20260821,satcap,0,20,4.18,0.18,0.58
20260821,satcap,1,20,4.199999999999999,0.18,0.6
20260821,satcap,2,20,4.22,0.18,0.62
20260822,no_action,0,20,14.399999999999999,0.72,0.0
20260822,no_action,1,20,14.399999999999999,0.72,0.0
20260822,no_action,2,20,14.399999999999999,0.72,0.0
20260822,reactive,0,20,2.7199999999999998,0.1,0.72
20260822,reactive,1,20,2.74,0.1,0.74
20260822,reactive,2,20,1.96,0.06,0.76
20260822,snapshot,0,20,2.3200000000000003,0.08,0.72
20260822,snapshot,1,20,3.54,0.14,0.74
20260822,snapshot,2,20,3.16,0.12,0.76
20260822,satcap,0,20,2.7199999999999998,0.1,0.72
20260822,satcap,1,20,2.74,0.1,0.74
20260822,satcap,2,20,1.96,0.06,0.76
20260823,no_action,0,20,9.200000000000001,0.46,0.0
20260823,no_action,1,20,9.200000000000001,0.46,0.0
20260823,no_action,2,20,9.200000000000001,0.46,0.0
20260823,reactive,0,20,3.66,0.16,0.46
20260823,reactive,1,20,3.68,0.16,0.48
20260823,reactive,2,20,3.68,0.16,0.48
20260823,snapshot,0,20,4.04,0.18,0.44
20260823,snapshot,1,20,3.66,0.16,0.46
20260823,snapshot,2,20,4.86,0.22,0.46
20260823,satcap,0,20,5.7,0.26,0.5
20260823,satcap,1,20,6.120000000000001,0.28,0.52
20260823,satcap,2,20,4.52,0.2,0.52
20260824,no_action,0,20,12.8,0.64,0.0
20260824,no_action,1,20,12.8,0.64,0.0
20260824,no_action,2,20,12.8,0.64,0.0
20260824,reactive,0,20,3.4400000000000004,0.14,0.64
20260824,reactive,1,20,3.8200000000000003,0.16,0.62
20260824,reactive,2,20,4.6,0.2,0.6
20260824,snapshot,0,20,3.8600000000000003,0.16,0.66
20260824,snapshot,1,20,4.239999999999999,0.18,0.64
20260824,snapshot,2,20,5.0200000000000005,0.22,0.62
20260824,satcap,0,20,3.4400000000000004,0.14,0.64
20260824,satcap,1,20,3.8200000000000003,0.16,0.62
20260824,satcap,2,20,4.6,0.2,0.6
20260825,no_action,0,20,12.0,0.6,0.0
20260825,no_action,1,20,12.0,0.6,0.0
20260825,no_action,2,20,12.0,0.6,0.0
20260825,reactive,0,20,3.4000000000000004,0.14,0.6
20260825,reactive,1,20,4.58,0.2,0.58
20260825,reactive,2,20,4.18,0.18,0.58
20260825,snapshot,0,20,4.46,0.2,0.46
20260825,snapshot,1,20,5.640000000000001,0.26,0.44
20260825,snapshot,2,20,6.040000000000001,0.28,0.44
20260825,satcap,0,20,3.4000000000000004,0.14,0.6
20260825,satcap,1,20,4.58,0.2,0.58
20260825,satcap,2,20,4.18,0.18,0.58
20260826,no_action,0,20,13.600000000000001,0.68,0.0
20260826,no_action,1,20,13.600000000000001,0.68,0.0
20260826,no_action,2,20,13.600000000000001,0.68,0.0
20260826,reactive,0,20,3.08,0.12,0.68
20260826,reactive,1,20,4.279999999999999,0.18,0.68
20260826,reactive,2,20,4.68,0.2,0.68
20260826,snapshot,0,20,2.76,0.1,0.76
20260826,snapshot,1,20,3.58,0.14,0.78
20260826,snapshot,2,20,3.1799999999999997,0.12,0.78
20260826,satcap,0,20,1.0,0.0,1.0
20260826,satcap,1,20,1.0,0.0,1.0
20260826,satcap,2,20,1.0,0.0,1.0
20260727,no_action,0,50,31.0,0.62,0.0
20260727,no_action,1,50,31.0,0.62,0.0
20260727,no_action,2,50,31.0,0.62,0.0
20260727,reactive,0,50,5.62,0.1,0.62
20260727,reactive,1,50,6.62,0.12,0.62
20260727,reactive,2,50,9.6,0.18,0.6
20260727,snapshot,0,50,5.7,0.1,0.7
20260727,snapshot,1,50,5.7,0.1,0.7
20260727,snapshot,2,50,4.7,0.08,0.7
20260727,satcap,0,50,5.62,0.1,0.62
20260727,satcap,1,50,6.62,0.12,0.62
20260727,satcap,2,50,9.6,0.18,0.6
20260728,no_action,0,50,16.0,0.32,0.0
20260728,no_action,1,50,16.0,0.32,0.0
20260728,no_action,2,50,16.0,0.32,0.0
20260728,reactive,0,50,7.300000000000001,0.14,0.3
20260728,reactive,1,50,6.3,0.12,0.3
20260728,reactive,2,50,9.3,0.18,0.3
20260728,snapshot,0,50,4.4,0.08,0.4
20260728,snapshot,1,50,4.4,0.08,0.4
20260728,snapshot,2,50,9.4,0.18,0.4
20260728,satcap,0,50,7.300000000000001,0.14,0.3
20260728,satcap,1,50,6.3,0.12,0.3
20260728,satcap,2,50,9.3,0.18,0.3
20260729,no_action,0,50,28.000000000000004,0.56,0.0
20260729,no_action,1,50,28.000000000000004,0.56,0.0
20260729,no_action,2,50,28.000000000000004,0.56,0.0
20260729,reactive,0,50,7.540000000000001,0.14,0.54
20260729,reactive,1,50,9.56,0.18,0.56
20260729,reactive,2,50,10.58,0.2,0.58
20260729,snapshot,0,50,4.74,0.08,0.74
20260729,snapshot,1,50,5.76,0.1,0.76
20260729,snapshot,2,50,7.760000000000001,0.14,0.76
20260729,satcap,0,50,4.82,0.08,0.82
20260729,satcap,1,50,5.8,0.1,0.8
20260729,satcap,2,50,6.8,0.12,0.8
20260730,no_action,0,50,31.0,0.62,0.0
20260730,no_action,1,50,31.0,0.62,0.0
20260730,no_action,2,50,31.0,0.62,0.0
20260730,reactive,0,50,5.62,0.1,0.62
20260730,reactive,1,50,9.62,0.18,0.62
20260730,reactive,2,50,9.62,0.18,0.62
20260730,snapshot,0,50,8.72,0.16,0.72
20260730,snapshot,1,50,9.72,0.18,0.72
20260730,snapshot,2,50,9.7,0.18,0.7
20260730,satcap,0,50,5.62,0.1,0.62
20260730,satcap,1,50,9.62,0.18,0.62
20260730,satcap,2,50,9.62,0.18,0.62
20260731,no_action,0,50,27.0,0.54,0.0
20260731,no_action,1,50,27.0,0.54,0.0
20260731,no_action,2,50,27.0,0.54,0.0
20260731,reactive,0,50,5.54,0.1,0.54
20260731,reactive,1,50,7.520000000000001,0.14,0.52
20260731,reactive,2,50,9.52,0.18,0.52
20260731,snapshot,0,50,3.76,0.06,0.76
20260731,snapshot,1,50,2.76,0.04,0.76
20260731,snapshot,2,50,5.76,0.1,0.76
20260731,satcap,0,50,5.54,0.1,0.54
20260731,satcap,1,50,7.520000000000001,0.14,0.52
20260731,satcap,2,50,9.52,0.18,0.52
20260732,no_action,0,50,33.0,0.66,0.0
20260732,no_action,1,50,33.0,0.66,0.0
20260732,no_action,2,50,33.0,0.66,0.0
20260732,reactive,0,50,8.66,0.16,0.66
20260732,reactive,1,50,10.66,0.2,0.66
20260732,reactive,2,50,14.660000000000002,0.28,0.66
20260732,snapshot,0,50,10.6,0.2,0.6
20260732,snapshot,1,50,11.6,0.22,0.6
20260732,snapshot,2,50,15.6,0.3,0.6
20260732,satcap,0,50,8.66,0.16,0.66
20260732,satcap,1,50,10.66,0.2,0.66
20260732,satcap,2,50,14.660000000000002,0.28,0.66
20260733,no_action,0,50,34.0,0.68,0.0
20260733,no_action,1,50,34.0,0.68,0.0
20260733,no_action,2,50,34.0,0.68,0.0
20260733,reactive,0,50,5.68,0.1,0.68
20260733,reactive,1,50,6.68,0.12,0.68
20260733,reactive,2,50,8.68,0.16,0.68
20260733,snapshot,0,50,7.680000000000001,0.14,0.68
20260733,snapshot,1,50,8.68,0.16,0.68
20260733,snapshot,2,50,11.68,0.22,0.68
20260733,satcap,0,50,5.68,0.1,0.68
20260733,satcap,1,50,6.68,0.12,0.68
20260733,satcap,2,50,8.68,0.16,0.68
20260734,no_action,0,50,28.000000000000004,0.56,0.0
20260734,no_action,1,50,28.000000000000004,0.56,0.0
20260734,no_action,2,50,28.000000000000004,0.56,0.0
20260734,reactive,0,50,7.540000000000001,0.14,0.54
20260734,reactive,1,50,11.52,0.22,0.52
20260734,reactive,2,50,11.5,0.22,0.5
20260734,snapshot,0,50,3.7800000000000002,0.06,0.78
20260734,snapshot,1,50,5.76,0.1,0.76
20260734,snapshot,2,50,5.74,0.1,0.74
20260734,satcap,0,50,7.540000000000001,0.14,0.54
20260734,satcap,1,50,11.52,0.22,0.52
20260734,satcap,2,50,11.5,0.22,0.5
20260735,no_action,0,50,23.0,0.46,0.0
20260735,no_action,1,50,23.0,0.46,0.0
20260735,no_action,2,50,23.0,0.46,0.0
20260735,reactive,0,50,8.48,0.16,0.48
20260735,reactive,1,50,11.48,0.22,0.48
20260735,reactive,2,50,12.48,0.24,0.48
20260735,snapshot,0,50,19.14,0.38,0.14
20260735,snapshot,1,50,19.14,0.38,0.14
20260735,snapshot,2,50,20.16,0.4,0.16
20260735,satcap,0,50,21.12,0.42,0.12
20260735,satcap,1,50,19.14,0.38,0.14
20260735,satcap,2,50,18.14,0.36,0.14
20260736,no_action,0,50,43.0,0.86,0.0
20260736,no_action,1,50,43.0,0.86,0.0
20260736,no_action,2,50,43.0,0.86,0.0
20260736,reactive,0,50,3.88,0.06,0.88
20260736,reactive,1,50,2.9,0.04,0.9
20260736,reactive,2,50,4.9,0.08,0.9
20260736,snapshot,0,50,8.76,0.16,0.76
20260736,snapshot,1,50,5.78,0.1,0.78
20260736,snapshot,2,50,7.800000000000001,0.14,0.8
20260736,satcap,0,50,3.88,0.06,0.88
20260736,satcap,1,50,2.9,0.04,0.9
20260736,satcap,2,50,4.9,0.08,0.9
20260737,no_action,0,50,27.0,0.54,0.0
20260737,no_action,1,50,27.0,0.54,0.0
20260737,no_action,2,50,27.0,0.54,0.0
20260737,reactive,0,50,5.54,0.1,0.54
20260737,reactive,1,50,8.52,0.16,0.52
20260737,reactive,2,50,9.52,0.18,0.52
20260737,snapshot,0,50,2.76,0.04,0.76
20260737,snapshot,1,50,4.76,0.08,0.76
20260737,snapshot,2,50,7.740000000000001,0.14,0.74
20260737,satcap,0,50,5.54,0.1,0.54
20260737,satcap,1,50,8.52,0.16,0.52
20260737,satcap,2,50,9.52,0.18,0.52
20260738,no_action,0,50,32.0,0.64,0.0
20260738,no_action,1,50,32.0,0.64,0.0
20260738,no_action,2,50,32.0,0.64,0.0
20260738,reactive,0,50,8.62,0.16,0.62
20260738,reactive,1,50,11.6,0.22,0.6
20260738,reactive,2,50,9.6,0.18,0.6
20260738,snapshot,0,50,7.640000000000001,0.14,0.64
20260738,snapshot,1,50,11.62,0.22,0.62
20260738,snapshot,2,50,9.62,0.18,0.62
20260738,satcap,0,50,8.62,0.16,0.62
20260738,satcap,1,50,11.6,0.22,0.6
20260738,satcap,2,50,9.6,0.18,0.6
20260739,no_action,0,50,28.999999999999996,0.58,0.0
20260739,no_action,1,50,28.999999999999996,0.58,0.0
20260739,no_action,2,50,28.999999999999996,0.58,0.0
20260739,reactive,0,50,9.56,0.18,0.56
20260739,reactive,1,50,10.54,0.2,0.54
20260739,reactive,2,50,10.54,0.2,0.54
20260739,snapshot,0,50,2.8,0.04,0.8
20260739,snapshot,1,50,3.7800000000000002,0.06,0.78
20260739,snapshot,2,50,4.78,0.08,0.78
20260739,satcap,0,50,9.56,0.18,0.56
20260739,satcap,1,50,10.54,0.2,0.54
20260739,satcap,2,50,10.54,0.2,0.54
20260740,no_action,0,50,27.0,0.54,0.0
20260740,no_action,1,50,27.0,0.54,0.0
20260740,no_action,2,50,27.0,0.54,0.0
20260740,reactive,0,50,8.52,0.16,0.52
20260740,reactive,1,50,8.52,0.16,0.52
20260740,reactive,2,50,9.5,0.18,0.5
20260740,snapshot,0,50,9.46,0.18,0.46
20260740,snapshot,1,50,10.46,0.2,0.46
20260740,snapshot,2,50,11.44,0.22,0.44
20260740,satcap,0,50,8.52,0.16,0.52
20260740,satcap,1,50,8.52,0.16,0.52
20260740,satcap,2,50,9.5,0.18,0.5
20260741,no_action,0,50,26.0,0.52,0.0
20260741,no_action,1,50,26.0,0.52,0.0
20260741,no_action,2,50,26.0,0.52,0.0
20260741,reactive,0,50,8.5,0.16,0.5
20260741,reactive,1,50,11.48,0.22,0.48
20260741,reactive,2,50,10.48,0.2,0.48
20260741,snapshot,0,50,3.76,0.06,0.76
20260741,snapshot,1,50,4.76,0.08,0.76
20260741,snapshot,2,50,6.74,0.12,0.74
20260741,satcap,0,50,8.5,0.16,0.5
20260741,satcap,1,50,11.48,0.22,0.48
20260741,satcap,2,50,10.48,0.2,0.48
20260742,no_action,0,50,23.0,0.46,0.0
20260742,no_action,1,50,23.0,0.46,0.0
20260742,no_action,2,50,23.0,0.46,0.0
20260742,reactive,0,50,11.48,0.22,0.48
20260742,reactive,1,50,13.48,0.26,0.48
20260742,reactive,2,50,11.5,0.22,0.5
20260742,snapshot,0,50,11.5,0.22,0.5
20260742,snapshot,1,50,10.52,0.2,0.52
20260742,snapshot,2,50,10.54,0.2,0.54
20260742,satcap,0,50,11.48,0.22,0.48
20260742,satcap,1,50,13.48,0.26,0.48
20260742,satcap,2,50,11.5,0.22,0.5
20260743,no_action,0,50,37.0,0.74,0.0
20260743,no_action,1,50,37.0,0.74,0.0
20260743,no_action,2,50,37.0,0.74,0.0
20260743,reactive,0,50,5.74,0.1,0.74
20260743,reactive,1,50,6.74,0.12,0.74
20260743,reactive,2,50,7.760000000000001,0.14,0.76
20260743,snapshot,0,50,6.78,0.12,0.78
20260743,snapshot,1,50,6.78,0.12,0.78
20260743,snapshot,2,50,9.78,0.18,0.78
20260743,satcap,0,50,5.74,0.1,0.74
20260743,satcap,1,50,6.74,0.12,0.74
20260743,satcap,2,50,7.760000000000001,0.14,0.76
20260744,no_action,0,50,21.0,0.42,0.0
20260744,no_action,1,50,21.0,0.42,0.0
20260744,no_action,2,50,21.0,0.42,0.0
20260744,reactive,0,50,7.420000000000001,0.14,0.42
20260744,reactive,1,50,7.420000000000001,0.14,0.42
20260744,reactive,2,50,10.42,0.2,0.42
20260744,snapshot,0,50,8.5,0.16,0.5
20260744,snapshot,1,50,8.5,0.16,0.5
20260744,snapshot,2,50,10.48,0.2,0.48
20260744,satcap,0,50,7.420000000000001,0.14,0.42
20260744,satcap,1,50,7.420000000000001,0.14,0.42
20260744,satcap,2,50,10.42,0.2,0.42
20260745,no_action,0,50,36.0,0.72,0.0
20260745,no_action,1,50,36.0,0.72,0.0
20260745,no_action,2,50,36.0,0.72,0.0
20260745,reactive,0,50,3.7,0.06,0.7
20260745,reactive,1,50,4.68,0.08,0.68
20260745,reactive,2,50,4.66,0.08,0.66
20260745,snapshot,0,50,4.72,0.08,0.72
20260745,snapshot,1,50,5.72,0.1,0.72
20260745,snapshot,2,50,5.7,0.1,0.7
20260745,satcap,0,50,3.7,0.06,0.7
20260745,satcap,1,50,4.68,0.08,0.68
20260745,satcap,2,50,4.66,0.08,0.66
20260746,no_action,0,50,19.0,0.38,0.0
20260746,no_action,1,50,19.0,0.38,0.0
20260746,no_action,2,50,19.0,0.38,0.0
20260746,reactive,0,50,11.36,0.22,0.36
20260746,reactive,1,50,11.36,0.22,0.36
20260746,reactive,2,50,10.38,0.2,0.38
20260746,snapshot,0,50,9.4,0.18,0.4
20260746,snapshot,1,50,11.4,0.22,0.4
20260746,snapshot,2,50,12.4,0.24,0.4
20260746,satcap,0,50,11.36,0.22,0.36
20260746,satcap,1,50,11.36,0.22,0.36
20260746,satcap,2,50,10.38,0.2,0.38
20260747,no_action,0,50,24.0,0.48,0.0
20260747,no_action,1,50,24.0,0.48,0.0
20260747,no_action,2,50,24.0,0.48,0.0
20260747,reactive,0,50,10.48,0.2,0.48
20260747,reactive,1,50,14.500000000000002,0.28,0.5
20260747,reactive,2,50,16.5,0.32,0.5
20260747,snapshot,0,50,7.620000000000001,0.14,0.62
20260747,snapshot,1,50,8.6,0.16,0.6
20260747,snapshot,2,50,13.6,0.26,0.6
20260747,satcap,0,50,10.48,0.2,0.48
20260747,satcap,1,50,14.500000000000002,0.28,0.5
20260747,satcap,2,50,16.5,0.32,0.5
20260748,no_action,0,50,19.0,0.38,0.0
20260748,no_action,1,50,19.0,0.38,0.0
20260748,no_action,2,50,19.0,0.38,0.0
20260748,reactive,0,50,8.38,0.16,0.38
20260748,reactive,1,50,9.4,0.18,0.4
20260748,reactive,2,50,9.4,0.18,0.4
20260748,snapshot,0,50,5.62,0.1,0.62
20260748,snapshot,1,50,9.62,0.18,0.62
20260748,snapshot,2,50,9.62,0.18,0.62
20260748,satcap,0,50,8.38,0.16,0.38
20260748,satcap,1,50,9.4,0.18,0.4
20260748,satcap,2,50,9.4,0.18,0.4
20260749,no_action,0,50,43.0,0.86,0.0
20260749,no_action,1,50,43.0,0.86,0.0
20260749,no_action,2,50,43.0,0.86,0.0
20260749,reactive,0,50,5.86,0.1,0.86
20260749,reactive,1,50,5.86,0.1,0.86
20260749,reactive,2,50,5.86,0.1,0.86
20260749,snapshot,0,50,9.72,0.18,0.72
20260749,snapshot,1,50,12.72,0.24,0.72
20260749,snapshot,2,50,11.72,0.22,0.72
20260749,satcap,0,50,5.86,0.1,0.86
20260749,satcap,1,50,5.86,0.1,0.86
20260749,satcap,2,50,5.86,0.1,0.86
20260750,no_action,0,50,32.0,0.64,0.0
20260750,no_action,1,50,32.0,0.64,0.0
20260750,no_action,2,50,32.0,0.64,0.0
20260750,reactive,0,50,7.640000000000001,0.14,0.64
20260750,reactive,1,50,9.64,0.18,0.64
20260750,reactive,2,50,9.64,0.18,0.64
20260750,snapshot,0,50,29.179999999999996,0.58,0.18
20260750,snapshot,1,50,27.18,0.54,0.18
20260750,snapshot,2,50,27.18,0.54,0.18
20260750,satcap,0,50,7.640000000000001,0.14,0.64
20260750,satcap,1,50,9.64,0.18,0.64
20260750,satcap,2,50,9.64,0.18,0.64
20260751,no_action,0,50,31.0,0.62,0.0
20260751,no_action,1,50,31.0,0.62,0.0
20260751,no_action,2,50,31.0,0.62,0.0
20260751,reactive,0,50,11.62,0.22,0.62
20260751,reactive,1,50,9.62,0.18,0.62
20260751,reactive,2,50,13.6,0.26,0.6
20260751,snapshot,0,50,10.54,0.2,0.54
20260751,snapshot,1,50,13.56,0.26,0.56
20260751,snapshot,2,50,16.54,0.32,0.54
20260751,satcap,0,50,11.62,0.22,0.62
20260751,satcap,1,50,9.62,0.18,0.62
20260751,satcap,2,50,13.6,0.26,0.6
20260752,no_action,0,50,36.0,0.72,0.0
20260752,no_action,1,50,36.0,0.72,0.0
20260752,no_action,2,50,36.0,0.72,0.0
20260752,reactive,0,50,6.74,0.12,0.74
20260752,reactive,1,50,10.74,0.2,0.74
20260752,reactive,2,50,9.74,0.18,0.74
20260752,snapshot,0,50,5.88,0.1,0.88
20260752,snapshot,1,50,6.88,0.12,0.88
20260752,snapshot,2,50,5.88,0.1,0.88
20260752,satcap,0,50,6.74,0.12,0.74
20260752,satcap,1,50,10.74,0.2,0.74
20260752,satcap,2,50,9.74,0.18,0.74
20260753,no_action,0,50,36.0,0.72,0.0
20260753,no_action,1,50,36.0,0.72,0.0
20260753,no_action,2,50,36.0,0.72,0.0
20260753,reactive,0,50,7.720000000000001,0.14,0.72
20260753,reactive,1,50,8.72,0.16,0.72
20260753,reactive,2,50,9.7,0.18,0.7
20260753,snapshot,0,50,11.68,0.22,0.68
20260753,snapshot,1,50,13.66,0.26,0.66
20260753,snapshot,2,50,9.66,0.18,0.66
20260753,satcap,0,50,7.720000000000001,0.14,0.72
20260753,satcap,1,50,8.72,0.16,0.72
20260753,satcap,2,50,9.7,0.18,0.7
20260754,no_action,0,50,45.0,0.9,0.0
20260754,no_action,1,50,45.0,0.9,0.0
20260754,no_action,2,50,45.0,0.9,0.0
20260754,reactive,0,50,3.9,0.06,0.9
20260754,reactive,1,50,4.9,0.08,0.9
20260754,reactive,2,50,5.9,0.1,0.9
20260754,snapshot,0,50,4.88,0.08,0.88
20260754,snapshot,1,50,6.86,0.12,0.86
20260754,snapshot,2,50,7.840000000000001,0.14,0.84
20260754,satcap,0,50,3.9,0.06,0.9
20260754,satcap,1,50,4.9,0.08,0.9
20260754,satcap,2,50,5.9,0.1,0.9
20260755,no_action,0,50,24.0,0.48,0.0
20260755,no_action,1,50,24.0,0.48,0.0
20260755,no_action,2,50,24.0,0.48,0.0
20260755,reactive,0,50,9.46,0.18,0.46
20260755,reactive,1,50,8.44,0.16,0.44
20260755,reactive,2,50,9.44,0.18,0.44
20260755,snapshot,0,50,5.62,0.1,0.62
20260755,snapshot,1,50,6.6,0.12,0.6
20260755,snapshot,2,50,6.6,0.12,0.6
20260755,satcap,0,50,9.46,0.18,0.46
20260755,satcap,1,50,8.44,0.16,0.44
20260755,satcap,2,50,9.44,0.18,0.44
20260756,no_action,0,50,19.0,0.38,0.0
20260756,no_action,1,50,19.0,0.38,0.0
20260756,no_action,2,50,19.0,0.38,0.0
20260756,reactive,0,50,9.4,0.18,0.4
20260756,reactive,1,50,9.4,0.18,0.4
20260756,reactive,2,50,9.38,0.18,0.38
20260756,snapshot,0,50,9.52,0.18,0.52
20260756,snapshot,1,50,7.540000000000001,0.14,0.54
20260756,snapshot,2,50,10.54,0.2,0.54
20260756,satcap,0,50,9.4,0.18,0.4
20260756,satcap,1,50,9.4,0.18,0.4
20260756,satcap,2,50,9.38,0.18,0.38
20260757,no_action,0,50,18.0,0.36,0.0
20260757,no_action,1,50,18.0,0.36,0.0
20260757,no_action,2,50,18.0,0.36,0.0
20260757,reactive,0,50,3.36,0.06,0.36
20260757,reactive,1,50,4.36,0.08,0.36
20260757,reactive,2,50,5.38,0.1,0.38
20260757,snapshot,0,50,3.4,0.06,0.4
20260757,snapshot,1,50,4.4,0.08,0.4
20260757,snapshot,2,50,4.4,0.08,0.4
20260757,satcap,0,50,3.36,0.06,0.36
20260757,satcap,1,50,4.36,0.08,0.36
20260757,satcap,2,50,5.38,0.1,0.38
20260758,no_action,0,50,34.0,0.68,0.0
20260758,no_action,1,50,34.0,0.68,0.0
20260758,no_action,2,50,34.0,0.68,0.0
20260758,reactive,0,50,1.7,0.02,0.7
20260758,reactive,1,50,3.7,0.06,0.7
20260758,reactive,2,50,4.72,0.08,0.72
20260758,snapshot,0,50,2.84,0.04,0.84
20260758,snapshot,1,50,3.84,0.06,0.84
20260758,snapshot,2,50,4.84,0.08,0.84
20260758,satcap,0,50,1.7,0.02,0.7
20260758,satcap,1,50,3.7,0.06,0.7
20260758,satcap,2,50,4.72,0.08,0.72
20260759,no_action,0,50,28.999999999999996,0.58,0.0
20260759,no_action,1,50,28.999999999999996,0.58,0.0
20260759,no_action,2,50,28.999999999999996,0.58,0.0
20260759,reactive,0,50,10.56,0.2,0.56
20260759,reactive,1,50,9.54,0.18,0.54
20260759,reactive,2,50,11.52,0.22,0.52
20260759,snapshot,0,50,8.56,0.16,0.56
20260759,snapshot,1,50,10.54,0.2,0.54
20260759,snapshot,2,50,12.52,0.24,0.52
20260759,satcap,0,50,10.56,0.2,0.56
20260759,satcap,1,50,9.54,0.18,0.54
20260759,satcap,2,50,11.52,0.22,0.52
20260760,no_action,0,50,26.0,0.52,0.0
20260760,no_action,1,50,26.0,0.52,0.0
20260760,no_action,2,50,26.0,0.52,0.0
20260760,reactive,0,50,8.52,0.16,0.52
20260760,reactive,1,50,11.52,0.22,0.52
20260760,reactive,2,50,11.52,0.22,0.52
20260760,snapshot,0,50,6.78,0.12,0.78
20260760,snapshot,1,50,8.78,0.16,0.78
20260760,snapshot,2,50,5.78,0.1,0.78
20260760,satcap,0,50,8.52,0.16,0.52
20260760,satcap,1,50,11.52,0.22,0.52
20260760,satcap,2,50,11.52,0.22,0.52
20260761,no_action,0,50,41.0,0.82,0.0
20260761,no_action,1,50,41.0,0.82,0.0
20260761,no_action,2,50,41.0,0.82,0.0
20260761,reactive,0,50,7.820000000000001,0.14,0.82
20260761,reactive,1,50,9.82,0.18,0.82
20260761,reactive,2,50,7.820000000000001,0.14,0.82
20260761,snapshot,0,50,22.52,0.44,0.52
20260761,snapshot,1,50,18.54,0.36,0.54
20260761,snapshot,2,50,19.56,0.38,0.56
20260761,satcap,0,50,7.820000000000001,0.14,0.82
20260761,satcap,1,50,9.82,0.18,0.82
20260761,satcap,2,50,7.820000000000001,0.14,0.82
20260762,no_action,0,50,36.0,0.72,0.0
20260762,no_action,1,50,36.0,0.72,0.0
20260762,no_action,2,50,36.0,0.72,0.0
20260762,reactive,0,50,5.72,0.1,0.72
20260762,reactive,1,50,8.7,0.16,0.7
20260762,reactive,2,50,10.68,0.2,0.68
20260762,snapshot,0,50,1.88,0.02,0.88
20260762,snapshot,1,50,3.86,0.06,0.86
20260762,snapshot,2,50,5.86,0.1,0.86
20260762,satcap,0,50,5.72,0.1,0.72
20260762,satcap,1,50,8.7,0.16,0.7
20260762,satcap,2,50,10.68,0.2,0.68
20260763,no_action,0,50,40.0,0.8,0.0
20260763,no_action,1,50,40.0,0.8,0.0
20260763,no_action,2,50,40.0,0.8,0.0
20260763,reactive,0,50,4.8,0.08,0.8
20260763,reactive,1,50,4.82,0.08,0.82
20260763,reactive,2,50,3.84,0.06,0.84
20260763,snapshot,0,50,1.0,0.0,1.0
20260763,snapshot,1,50,1.0,0.0,1.0
20260763,snapshot,2,50,1.0,0.0,1.0
20260763,satcap,0,50,8.8,0.16,0.8
20260763,satcap,1,50,9.8,0.18,0.8
20260763,satcap,2,50,8.8,0.16,0.8
20260764,no_action,0,50,17.0,0.34,0.0
20260764,no_action,1,50,17.0,0.34,0.0
20260764,no_action,2,50,17.0,0.34,0.0
20260764,reactive,0,50,10.34,0.2,0.34
20260764,reactive,1,50,9.34,0.18,0.34
20260764,reactive,2,50,13.32,0.26,0.32
20260764,snapshot,0,50,11.22,0.22,0.22
20260764,snapshot,1,50,10.22,0.2,0.22
20260764,snapshot,2,50,14.200000000000001,0.28,0.2
20260764,satcap,0,50,10.34,0.2,0.34
20260764,satcap,1,50,9.34,0.18,0.34
20260764,satcap,2,50,13.32,0.26,0.32
20260765,no_action,0,50,31.0,0.62,0.0
20260765,no_action,1,50,31.0,0.62,0.0
20260765,no_action,2,50,31.0,0.62,0.0
20260765,reactive,0,50,7.620000000000001,0.14,0.62
20260765,reactive,1,50,7.620000000000001,0.14,0.62
20260765,reactive,2,50,7.640000000000001,0.14,0.64
20260765,snapshot,0,50,4.68,0.08,0.68
20260765,snapshot,1,50,4.68,0.08,0.68
20260765,snapshot,2,50,6.68,0.12,0.68
20260765,satcap,0,50,7.620000000000001,0.14,0.62
20260765,satcap,1,50,7.620000000000001,0.14,0.62
20260765,satcap,2,50,7.640000000000001,0.14,0.64
20260766,no_action,0,50,28.000000000000004,0.56,0.0
20260766,no_action,1,50,28.000000000000004,0.56,0.0
20260766,no_action,2,50,28.000000000000004,0.56,0.0
20260766,reactive,0,50,11.54,0.22,0.54
20260766,reactive,1,50,13.54,0.26,0.54
20260766,reactive,2,50,11.56,0.22,0.56
20260766,snapshot,0,50,6.78,0.12,0.78
20260766,snapshot,1,50,4.76,0.08,0.76
20260766,snapshot,2,50,5.76,0.1,0.76
20260766,satcap,0,50,11.54,0.22,0.54
20260766,satcap,1,50,13.54,0.26,0.54
20260766,satcap,2,50,11.56,0.22,0.56
20260767,no_action,0,50,30.0,0.6,0.0
20260767,no_action,1,50,30.0,0.6,0.0
20260767,no_action,2,50,30.0,0.6,0.0
20260767,reactive,0,50,11.6,0.22,0.6
20260767,reactive,1,50,9.62,0.18,0.62
20260767,reactive,2,50,14.600000000000001,0.28,0.6
20260767,snapshot,0,50,10.6,0.2,0.6
20260767,snapshot,1,50,11.6,0.22,0.6
20260767,snapshot,2,50,14.580000000000002,0.28,0.58
20260767,satcap,0,50,11.6,0.22,0.6
20260767,satcap,1,50,9.62,0.18,0.62
20260767,satcap,2,50,14.600000000000001,0.28,0.6
20260768,no_action,0,50,28.000000000000004,0.56,0.0
20260768,no_action,1,50,28.000000000000004,0.56,0.0
20260768,no_action,2,50,28.000000000000004,0.56,0.0
20260768,reactive,0,50,6.5600000000000005,0.12,0.56
20260768,reactive,1,50,7.5600000000000005,0.14,0.56
20260768,reactive,2,50,8.56,0.16,0.56
20260768,snapshot,0,50,24.36,0.48,0.36
20260768,snapshot,1,50,22.36,0.44,0.36
20260768,snapshot,2,50,21.36,0.42,0.36
20260768,satcap,0,50,6.5600000000000005,0.12,0.56
20260768,satcap,1,50,7.5600000000000005,0.14,0.56
20260768,satcap,2,50,8.56,0.16,0.56
20260769,no_action,0,50,47.0,0.94,0.0
20260769,no_action,1,50,47.0,0.94,0.0
20260769,no_action,2,50,47.0,0.94,0.0
20260769,reactive,0,50,2.94,0.04,0.94
20260769,reactive,1,50,2.94,0.04,0.94
20260769,reactive,2,50,3.92,0.06,0.92
20260769,snapshot,0,50,5.86,0.1,0.86
20260769,snapshot,1,50,6.86,0.12,0.86
20260769,snapshot,2,50,5.86,0.1,0.86
20260769,satcap,0,50,2.94,0.04,0.94
20260769,satcap,1,50,2.94,0.04,0.94
20260769,satcap,2,50,3.92,0.06,0.92
20260770,no_action,0,50,40.0,0.8,0.0
20260770,no_action,1,50,40.0,0.8,0.0
20260770,no_action,2,50,40.0,0.8,0.0
20260770,reactive,0,50,4.82,0.08,0.82
20260770,reactive,1,50,6.8,0.12,0.8
20260770,reactive,2,50,8.8,0.16,0.8
20260770,snapshot,0,50,4.8,0.08,0.8
20260770,snapshot,1,50,6.8,0.12,0.8
20260770,snapshot,2,50,7.800000000000001,0.14,0.8
20260770,satcap,0,50,4.82,0.08,0.82
20260770,satcap,1,50,6.8,0.12,0.8
20260770,satcap,2,50,8.8,0.16,0.8
20260771,no_action,0,50,42.0,0.84,0.0
20260771,no_action,1,50,42.0,0.84,0.0
20260771,no_action,2,50,42.0,0.84,0.0
20260771,reactive,0,50,6.82,0.12,0.82
20260771,reactive,1,50,8.82,0.16,0.82
20260771,reactive,2,50,7.820000000000001,0.14,0.82
20260771,snapshot,0,50,3.9,0.06,0.9
20260771,snapshot,1,50,4.9,0.08,0.9
20260771,snapshot,2,50,5.9,0.1,0.9
20260771,satcap,0,50,6.82,0.12,0.82
20260771,satcap,1,50,8.82,0.16,0.82
20260771,satcap,2,50,7.820000000000001,0.14,0.82
20260772,no_action,0,50,39.0,0.78,0.0
20260772,no_action,1,50,39.0,0.78,0.0
20260772,no_action,2,50,39.0,0.78,0.0
20260772,reactive,0,50,4.78,0.08,0.78
20260772,reactive,1,50,6.78,0.12,0.78
20260772,reactive,2,50,6.8,0.12,0.8
20260772,snapshot,0,50,3.9,0.06,0.9
20260772,snapshot,1,50,3.9,0.06,0.9
20260772,snapshot,2,50,2.92,0.04,0.92
20260772,satcap,0,50,4.78,0.08,0.78
20260772,satcap,1,50,6.78,0.12,0.78
20260772,satcap,2,50,6.8,0.12,0.8
20260773,no_action,0,50,38.0,0.76,0.0
20260773,no_action,1,50,38.0,0.76,0.0
20260773,no_action,2,50,38.0,0.76,0.0
20260773,reactive,0,50,2.76,0.04,0.76
20260773,reactive,1,50,4.76,0.08,0.76
20260773,reactive,2,50,6.76,0.12,0.76
20260773,snapshot,0,50,1.8,0.02,0.8
20260773,snapshot,1,50,3.8,0.06,0.8
20260773,snapshot,2,50,5.8,0.1,0.8
20260773,satcap,0,50,2.76,0.04,0.76
20260773,satcap,1,50,4.76,0.08,0.76
20260773,satcap,2,50,6.76,0.12,0.76
20260774,no_action,0,50,27.0,0.54,0.0
20260774,no_action,1,50,27.0,0.54,0.0
20260774,no_action,2,50,27.0,0.54,0.0
20260774,reactive,0,50,7.5600000000000005,0.14,0.56
20260774,reactive,1,50,10.56,0.2,0.56
20260774,reactive,2,50,9.54,0.18,0.54
20260774,snapshot,0,50,7.640000000000001,0.14,0.64
20260774,snapshot,1,50,8.64,0.16,0.64
20260774,snapshot,2,50,9.64,0.18,0.64
20260774,satcap,0,50,7.5600000000000005,0.14,0.56
20260774,satcap,1,50,10.56,0.2,0.56
20260774,satcap,2,50,9.54,0.18,0.54
20260775,no_action,0,50,30.0,0.6,0.0
20260775,no_action,1,50,30.0,0.6,0.0
20260775,no_action,2,50,30.0,0.6,0.0
20260775,reactive,0,50,7.580000000000001,0.14,0.58
20260775,reactive,1,50,10.58,0.2,0.58
20260775,reactive,2,50,9.58,0.18,0.58
20260775,snapshot,0,50,6.64,0.12,0.64
20260775,snapshot,1,50,6.64,0.12,0.64
20260775,snapshot,2,50,5.64,0.1,0.64
20260775,satcap,0,50,7.580000000000001,0.14,0.58
20260775,satcap,1,50,10.58,0.2,0.58
20260775,satcap,2,50,9.58,0.18,0.58
20260776,no_action,0,50,31.0,0.62,0.0
20260776,no_action,1,50,31.0,0.62,0.0
20260776,no_action,2,50,31.0,0.62,0.0
20260776,reactive,0,50,7.620000000000001,0.14,0.62
20260776,reactive,1,50,9.62,0.18,0.62
20260776,reactive,2,50,10.6,0.2,0.6
20260776,snapshot,0,50,2.88,0.04,0.88
20260776,snapshot,1,50,3.88,0.06,0.88
20260776,snapshot,2,50,5.88,0.1,0.88
20260776,satcap,0,50,7.620000000000001,0.14,0.62
20260776,satcap,1,50,9.62,0.18,0.62
20260776,satcap,2,50,10.6,0.2,0.6
20260777,no_action,0,50,32.0,0.64,0.0
20260777,no_action,1,50,32.0,0.64,0.0
20260777,no_action,2,50,32.0,0.64,0.0
20260777,reactive,0,50,7.620000000000001,0.14,0.62
20260777,reactive,1,50,7.620000000000001,0.14,0.62
20260777,reactive,2,50,9.64,0.18,0.64
20260777,snapshot,0,50,2.86,0.04,0.86
20260777,snapshot,1,50,2.88,0.04,0.88
20260777,snapshot,2,50,3.88,0.06,0.88
20260777,satcap,0,50,7.620000000000001,0.14,0.62
20260777,satcap,1,50,7.620000000000001,0.14,0.62
20260777,satcap,2,50,9.64,0.18,0.64
20260778,no_action,0,50,33.0,0.66,0.0
20260778,no_action,1,50,33.0,0.66,0.0
20260778,no_action,2,50,33.0,0.66,0.0
20260778,reactive,0,50,4.66,0.08,0.66
20260778,reactive,1,50,6.66,0.12,0.66
20260778,reactive,2,50,6.66,0.12,0.66
20260778,snapshot,0,50,5.6,0.1,0.6
20260778,snapshot,1,50,7.6000000000000005,0.14,0.6
20260778,snapshot,2,50,7.6000000000000005,0.14,0.6
20260778,satcap,0,50,4.66,0.08,0.66
20260778,satcap,1,50,6.66,0.12,0.66
20260778,satcap,2,50,6.66,0.12,0.66
20260779,no_action,0,50,15.0,0.3,0.0
20260779,no_action,1,50,15.0,0.3,0.0
20260779,no_action,2,50,15.0,0.3,0.0
20260779,reactive,0,50,6.3,0.12,0.3
20260779,reactive,1,50,9.32,0.18,0.32
20260779,reactive,2,50,9.34,0.18,0.34
20260779,snapshot,0,50,1.0,0.0,1.0
20260779,snapshot,1,50,1.0,0.0,1.0
20260779,snapshot,2,50,1.0,0.0,1.0
20260779,satcap,0,50,1.0,0.0,1.0
20260779,satcap,1,50,1.0,0.0,1.0
20260779,satcap,2,50,1.0,0.0,1.0
20260780,no_action,0,50,16.0,0.32,0.0
20260780,no_action,1,50,16.0,0.32,0.0
20260780,no_action,2,50,16.0,0.32,0.0
20260780,reactive,0,50,11.3,0.22,0.3
20260780,reactive,1,50,10.3,0.2,0.3
20260780,reactive,2,50,12.3,0.24,0.3
20260780,snapshot,0,50,1.0,0.0,1.0
20260780,snapshot,1,50,1.0,0.0,1.0
20260780,snapshot,2,50,1.0,0.0,1.0
20260780,satcap,0,50,11.3,0.22,0.3
20260780,satcap,1,50,10.3,0.2,0.3
20260780,satcap,2,50,12.3,0.24,0.3
20260781,no_action,0,50,33.0,0.66,0.0
20260781,no_action,1,50,33.0,0.66,0.0
20260781,no_action,2,50,33.0,0.66,0.0
20260781,reactive,0,50,7.660000000000001,0.14,0.66
20260781,reactive,1,50,8.68,0.16,0.68
20260781,reactive,2,50,11.7,0.22,0.7
20260781,snapshot,0,50,4.86,0.08,0.86
20260781,snapshot,1,50,3.88,0.06,0.88
20260781,snapshot,2,50,3.88,0.06,0.88
20260781,satcap,0,50,7.660000000000001,0.14,0.66
20260781,satcap,1,50,8.68,0.16,0.68
20260781,satcap,2,50,11.7,0.22,0.7
20260782,no_action,0,50,28.000000000000004,0.56,0.0
20260782,no_action,1,50,28.000000000000004,0.56,0.0
20260782,no_action,2,50,28.000000000000004,0.56,0.0
20260782,reactive,0,50,8.56,0.16,0.56
20260782,reactive,1,50,9.56,0.18,0.56
20260782,reactive,2,50,11.56,0.22,0.56
20260782,snapshot,0,50,11.5,0.22,0.5
20260782,snapshot,1,50,9.5,0.18,0.5
20260782,snapshot,2,50,12.52,0.24,0.52
20260782,satcap,0,50,8.56,0.16,0.56
20260782,satcap,1,50,9.56,0.18,0.56
20260782,satcap,2,50,11.56,0.22,0.56
20260783,no_action,0,50,32.0,0.64,0.0
20260783,no_action,1,50,32.0,0.64,0.0
20260783,no_action,2,50,32.0,0.64,0.0
20260783,reactive,0,50,10.62,0.2,0.62
20260783,reactive,1,50,10.6,0.2,0.6
20260783,reactive,2,50,12.58,0.24,0.58
20260783,snapshot,0,50,15.48,0.3,0.48
20260783,snapshot,1,50,17.46,0.34,0.46
20260783,snapshot,2,50,17.44,0.34,0.44
20260783,satcap,0,50,10.62,0.2,0.62
20260783,satcap,1,50,10.6,0.2,0.6
20260783,satcap,2,50,12.58,0.24,0.58
20260784,no_action,0,50,28.999999999999996,0.58,0.0
20260784,no_action,1,50,28.999999999999996,0.58,0.0
20260784,no_action,2,50,28.999999999999996,0.58,0.0
20260784,reactive,0,50,11.6,0.22,0.6
20260784,reactive,1,50,10.6,0.2,0.6
20260784,reactive,2,50,11.58,0.22,0.58
20260784,snapshot,0,50,8.68,0.16,0.68
20260784,snapshot,1,50,6.68,0.12,0.68
20260784,snapshot,2,50,8.68,0.16,0.68
20260784,satcap,0,50,11.6,0.22,0.6
20260784,satcap,1,50,10.6,0.2,0.6
20260784,satcap,2,50,11.58,0.22,0.58
20260785,no_action,0,50,31.0,0.62,0.0
20260785,no_action,1,50,31.0,0.62,0.0
20260785,no_action,2,50,31.0,0.62,0.0
20260785,reactive,0,50,6.64,0.12,0.64
20260785,reactive,1,50,7.640000000000001,0.14,0.64
20260785,reactive,2,50,8.66,0.16,0.66
20260785,snapshot,0,50,1.8199999999999998,0.02,0.82
20260785,snapshot,1,50,2.82,0.04,0.82
20260785,snapshot,2,50,4.82,0.08,0.82
20260785,satcap,0,50,6.64,0.12,0.64
20260785,satcap,1,50,7.640000000000001,0.14,0.64
20260785,satcap,2,50,8.66,0.16,0.66
20260786,no_action,0,50,32.0,0.64,0.0
20260786,no_action,1,50,32.0,0.64,0.0
20260786,no_action,2,50,32.0,0.64,0.0
20260786,reactive,0,50,9.62,0.18,0.62
20260786,reactive,1,50,10.6,0.2,0.6
20260786,reactive,2,50,11.6,0.22,0.6
20260786,snapshot,0,50,9.7,0.18,0.7
20260786,snapshot,1,50,10.7,0.2,0.7
20260786,snapshot,2,50,7.700000000000001,0.14,0.7
20260786,satcap,0,50,9.62,0.18,0.62
20260786,satcap,1,50,10.6,0.2,0.6
20260786,satcap,2,50,11.6,0.22,0.6
20260787,no_action,0,50,25.0,0.5,0.0
20260787,no_action,1,50,25.0,0.5,0.0
20260787,no_action,2,50,25.0,0.5,0.0
20260787,reactive,0,50,7.500000000000001,0.14,0.5
20260787,reactive,1,50,10.5,0.2,0.5
20260787,reactive,2,50,9.5,0.18,0.5
20260787,snapshot,0,50,11.58,0.22,0.58
20260787,snapshot,1,50,11.58,0.22,0.58
20260787,snapshot,2,50,12.58,0.24,0.58
20260787,satcap,0,50,7.500000000000001,0.14,0.5
20260787,satcap,1,50,10.5,0.2,0.5
20260787,satcap,2,50,9.5,0.18,0.5
20260788,no_action,0,50,23.0,0.46,0.0
20260788,no_action,1,50,23.0,0.46,0.0
20260788,no_action,2,50,23.0,0.46,0.0
20260788,reactive,0,50,10.48,0.2,0.48
20260788,reactive,1,50,12.48,0.24,0.48
20260788,reactive,2,50,14.500000000000002,0.28,0.5
20260788,snapshot,0,50,9.58,0.18,0.58
20260788,snapshot,1,50,6.58,0.12,0.58
20260788,snapshot,2,50,10.6,0.2,0.6
20260788,satcap,0,50,10.48,0.2,0.48
20260788,satcap,1,50,12.48,0.24,0.48
20260788,satcap,2,50,14.500000000000002,0.28,0.5
20260789,no_action,0,50,26.0,0.52,0.0
20260789,no_action,1,50,26.0,0.52,0.0
20260789,no_action,2,50,26.0,0.52,0.0
20260789,reactive,0,50,7.520000000000001,0.14,0.52
20260789,reactive,1,50,12.52,0.24,0.52
20260789,reactive,2,50,13.52,0.26,0.52
20260789,snapshot,0,50,2.76,0.04,0.76
20260789,snapshot,1,50,2.7800000000000002,0.04,0.78
20260789,snapshot,2,50,3.7800000000000002,0.06,0.78
20260789,satcap,0,50,7.520000000000001,0.14,0.52
20260789,satcap,1,50,12.52,0.24,0.52
20260789,satcap,2,50,13.52,0.26,0.52
20260790,no_action,0,50,38.0,0.76,0.0
20260790,no_action,1,50,38.0,0.76,0.0
20260790,no_action,2,50,38.0,0.76,0.0
20260790,reactive,0,50,3.74,0.06,0.74
20260790,reactive,1,50,5.72,0.1,0.72
20260790,reactive,2,50,7.720000000000001,0.14,0.72
20260790,snapshot,0,50,4.78,0.08,0.78
20260790,snapshot,1,50,4.76,0.08,0.76
20260790,snapshot,2,50,4.74,0.08,0.74
20260790,satcap,0,50,3.74,0.06,0.74
20260790,satcap,1,50,5.72,0.1,0.72
20260790,satcap,2,50,7.720000000000001,0.14,0.72
20260791,no_action,0,50,28.999999999999996,0.58,0.0
20260791,no_action,1,50,28.999999999999996,0.58,0.0
20260791,no_action,2,50,28.999999999999996,0.58,0.0
20260791,reactive,0,50,7.6000000000000005,0.14,0.6
20260791,reactive,1,50,8.6,0.16,0.6
20260791,reactive,2,50,9.6,0.18,0.6
20260791,snapshot,0,50,8.58,0.16,0.58
20260791,snapshot,1,50,7.6000000000000005,0.14,0.6
20260791,snapshot,2,50,8.62,0.16,0.62
20260791,satcap,0,50,7.6000000000000005,0.14,0.6
20260791,satcap,1,50,8.6,0.16,0.6
20260791,satcap,2,50,9.6,0.18,0.6
20260792,no_action,0,50,26.0,0.52,0.0
20260792,no_action,1,50,26.0,0.52,0.0
20260792,no_action,2,50,26.0,0.52,0.0
20260792,reactive,0,50,13.5,0.26,0.5
20260792,reactive,1,50,13.5,0.26,0.5
20260792,reactive,2,50,12.5,0.24,0.5
20260792,snapshot,0,50,13.5,0.26,0.5
20260792,snapshot,1,50,11.5,0.22,0.5
20260792,snapshot,2,50,12.5,0.24,0.5
20260792,satcap,0,50,13.5,0.26,0.5
20260792,satcap,1,50,13.5,0.26,0.5
20260792,satcap,2,50,12.5,0.24,0.5
20260793,no_action,0,50,23.0,0.46,0.0
20260793,no_action,1,50,23.0,0.46,0.0
20260793,no_action,2,50,23.0,0.46,0.0
20260793,reactive,0,50,9.46,0.18,0.46
20260793,reactive,1,50,10.48,0.2,0.48
20260793,reactive,2,50,12.46,0.24,0.46
20260793,snapshot,0,50,1.8399999999999999,0.02,0.84
20260793,snapshot,1,50,3.84,0.06,0.84
20260793,snapshot,2,50,3.86,0.06,0.86
20260793,satcap,0,50,9.46,0.18,0.46
20260793,satcap,1,50,10.48,0.2,0.48
20260793,satcap,2,50,12.46,0.24,0.46
20260794,no_action,0,50,20.0,0.4,0.0
20260794,no_action,1,50,20.0,0.4,0.0
20260794,no_action,2,50,20.0,0.4,0.0
20260794,reactive,0,50,10.38,0.2,0.38
20260794,reactive,1,50,13.36,0.26,0.36
20260794,reactive,2,50,13.36,0.26,0.36
20260794,snapshot,0,50,12.28,0.24,0.28
20260794,snapshot,1,50,16.28,0.32,0.28
20260794,snapshot,2,50,11.28,0.22,0.28
20260794,satcap,0,50,10.38,0.2,0.38
20260794,satcap,1,50,13.36,0.26,0.36
20260794,satcap,2,50,13.36,0.26,0.36
20260795,no_action,0,50,33.0,0.66,0.0
20260795,no_action,1,50,33.0,0.66,0.0
20260795,no_action,2,50,33.0,0.66,0.0
20260795,reactive,0,50,7.640000000000001,0.14,0.64
20260795,reactive,1,50,9.64,0.18,0.64
20260795,reactive,2,50,11.62,0.22,0.62
20260795,snapshot,0,50,8.64,0.16,0.64
20260795,snapshot,1,50,7.640000000000001,0.14,0.64
20260795,snapshot,2,50,9.62,0.18,0.62
20260795,satcap,0,50,7.640000000000001,0.14,0.64
20260795,satcap,1,50,9.64,0.18,0.64
20260795,satcap,2,50,11.62,0.22,0.62
20260796,no_action,0,50,45.0,0.9,0.0
20260796,no_action,1,50,45.0,0.9,0.0
20260796,no_action,2,50,45.0,0.9,0.0
20260796,reactive,0,50,4.9,0.08,0.9
20260796,reactive,1,50,3.9,0.06,0.9
20260796,reactive,2,50,4.9,0.08,0.9
20260796,snapshot,0,50,1.96,0.02,0.96
20260796,snapshot,1,50,1.96,0.02,0.96
20260796,snapshot,2,50,2.96,0.04,0.96
20260796,satcap,0,50,4.9,0.08,0.9
20260796,satcap,1,50,3.9,0.06,0.9
20260796,satcap,2,50,4.9,0.08,0.9
20260797,no_action,0,50,28.000000000000004,0.56,0.0
20260797,no_action,1,50,28.000000000000004,0.56,0.0
20260797,no_action,2,50,28.000000000000004,0.56,0.0
20260797,reactive,0,50,5.54,0.1,0.54
20260797,reactive,1,50,6.54,0.12,0.54
20260797,reactive,2,50,7.520000000000001,0.14,0.52
20260797,snapshot,0,50,2.7,0.04,0.7
20260797,snapshot,1,50,5.68,0.1,0.68
20260797,snapshot,2,50,5.66,0.1,0.66
20260797,satcap,0,50,5.54,0.1,0.54
20260797,satcap,1,50,6.54,0.12,0.54
20260797,satcap,2,50,7.520000000000001,0.14,0.52
20260798,no_action,0,50,25.0,0.5,0.0
20260798,no_action,1,50,25.0,0.5,0.0
20260798,no_action,2,50,25.0,0.5,0.0
20260798,reactive,0,50,6.5,0.12,0.5
20260798,reactive,1,50,9.48,0.18,0.48
20260798,reactive,2,50,9.46,0.18,0.46
20260798,snapshot,0,50,3.68,0.06,0.68
20260798,snapshot,1,50,3.7,0.06,0.7
20260798,snapshot,2,50,2.7,0.04,0.7
20260798,satcap,0,50,6.5,0.12,0.5
20260798,satcap,1,50,9.48,0.18,0.48
20260798,satcap,2,50,9.46,0.18,0.46
20260799,no_action,0,50,28.000000000000004,0.56,0.0
20260799,no_action,1,50,28.000000000000004,0.56,0.0
20260799,no_action,2,50,28.000000000000004,0.56,0.0
20260799,reactive,0,50,6.5600000000000005,0.12,0.56
20260799,reactive,1,50,8.54,0.16,0.54
20260799,reactive,2,50,10.54,0.2,0.54
20260799,snapshot,0,50,23.44,0.46,0.44
20260799,snapshot,1,50,21.46,0.42,0.46
20260799,snapshot,2,50,20.48,0.4,0.48
20260799,satcap,0,50,6.5600000000000005,0.12,0.56
20260799,satcap,1,50,8.54,0.16,0.54
20260799,satcap,2,50,10.54,0.2,0.54
20260800,no_action,0,50,32.0,0.64,0.0
20260800,no_action,1,50,32.0,0.64,0.0
20260800,no_action,2,50,32.0,0.64,0.0
20260800,reactive,0,50,5.64,0.1,0.64
20260800,reactive,1,50,6.62,0.12,0.62
20260800,reactive,2,50,8.62,0.16,0.62
20260800,snapshot,0,50,8.56,0.16,0.56
20260800,snapshot,1,50,8.56,0.16,0.56
20260800,snapshot,2,50,9.58,0.18,0.58
20260800,satcap,0,50,5.64,0.1,0.64
20260800,satcap,1,50,6.62,0.12,0.62
20260800,satcap,2,50,8.62,0.16,0.62
20260801,no_action,0,50,21.0,0.42,0.0
20260801,no_action,1,50,21.0,0.42,0.0
20260801,no_action,2,50,21.0,0.42,0.0
20260801,reactive,0,50,4.44,0.08,0.44
20260801,reactive,1,50,6.46,0.12,0.46
20260801,reactive,2,50,7.48,0.14,0.48
20260801,snapshot,0,50,1.8,0.02,0.8
20260801,snapshot,1,50,1.8,0.02,0.8
20260801,snapshot,2,50,1.8,0.02,0.8
20260801,satcap,0,50,4.44,0.08,0.44
20260801,satcap,1,50,6.46,0.12,0.46
20260801,satcap,2,50,7.48,0.14,0.48
20260802,no_action,0,50,40.0,0.8,0.0
20260802,no_action,1,50,40.0,0.8,0.0
20260802,no_action,2,50,40.0,0.8,0.0
20260802,reactive,0,50,6.8,0.12,0.8
20260802,reactive,1,50,7.820000000000001,0.14,0.82
20260802,reactive,2,50,8.84,0.16,0.84
20260802,snapshot,0,50,22.5,0.44,0.5
20260802,snapshot,1,50,20.52,0.4,0.52
20260802,snapshot,2,50,21.5,0.42,0.5
20260802,satcap,0,50,6.8,0.12,0.8
20260802,satcap,1,50,7.820000000000001,0.14,0.82
20260802,satcap,2,50,8.84,0.16,0.84
20260803,no_action,0,50,28.999999999999996,0.58,0.0
20260803,no_action,1,50,28.999999999999996,0.58,0.0
20260803,no_action,2,50,28.999999999999996,0.58,0.0
20260803,reactive,0,50,7.580000000000001,0.14,0.58
20260803,reactive,1,50,8.56,0.16,0.56
20260803,reactive,2,50,9.56,0.18,0.56
20260803,snapshot,0,50,8.74,0.16,0.74
20260803,snapshot,1,50,6.76,0.12,0.76
20260803,snapshot,2,50,4.76,0.08,0.76
20260803,satcap,0,50,5.6,0.1,0.6
20260803,satcap,1,50,7.580000000000001,0.14,0.58
20260803,satcap,2,50,10.58,0.2,0.58
20260804,no_action,0,50,37.0,0.74,0.0
20260804,no_action,1,50,37.0,0.74,0.0
20260804,no_action,2,50,37.0,0.74,0.0
20260804,reactive,0,50,10.74,0.2,0.74
20260804,reactive,1,50,9.74,0.18,0.74
20260804,reactive,2,50,7.760000000000001,0.14,0.76
20260804,snapshot,0,50,6.76,0.12,0.76
20260804,snapshot,1,50,5.78,0.1,0.78
20260804,snapshot,2,50,7.780000000000001,0.14,0.78
20260804,satcap,0,50,10.74,0.2,0.74
20260804,satcap,1,50,9.74,0.18,0.74
20260804,satcap,2,50,7.760000000000001,0.14,0.76
20260805,no_action,0,50,38.0,0.76,0.0
20260805,no_action,1,50,38.0,0.76,0.0
20260805,no_action,2,50,38.0,0.76,0.0
20260805,reactive,0,50,8.74,0.16,0.74
20260805,reactive,1,50,7.760000000000001,0.14,0.76
20260805,reactive,2,50,9.74,0.18,0.74
20260805,snapshot,0,50,11.66,0.22,0.66
20260805,snapshot,1,50,13.64,0.26,0.64
20260805,snapshot,2,50,13.64,0.26,0.64
20260805,satcap,0,50,8.74,0.16,0.74
20260805,satcap,1,50,7.760000000000001,0.14,0.76
20260805,satcap,2,50,9.74,0.18,0.74
20260806,no_action,0,50,23.0,0.46,0.0
20260806,no_action,1,50,23.0,0.46,0.0
20260806,no_action,2,50,23.0,0.46,0.0
20260806,reactive,0,50,11.46,0.22,0.46
20260806,reactive,1,50,13.46,0.26,0.46
20260806,reactive,2,50,15.44,0.3,0.44
20260806,snapshot,0,50,10.42,0.2,0.42
20260806,snapshot,1,50,11.42,0.22,0.42
20260806,snapshot,2,50,13.4,0.26,0.4
20260806,satcap,0,50,11.46,0.22,0.46
20260806,satcap,1,50,13.46,0.26,0.46
20260806,satcap,2,50,15.44,0.3,0.44
20260807,no_action,0,50,23.0,0.46,0.0
20260807,no_action,1,50,23.0,0.46,0.0
20260807,no_action,2,50,23.0,0.46,0.0
20260807,reactive,0,50,5.48,0.1,0.48
20260807,reactive,1,50,6.5,0.12,0.5
20260807,reactive,2,50,8.52,0.16,0.52
20260807,snapshot,0,50,5.6,0.1,0.6
20260807,snapshot,1,50,6.6,0.12,0.6
20260807,snapshot,2,50,9.62,0.18,0.62
20260807,satcap,0,50,5.48,0.1,0.48
20260807,satcap,1,50,6.5,0.12,0.5
20260807,satcap,2,50,8.52,0.16,0.52
20260808,no_action,0,50,27.0,0.54,0.0
20260808,no_action,1,50,27.0,0.54,0.0
20260808,no_action,2,50,27.0,0.54,0.0
20260808,reactive,0,50,6.54,0.12,0.54
20260808,reactive,1,50,7.540000000000001,0.14,0.54
20260808,reactive,2,50,10.54,0.2,0.54
20260808,snapshot,0,50,6.58,0.12,0.58
20260808,snapshot,1,50,7.580000000000001,0.14,0.58
20260808,snapshot,2,50,8.58,0.16,0.58
20260808,satcap,0,50,7.780000000000001,0.14,0.78
20260808,satcap,1,50,7.760000000000001,0.14,0.76
20260808,satcap,2,50,6.78,0.12,0.78
20260809,no_action,0,50,20.0,0.4,0.0
20260809,no_action,1,50,20.0,0.4,0.0
20260809,no_action,2,50,20.0,0.4,0.0
20260809,reactive,0,50,7.400000000000001,0.14,0.4
20260809,reactive,1,50,8.4,0.16,0.4
20260809,reactive,2,50,8.38,0.16,0.38
20260809,snapshot,0,50,6.48,0.12,0.48
20260809,snapshot,1,50,7.48,0.14,0.48
20260809,snapshot,2,50,6.46,0.12,0.46
20260809,satcap,0,50,7.400000000000001,0.14,0.4
20260809,satcap,1,50,8.4,0.16,0.4
20260809,satcap,2,50,8.38,0.16,0.38
20260810,no_action,0,50,30.0,0.6,0.0
20260810,no_action,1,50,30.0,0.6,0.0
20260810,no_action,2,50,30.0,0.6,0.0
20260810,reactive,0,50,8.62,0.16,0.62
20260810,reactive,1,50,7.640000000000001,0.14,0.64
20260810,reactive,2,50,8.64,0.16,0.64
20260810,snapshot,0,50,7.580000000000001,0.14,0.58
20260810,snapshot,1,50,7.6000000000000005,0.14,0.6
20260810,snapshot,2,50,6.62,0.12,0.62
20260810,satcap,0,50,8.62,0.16,0.62
20260810,satcap,1,50,7.640000000000001,0.14,0.64
20260810,satcap,2,50,8.64,0.16,0.64
20260811,no_action,0,50,37.0,0.74,0.0
20260811,no_action,1,50,37.0,0.74,0.0
20260811,no_action,2,50,37.0,0.74,0.0
20260811,reactive,0,50,5.74,0.1,0.74
20260811,reactive,1,50,7.720000000000001,0.14,0.72
20260811,reactive,2,50,8.72,0.16,0.72
20260811,snapshot,0,50,7.680000000000001,0.14,0.68
20260811,snapshot,1,50,9.66,0.18,0.66
20260811,snapshot,2,50,12.66,0.24,0.66
20260811,satcap,0,50,5.74,0.1,0.74
20260811,satcap,1,50,7.720000000000001,0.14,0.72
20260811,satcap,2,50,8.72,0.16,0.72
20260812,no_action,0,50,34.0,0.68,0.0
20260812,no_action,1,50,34.0,0.68,0.0
20260812,no_action,2,50,34.0,0.68,0.0
20260812,reactive,0,50,4.68,0.08,0.68
20260812,reactive,1,50,8.66,0.16,0.66
20260812,reactive,2,50,11.66,0.22,0.66
20260812,snapshot,0,50,5.7,0.1,0.7
20260812,snapshot,1,50,7.700000000000001,0.14,0.7
20260812,snapshot,2,50,9.7,0.18,0.7
20260812,satcap,0,50,4.68,0.08,0.68
20260812,satcap,1,50,8.66,0.16,0.66
20260812,satcap,2,50,11.66,0.22,0.66
20260813,no_action,0,50,25.0,0.5,0.0
20260813,no_action,1,50,25.0,0.5,0.0
20260813,no_action,2,50,25.0,0.5,0.0
20260813,reactive,0,50,7.500000000000001,0.14,0.5
20260813,reactive,1,50,10.5,0.2,0.5
20260813,reactive,2,50,10.5,0.2,0.5
20260813,snapshot,0,50,9.44,0.18,0.44
20260813,snapshot,1,50,11.44,0.22,0.44
20260813,snapshot,2,50,11.44,0.22,0.44
20260813,satcap,0,50,7.500000000000001,0.14,0.5
20260813,satcap,1,50,10.5,0.2,0.5
20260813,satcap,2,50,10.5,0.2,0.5
20260814,no_action,0,50,22.0,0.44,0.0
20260814,no_action,1,50,22.0,0.44,0.0
20260814,no_action,2,50,22.0,0.44,0.0
20260814,reactive,0,50,8.46,0.16,0.46
20260814,reactive,1,50,12.46,0.24,0.46
20260814,reactive,2,50,13.48,0.26,0.48
20260814,snapshot,0,50,5.5,0.1,0.5
20260814,snapshot,1,50,10.5,0.2,0.5
20260814,snapshot,2,50,11.52,0.22,0.52
20260814,satcap,0,50,8.46,0.16,0.46
20260814,satcap,1,50,12.46,0.24,0.46
20260814,satcap,2,50,13.48,0.26,0.48
20260815,no_action,0,50,39.0,0.78,0.0
20260815,no_action,1,50,39.0,0.78,0.0
20260815,no_action,2,50,39.0,0.78,0.0
20260815,reactive,0,50,6.76,0.12,0.76
20260815,reactive,1,50,11.74,0.22,0.74
20260815,reactive,2,50,12.72,0.24,0.72
20260815,snapshot,0,50,17.54,0.34,0.54
20260815,snapshot,1,50,20.52,0.4,0.52
20260815,snapshot,2,50,18.5,0.36,0.5
20260815,satcap,0,50,6.76,0.12,0.76
20260815,satcap,1,50,11.74,0.22,0.74
20260815,satcap,2,50,12.72,0.24,0.72
20260816,no_action,0,50,31.0,0.62,0.0
20260816,no_action,1,50,31.0,0.62,0.0
20260816,no_action,2,50,31.0,0.62,0.0
20260816,reactive,0,50,11.6,0.22,0.6
20260816,reactive,1,50,14.580000000000002,0.28,0.58
20260816,reactive,2,50,13.56,0.26,0.56
20260816,snapshot,0,50,13.54,0.26,0.54
20260816,snapshot,1,50,13.54,0.26,0.54
20260816,snapshot,2,50,15.52,0.3,0.52
20260816,satcap,0,50,11.6,0.22,0.6
20260816,satcap,1,50,14.580000000000002,0.28,0.58
20260816,satcap,2,50,13.56,0.26,0.56
20260817,no_action,0,50,44.0,0.88,0.0
20260817,no_action,1,50,44.0,0.88,0.0
20260817,no_action,2,50,44.0,0.88,0.0
20260817,reactive,0,50,3.88,0.06,0.88
20260817,reactive,1,50,3.88,0.06,0.88
20260817,reactive,2,50,4.86,0.08,0.86
20260817,snapshot,0,50,39.16,0.78,0.16
20260817,snapshot,1,50,40.18,0.8,0.18
20260817,snapshot,2,50,39.2,0.78,0.2
20260817,satcap,0,50,3.88,0.06,0.88
20260817,satcap,1,50,3.88,0.06,0.88
20260817,satcap,2,50,4.86,0.08,0.86
20260818,no_action,0,50,23.0,0.46,0.0
20260818,no_action,1,50,23.0,0.46,0.0
20260818,no_action,2,50,23.0,0.46,0.0
20260818,reactive,0,50,8.46,0.16,0.46
20260818,reactive,1,50,6.46,0.12,0.46
20260818,reactive,2,50,9.46,0.18,0.46
20260818,snapshot,0,50,6.68,0.12,0.68
20260818,snapshot,1,50,3.68,0.06,0.68
20260818,snapshot,2,50,5.68,0.1,0.68
20260818,satcap,0,50,8.46,0.16,0.46
20260818,satcap,1,50,6.46,0.12,0.46
20260818,satcap,2,50,9.46,0.18,0.46
20260819,no_action,0,50,17.0,0.34,0.0
20260819,no_action,1,50,17.0,0.34,0.0
20260819,no_action,2,50,17.0,0.34,0.0
20260819,reactive,0,50,4.34,0.08,0.34
20260819,reactive,1,50,4.34,0.08,0.34
20260819,reactive,2,50,5.34,0.1,0.34
20260819,snapshot,0,50,6.3,0.12,0.3
20260819,snapshot,1,50,5.32,0.1,0.32
20260819,snapshot,2,50,7.320000000000001,0.14,0.32
20260819,satcap,0,50,4.34,0.08,0.34
20260819,satcap,1,50,4.34,0.08,0.34
20260819,satcap,2,50,5.34,0.1,0.34
20260820,no_action,0,50,49.0,0.98,0.0
20260820,no_action,1,50,49.0,0.98,0.0
20260820,no_action,2,50,49.0,0.98,0.0
20260820,reactive,0,50,1.98,0.02,0.98
20260820,reactive,1,50,1.98,0.02,0.98
20260820,reactive,2,50,1.98,0.02,0.98
20260820,snapshot,0,50,1.98,0.02,0.98
20260820,snapshot,1,50,1.98,0.02,0.98
20260820,snapshot,2,50,1.98,0.02,0.98
20260820,satcap,0,50,1.98,0.02,0.98
20260820,satcap,1,50,1.98,0.02,0.98
20260820,satcap,2,50,1.98,0.02,0.98
20260821,no_action,0,50,28.999999999999996,0.58,0.0
20260821,no_action,1,50,28.999999999999996,0.58,0.0
20260821,no_action,2,50,28.999999999999996,0.58,0.0
20260821,reactive,0,50,9.58,0.18,0.58
20260821,reactive,1,50,9.6,0.18,0.6
20260821,reactive,2,50,9.62,0.18,0.62
20260821,snapshot,0,50,4.8,0.08,0.8
20260821,snapshot,1,50,4.8,0.08,0.8
20260821,snapshot,2,50,4.8,0.08,0.8
20260821,satcap,0,50,9.58,0.18,0.58
20260821,satcap,1,50,9.6,0.18,0.6
20260821,satcap,2,50,9.62,0.18,0.62
20260822,no_action,0,50,36.0,0.72,0.0
20260822,no_action,1,50,36.0,0.72,0.0
20260822,no_action,2,50,36.0,0.72,0.0
20260822,reactive,0,50,5.72,0.1,0.72
20260822,reactive,1,50,5.74,0.1,0.74
20260822,reactive,2,50,3.76,0.06,0.76
20260822,snapshot,0,50,4.72,0.08,0.72
20260822,snapshot,1,50,7.740000000000001,0.14,0.74
20260822,snapshot,2,50,6.76,0.12,0.76
20260822,satcap,0,50,5.72,0.1,0.72
20260822,satcap,1,50,5.74,0.1,0.74
20260822,satcap,2,50,3.76,0.06,0.76
20260823,no_action,0,50,23.0,0.46,0.0
20260823,no_action,1,50,23.0,0.46,0.0
20260823,no_action,2,50,23.0,0.46,0.0
20260823,reactive,0,50,8.46,0.16,0.46
20260823,reactive,1,50,8.48,0.16,0.48
20260823,reactive,2,50,8.48,0.16,0.48
20260823,snapshot,0,50,9.44,0.18,0.44
20260823,snapshot,1,50,8.46,0.16,0.46
20260823,snapshot,2,50,11.46,0.22,0.46
20260823,satcap,0,50,13.5,0.26,0.5
20260823,satcap,1,50,14.520000000000001,0.28,0.52
20260823,satcap,2,50,10.52,0.2,0.52
20260824,no_action,0,50,32.0,0.64,0.0
20260824,no_action,1,50,32.0,0.64,0.0
20260824,no_action,2,50,32.0,0.64,0.0
20260824,reactive,0,50,7.640000000000001,0.14,0.64
20260824,reactive,1,50,8.62,0.16,0.62
20260824,reactive,2,50,10.6,0.2,0.6
20260824,snapshot,0,50,8.66,0.16,0.66
20260824,snapshot,1,50,9.64,0.18,0.64
20260824,snapshot,2,50,11.62,0.22,0.62
20260824,satcap,0,50,7.640000000000001,0.14,0.64
20260824,satcap,1,50,8.62,0.16,0.62
20260824,satcap,2,50,10.6,0.2,0.6
20260825,no_action,0,50,30.0,0.6,0.0
20260825,no_action,1,50,30.0,0.6,0.0
20260825,no_action,2,50,30.0,0.6,0.0
20260825,reactive,0,50,7.6000000000000005,0.14,0.6
20260825,reactive,1,50,10.58,0.2,0.58
20260825,reactive,2,50,9.58,0.18,0.58
20260825,snapshot,0,50,10.46,0.2,0.46
20260825,snapshot,1,50,13.44,0.26,0.44
20260825,snapshot,2,50,14.440000000000001,0.28,0.44
20260825,satcap,0,50,7.6000000000000005,0.14,0.6
20260825,satcap,1,50,10.58,0.2,0.58
20260825,satcap,2,50,9.58,0.18,0.58
20260826,no_action,0,50,34.0,0.68,0.0
20260826,no_action,1,50,34.0,0.68,0.0
20260826,no_action,2,50,34.0,0.68,0.0
20260826,reactive,0,50,6.68,0.12,0.68
20260826,reactive,1,50,9.68,0.18,0.68
20260826,reactive,2,50,10.68,0.2,0.68
20260826,snapshot,0,50,5.76,0.1,0.76
20260826,snapshot,1,50,7.780000000000001,0.14,0.78
20260826,snapshot,2,50,6.78,0.12,0.78
20260826,satcap,0,50,1.0,0.0,1.0
20260826,satcap,1,50,1.0,0.0,1.0
20260826,satcap,2,50,1.0,0.0,1.0
20260727,no_action,0,100,62.0,0.62,0.0
20260727,no_action,1,100,62.0,0.62,0.0
20260727,no_action,2,100,62.0,0.62,0.0
20260727,reactive,0,100,10.62,0.1,0.62
20260727,reactive,1,100,12.62,0.12,0.62
20260727,reactive,2,100,18.6,0.18,0.6
20260727,snapshot,0,100,10.7,0.1,0.7
20260727,snapshot,1,100,10.7,0.1,0.7
20260727,snapshot,2,100,8.7,0.08,0.7
20260727,satcap,0,100,10.62,0.1,0.62
20260727,satcap,1,100,12.62,0.12,0.62
20260727,satcap,2,100,18.6,0.18,0.6
20260728,no_action,0,100,32.0,0.32,0.0
20260728,no_action,1,100,32.0,0.32,0.0
20260728,no_action,2,100,32.0,0.32,0.0
20260728,reactive,0,100,14.300000000000002,0.14,0.3
20260728,reactive,1,100,12.3,0.12,0.3
20260728,reactive,2,100,18.3,0.18,0.3
20260728,snapshot,0,100,8.4,0.08,0.4
20260728,snapshot,1,100,8.4,0.08,0.4
20260728,snapshot,2,100,18.4,0.18,0.4
20260728,satcap,0,100,14.300000000000002,0.14,0.3
20260728,satcap,1,100,12.3,0.12,0.3
20260728,satcap,2,100,18.3,0.18,0.3
20260729,no_action,0,100,56.00000000000001,0.56,0.0
20260729,no_action,1,100,56.00000000000001,0.56,0.0
20260729,no_action,2,100,56.00000000000001,0.56,0.0
20260729,reactive,0,100,14.540000000000003,0.14,0.54
20260729,reactive,1,100,18.56,0.18,0.56
20260729,reactive,2,100,20.58,0.2,0.58
20260729,snapshot,0,100,8.74,0.08,0.74
20260729,snapshot,1,100,10.76,0.1,0.76
20260729,snapshot,2,100,14.760000000000002,0.14,0.76
20260729,satcap,0,100,8.82,0.08,0.82
20260729,satcap,1,100,10.8,0.1,0.8
20260729,satcap,2,100,12.8,0.12,0.8
20260730,no_action,0,100,62.0,0.62,0.0
20260730,no_action,1,100,62.0,0.62,0.0
20260730,no_action,2,100,62.0,0.62,0.0
20260730,reactive,0,100,10.62,0.1,0.62
20260730,reactive,1,100,18.62,0.18,0.62
20260730,reactive,2,100,18.62,0.18,0.62
20260730,snapshot,0,100,16.72,0.16,0.72
20260730,snapshot,1,100,18.72,0.18,0.72
20260730,snapshot,2,100,18.7,0.18,0.7
20260730,satcap,0,100,10.62,0.1,0.62
20260730,satcap,1,100,18.62,0.18,0.62
20260730,satcap,2,100,18.62,0.18,0.62
20260731,no_action,0,100,54.0,0.54,0.0
20260731,no_action,1,100,54.0,0.54,0.0
20260731,no_action,2,100,54.0,0.54,0.0
20260731,reactive,0,100,10.54,0.1,0.54
20260731,reactive,1,100,14.520000000000001,0.14,0.52
20260731,reactive,2,100,18.52,0.18,0.52
20260731,snapshot,0,100,6.76,0.06,0.76
20260731,snapshot,1,100,4.76,0.04,0.76
20260731,snapshot,2,100,10.76,0.1,0.76
20260731,satcap,0,100,10.54,0.1,0.54
20260731,satcap,1,100,14.520000000000001,0.14,0.52
20260731,satcap,2,100,18.52,0.18,0.52
20260732,no_action,0,100,66.0,0.66,0.0
20260732,no_action,1,100,66.0,0.66,0.0
20260732,no_action,2,100,66.0,0.66,0.0
20260732,reactive,0,100,16.66,0.16,0.66
20260732,reactive,1,100,20.66,0.2,0.66
20260732,reactive,2,100,28.660000000000004,0.28,0.66
20260732,snapshot,0,100,20.6,0.2,0.6
20260732,snapshot,1,100,22.6,0.22,0.6
20260732,snapshot,2,100,30.6,0.3,0.6
20260732,satcap,0,100,16.66,0.16,0.66
20260732,satcap,1,100,20.66,0.2,0.66
20260732,satcap,2,100,28.660000000000004,0.28,0.66
20260733,no_action,0,100,68.0,0.68,0.0
20260733,no_action,1,100,68.0,0.68,0.0
20260733,no_action,2,100,68.0,0.68,0.0
20260733,reactive,0,100,10.68,0.1,0.68
20260733,reactive,1,100,12.68,0.12,0.68
20260733,reactive,2,100,16.68,0.16,0.68
20260733,snapshot,0,100,14.680000000000001,0.14,0.68
20260733,snapshot,1,100,16.68,0.16,0.68
20260733,snapshot,2,100,22.68,0.22,0.68
20260733,satcap,0,100,10.68,0.1,0.68
20260733,satcap,1,100,12.68,0.12,0.68
20260733,satcap,2,100,16.68,0.16,0.68
20260734,no_action,0,100,56.00000000000001,0.56,0.0
20260734,no_action,1,100,56.00000000000001,0.56,0.0
20260734,no_action,2,100,56.00000000000001,0.56,0.0
20260734,reactive,0,100,14.540000000000003,0.14,0.54
20260734,reactive,1,100,22.52,0.22,0.52
20260734,reactive,2,100,22.5,0.22,0.5
20260734,snapshot,0,100,6.78,0.06,0.78
20260734,snapshot,1,100,10.76,0.1,0.76
20260734,snapshot,2,100,10.74,0.1,0.74
20260734,satcap,0,100,14.540000000000003,0.14,0.54
20260734,satcap,1,100,22.52,0.22,0.52
20260734,satcap,2,100,22.5,0.22,0.5
20260735,no_action,0,100,46.0,0.46,0.0
20260735,no_action,1,100,46.0,0.46,0.0
20260735,no_action,2,100,46.0,0.46,0.0
20260735,reactive,0,100,16.48,0.16,0.48
20260735,reactive,1,100,22.48,0.22,0.48
20260735,reactive,2,100,24.48,0.24,0.48
20260735,snapshot,0,100,38.14,0.38,0.14
20260735,snapshot,1,100,38.14,0.38,0.14
20260735,snapshot,2,100,40.16,0.4,0.16
20260735,satcap,0,100,42.12,0.42,0.12
20260735,satcap,1,100,38.14,0.38,0.14
20260735,satcap,2,100,36.14,0.36,0.14
20260736,no_action,0,100,86.0,0.86,0.0
20260736,no_action,1,100,86.0,0.86,0.0
20260736,no_action,2,100,86.0,0.86,0.0
20260736,reactive,0,100,6.88,0.06,0.88
20260736,reactive,1,100,4.9,0.04,0.9
20260736,reactive,2,100,8.9,0.08,0.9
20260736,snapshot,0,100,16.76,0.16,0.76
20260736,snapshot,1,100,10.78,0.1,0.78
20260736,snapshot,2,100,14.800000000000002,0.14,0.8
20260736,satcap,0,100,6.88,0.06,0.88
20260736,satcap,1,100,4.9,0.04,0.9
20260736,satcap,2,100,8.9,0.08,0.9
20260737,no_action,0,100,54.0,0.54,0.0
20260737,no_action,1,100,54.0,0.54,0.0
20260737,no_action,2,100,54.0,0.54,0.0
20260737,reactive,0,100,10.54,0.1,0.54
20260737,reactive,1,100,16.52,0.16,0.52
20260737,reactive,2,100,18.52,0.18,0.52
20260737,snapshot,0,100,4.76,0.04,0.76
20260737,snapshot,1,100,8.76,0.08,0.76
20260737,snapshot,2,100,14.740000000000002,0.14,0.74
20260737,satcap,0,100,10.54,0.1,0.54
20260737,satcap,1,100,16.52,0.16,0.52
20260737,satcap,2,100,18.52,0.18,0.52
20260738,no_action,0,100,64.0,0.64,0.0
20260738,no_action,1,100,64.0,0.64,0.0
20260738,no_action,2,100,64.0,0.64,0.0
20260738,reactive,0,100,16.62,0.16,0.62
20260738,reactive,1,100,22.6,0.22,0.6
20260738,reactive,2,100,18.6,0.18,0.6
20260738,snapshot,0,100,14.640000000000002,0.14,0.64
20260738,snapshot,1,100,22.62,0.22,0.62
20260738,snapshot,2,100,18.62,0.18,0.62
20260738,satcap,0,100,16.62,0.16,0.62
20260738,satcap,1,100,22.6,0.22,0.6
20260738,satcap,2,100,18.6,0.18,0.6
20260739,no_action,0,100,57.99999999999999,0.58,0.0
20260739,no_action,1,100,57.99999999999999,0.58,0.0
20260739,no_action,2,100,57.99999999999999,0.58,0.0
20260739,reactive,0,100,18.56,0.18,0.56
20260739,reactive,1,100,20.54,0.2,0.54
20260739,reactive,2,100,20.54,0.2,0.54
20260739,snapshot,0,100,4.8,0.04,0.8
20260739,snapshot,1,100,6.78,0.06,0.78
20260739,snapshot,2,100,8.78,0.08,0.78
20260739,satcap,0,100,18.56,0.18,0.56
20260739,satcap,1,100,20.54,0.2,0.54
20260739,satcap,2,100,20.54,0.2,0.54
20260740,no_action,0,100,54.0,0.54,0.0
20260740,no_action,1,100,54.0,0.54,0.0
20260740,no_action,2,100,54.0,0.54,0.0
20260740,reactive,0,100,16.52,0.16,0.52
20260740,reactive,1,100,16.52,0.16,0.52
20260740,reactive,2,100,18.5,0.18,0.5
20260740,snapshot,0,100,18.46,0.18,0.46
20260740,snapshot,1,100,20.46,0.2,0.46
20260740,snapshot,2,100,22.44,0.22,0.44
20260740,satcap,0,100,16.52,0.16,0.52
20260740,satcap,1,100,16.52,0.16,0.52
20260740,satcap,2,100,18.5,0.18,0.5
20260741,no_action,0,100,52.0,0.52,0.0
20260741,no_action,1,100,52.0,0.52,0.0
20260741,no_action,2,100,52.0,0.52,0.0
20260741,reactive,0,100,16.5,0.16,0.5
20260741,reactive,1,100,22.48,0.22,0.48
20260741,reactive,2,100,20.48,0.2,0.48
20260741,snapshot,0,100,6.76,0.06,0.76
20260741,snapshot,1,100,8.76,0.08,0.76
20260741,snapshot,2,100,12.74,0.12,0.74
20260741,satcap,0,100,16.5,0.16,0.5
20260741,satcap,1,100,22.48,0.22,0.48
20260741,satcap,2,100,20.48,0.2,0.48
20260742,no_action,0,100,46.0,0.46,0.0
20260742,no_action,1,100,46.0,0.46,0.0
20260742,no_action,2,100,46.0,0.46,0.0
20260742,reactive,0,100,22.48,0.22,0.48
20260742,reactive,1,100,26.48,0.26,0.48
20260742,reactive,2,100,22.5,0.22,0.5
20260742,snapshot,0,100,22.5,0.22,0.5
20260742,snapshot,1,100,20.52,0.2,0.52
20260742,snapshot,2,100,20.54,0.2,0.54
20260742,satcap,0,100,22.48,0.22,0.48
20260742,satcap,1,100,26.48,0.26,0.48
20260742,satcap,2,100,22.5,0.22,0.5
20260743,no_action,0,100,74.0,0.74,0.0
20260743,no_action,1,100,74.0,0.74,0.0
20260743,no_action,2,100,74.0,0.74,0.0
20260743,reactive,0,100,10.74,0.1,0.74
20260743,reactive,1,100,12.74,0.12,0.74
20260743,reactive,2,100,14.760000000000002,0.14,0.76
20260743,snapshot,0,100,12.78,0.12,0.78
20260743,snapshot,1,100,12.78,0.12,0.78
20260743,snapshot,2,100,18.78,0.18,0.78
20260743,satcap,0,100,10.74,0.1,0.74
20260743,satcap,1,100,12.74,0.12,0.74
20260743,satcap,2,100,14.760000000000002,0.14,0.76
20260744,no_action,0,100,42.0,0.42,0.0
20260744,no_action,1,100,42.0,0.42,0.0
20260744,no_action,2,100,42.0,0.42,0.0
20260744,reactive,0,100,14.420000000000002,0.14,0.42
20260744,reactive,1,100,14.420000000000002,0.14,0.42
20260744,reactive,2,100,20.42,0.2,0.42
20260744,snapshot,0,100,16.5,0.16,0.5
20260744,snapshot,1,100,16.5,0.16,0.5
20260744,snapshot,2,100,20.48,0.2,0.48
20260744,satcap,0,100,14.420000000000002,0.14,0.42
20260744,satcap,1,100,14.420000000000002,0.14,0.42
20260744,satcap,2,100,20.42,0.2,0.42
20260745,no_action,0,100,72.0,0.72,0.0
20260745,no_action,1,100,72.0,0.72,0.0
20260745,no_action,2,100,72.0,0.72,0.0
20260745,reactive,0,100,6.7,0.06,0.7
20260745,reactive,1,100,8.68,0.08,0.68
20260745,reactive,2,100,8.66,0.08,0.66
20260745,snapshot,0,100,8.72,0.08,0.72
20260745,snapshot,1,100,10.72,0.1,0.72
20260745,snapshot,2,100,10.7,0.1,0.7
20260745,satcap,0,100,6.7,0.06,0.7
20260745,satcap,1,100,8.68,0.08,0.68
20260745,satcap,2,100,8.66,0.08,0.66
20260746,no_action,0,100,38.0,0.38,0.0
20260746,no_action,1,100,38.0,0.38,0.0
20260746,no_action,2,100,38.0,0.38,0.0
20260746,reactive,0,100,22.36,0.22,0.36
20260746,reactive,1,100,22.36,0.22,0.36
20260746,reactive,2,100,20.38,0.2,0.38
20260746,snapshot,0,100,18.4,0.18,0.4
20260746,snapshot,1,100,22.4,0.22,0.4
20260746,snapshot,2,100,24.4,0.24,0.4
20260746,satcap,0,100,22.36,0.22,0.36
20260746,satcap,1,100,22.36,0.22,0.36
20260746,satcap,2,100,20.38,0.2,0.38
20260747,no_action,0,100,48.0,0.48,0.0
20260747,no_action,1,100,48.0,0.48,0.0
20260747,no_action,2,100,48.0,0.48,0.0
20260747,reactive,0,100,20.48,0.2,0.48
20260747,reactive,1,100,28.500000000000004,0.28,0.5
20260747,reactive,2,100,32.5,0.32,0.5
20260747,snapshot,0,100,14.620000000000001,0.14,0.62
20260747,snapshot,1,100,16.6,0.16,0.6
20260747,snapshot,2,100,26.6,0.26,0.6
20260747,satcap,0,100,20.48,0.2,0.48
20260747,satcap,1,100,28.500000000000004,0.28,0.5
20260747,satcap,2,100,32.5,0.32,0.5
20260748,no_action,0,100,38.0,0.38,0.0
20260748,no_action,1,100,38.0,0.38,0.0
20260748,no_action,2,100,38.0,0.38,0.0
20260748,reactive,0,100,16.38,0.16,0.38
20260748,reactive,1,100,18.4,0.18,0.4
20260748,reactive,2,100,18.4,0.18,0.4
20260748,snapshot,0,100,10.62,0.1,0.62
20260748,snapshot,1,100,18.62,0.18,0.62
20260748,snapshot,2,100,18.62,0.18,0.62
20260748,satcap,0,100,16.38,0.16,0.38
20260748,satcap,1,100,18.4,0.18,0.4
20260748,satcap,2,100,18.4,0.18,0.4
20260749,no_action,0,100,86.0,0.86,0.0
20260749,no_action,1,100,86.0,0.86,0.0
20260749,no_action,2,100,86.0,0.86,0.0
20260749,reactive,0,100,10.86,0.1,0.86
20260749,reactive,1,100,10.86,0.1,0.86
20260749,reactive,2,100,10.86,0.1,0.86
20260749,snapshot,0,100,18.72,0.18,0.72
20260749,snapshot,1,100,24.72,0.24,0.72
20260749,snapshot,2,100,22.72,0.22,0.72
20260749,satcap,0,100,10.86,0.1,0.86
20260749,satcap,1,100,10.86,0.1,0.86
20260749,satcap,2,100,10.86,0.1,0.86
20260750,no_action,0,100,64.0,0.64,0.0
20260750,no_action,1,100,64.0,0.64,0.0
20260750,no_action,2,100,64.0,0.64,0.0
20260750,reactive,0,100,14.640000000000002,0.14,0.64
20260750,reactive,1,100,18.64,0.18,0.64
20260750,reactive,2,100,18.64,0.18,0.64
20260750,snapshot,0,100,58.17999999999999,0.58,0.18
20260750,snapshot,1,100,54.18,0.54,0.18
20260750,snapshot,2,100,54.18,0.54,0.18
20260750,satcap,0,100,14.640000000000002,0.14,0.64
20260750,satcap,1,100,18.64,0.18,0.64
20260750,satcap,2,100,18.64,0.18,0.64
20260751,no_action,0,100,62.0,0.62,0.0
20260751,no_action,1,100,62.0,0.62,0.0
20260751,no_action,2,100,62.0,0.62,0.0
20260751,reactive,0,100,22.62,0.22,0.62
20260751,reactive,1,100,18.62,0.18,0.62
20260751,reactive,2,100,26.6,0.26,0.6
20260751,snapshot,0,100,20.54,0.2,0.54
20260751,snapshot,1,100,26.56,0.26,0.56
20260751,snapshot,2,100,32.54,0.32,0.54
20260751,satcap,0,100,22.62,0.22,0.62
20260751,satcap,1,100,18.62,0.18,0.62
20260751,satcap,2,100,26.6,0.26,0.6
20260752,no_action,0,100,72.0,0.72,0.0
20260752,no_action,1,100,72.0,0.72,0.0
20260752,no_action,2,100,72.0,0.72,0.0
20260752,reactive,0,100,12.74,0.12,0.74
20260752,reactive,1,100,20.74,0.2,0.74
20260752,reactive,2,100,18.74,0.18,0.74
20260752,snapshot,0,100,10.88,0.1,0.88
20260752,snapshot,1,100,12.88,0.12,0.88
20260752,snapshot,2,100,10.88,0.1,0.88
20260752,satcap,0,100,12.74,0.12,0.74
20260752,satcap,1,100,20.74,0.2,0.74
20260752,satcap,2,100,18.74,0.18,0.74
20260753,no_action,0,100,72.0,0.72,0.0
20260753,no_action,1,100,72.0,0.72,0.0
20260753,no_action,2,100,72.0,0.72,0.0
20260753,reactive,0,100,14.720000000000002,0.14,0.72
20260753,reactive,1,100,16.72,0.16,0.72
20260753,reactive,2,100,18.7,0.18,0.7
20260753,snapshot,0,100,22.68,0.22,0.68
20260753,snapshot,1,100,26.66,0.26,0.66
20260753,snapshot,2,100,18.66,0.18,0.66
20260753,satcap,0,100,14.720000000000002,0.14,0.72
20260753,satcap,1,100,16.72,0.16,0.72
20260753,satcap,2,100,18.7,0.18,0.7
20260754,no_action,0,100,90.0,0.9,0.0
20260754,no_action,1,100,90.0,0.9,0.0
20260754,no_action,2,100,90.0,0.9,0.0
20260754,reactive,0,100,6.9,0.06,0.9
20260754,reactive,1,100,8.9,0.08,0.9
20260754,reactive,2,100,10.9,0.1,0.9
20260754,snapshot,0,100,8.88,0.08,0.88
20260754,snapshot,1,100,12.86,0.12,0.86
20260754,snapshot,2,100,14.840000000000002,0.14,0.84
20260754,satcap,0,100,6.9,0.06,0.9
20260754,satcap,1,100,8.9,0.08,0.9
20260754,satcap,2,100,10.9,0.1,0.9
20260755,no_action,0,100,48.0,0.48,0.0
20260755,no_action,1,100,48.0,0.48,0.0
20260755,no_action,2,100,48.0,0.48,0.0
20260755,reactive,0,100,18.46,0.18,0.46
20260755,reactive,1,100,16.44,0.16,0.44
20260755,reactive,2,100,18.44,0.18,0.44
20260755,snapshot,0,100,10.62,0.1,0.62
20260755,snapshot,1,100,12.6,0.12,0.6
20260755,snapshot,2,100,12.6,0.12,0.6
20260755,satcap,0,100,18.46,0.18,0.46
20260755,satcap,1,100,16.44,0.16,0.44
20260755,satcap,2,100,18.44,0.18,0.44
20260756,no_action,0,100,38.0,0.38,0.0
20260756,no_action,1,100,38.0,0.38,0.0
20260756,no_action,2,100,38.0,0.38,0.0
20260756,reactive,0,100,18.4,0.18,0.4
20260756,reactive,1,100,18.4,0.18,0.4
20260756,reactive,2,100,18.38,0.18,0.38
20260756,snapshot,0,100,18.52,0.18,0.52
20260756,snapshot,1,100,14.540000000000003,0.14,0.54
20260756,snapshot,2,100,20.54,0.2,0.54
20260756,satcap,0,100,18.4,0.18,0.4
20260756,satcap,1,100,18.4,0.18,0.4
20260756,satcap,2,100,18.38,0.18,0.38
20260757,no_action,0,100,36.0,0.36,0.0
20260757,no_action,1,100,36.0,0.36,0.0
20260757,no_action,2,100,36.0,0.36,0.0
20260757,reactive,0,100,6.36,0.06,0.36
20260757,reactive,1,100,8.36,0.08,0.36
20260757,reactive,2,100,10.38,0.1,0.38
20260757,snapshot,0,100,6.4,0.06,0.4
20260757,snapshot,1,100,8.4,0.08,0.4
20260757,snapshot,2,100,8.4,0.08,0.4
20260757,satcap,0,100,6.36,0.06,0.36
20260757,satcap,1,100,8.36,0.08,0.36
20260757,satcap,2,100,10.38,0.1,0.38
20260758,no_action,0,100,68.0,0.68,0.0
20260758,no_action,1,100,68.0,0.68,0.0
20260758,no_action,2,100,68.0,0.68,0.0
20260758,reactive,0,100,2.7,0.02,0.7
20260758,reactive,1,100,6.7,0.06,0.7
20260758,reactive,2,100,8.72,0.08,0.72
20260758,snapshot,0,100,4.84,0.04,0.84
20260758,snapshot,1,100,6.84,0.06,0.84
20260758,snapshot,2,100,8.84,0.08,0.84
20260758,satcap,0,100,2.7,0.02,0.7
20260758,satcap,1,100,6.7,0.06,0.7
20260758,satcap,2,100,8.72,0.08,0.72
20260759,no_action,0,100,57.99999999999999,0.58,0.0
20260759,no_action,1,100,57.99999999999999,0.58,0.0
20260759,no_action,2,100,57.99999999999999,0.58,0.0
20260759,reactive,0,100,20.56,0.2,0.56
20260759,reactive,1,100,18.54,0.18,0.54
20260759,reactive,2,100,22.52,0.22,0.52
20260759,snapshot,0,100,16.56,0.16,0.56
20260759,snapshot,1,100,20.54,0.2,0.54
20260759,snapshot,2,100,24.52,0.24,0.52
20260759,satcap,0,100,20.56,0.2,0.56
20260759,satcap,1,100,18.54,0.18,0.54
20260759,satcap,2,100,22.52,0.22,0.52
20260760,no_action,0,100,52.0,0.52,0.0
20260760,no_action,1,100,52.0,0.52,0.0
20260760,no_action,2,100,52.0,0.52,0.0
20260760,reactive,0,100,16.52,0.16,0.52
20260760,reactive,1,100,22.52,0.22,0.52
20260760,reactive,2,100,22.52,0.22,0.52
20260760,snapshot,0,100,12.78,0.12,0.78
20260760,snapshot,1,100,16.78,0.16,0.78
20260760,snapshot,2,100,10.78,0.1,0.78
20260760,satcap,0,100,16.52,0.16,0.52
20260760,satcap,1,100,22.52,0.22,0.52
20260760,satcap,2,100,22.52,0.22,0.52
20260761,no_action,0,100,82.0,0.82,0.0
20260761,no_action,1,100,82.0,0.82,0.0
20260761,no_action,2,100,82.0,0.82,0.0
20260761,reactive,0,100,14.820000000000002,0.14,0.82
20260761,reactive,1,100,18.82,0.18,0.82
20260761,reactive,2,100,14.820000000000002,0.14,0.82
20260761,snapshot,0,100,44.52,0.44,0.52
20260761,snapshot,1,100,36.54,0.36,0.54
20260761,snapshot,2,100,38.56,0.38,0.56
20260761,satcap,0,100,14.820000000000002,0.14,0.82
20260761,satcap,1,100,18.82,0.18,0.82
20260761,satcap,2,100,14.820000000000002,0.14,0.82
20260762,no_action,0,100,72.0,0.72,0.0
20260762,no_action,1,100,72.0,0.72,0.0
20260762,no_action,2,100,72.0,0.72,0.0
20260762,reactive,0,100,10.72,0.1,0.72
20260762,reactive,1,100,16.7,0.16,0.7
20260762,reactive,2,100,20.68,0.2,0.68
20260762,snapshot,0,100,2.88,0.02,0.88
20260762,snapshot,1,100,6.86,0.06,0.86
20260762,snapshot,2,100,10.86,0.1,0.86
20260762,satcap,0,100,10.72,0.1,0.72
20260762,satcap,1,100,16.7,0.16,0.7
20260762,satcap,2,100,20.68,0.2,0.68
20260763,no_action,0,100,80.0,0.8,0.0
20260763,no_action,1,100,80.0,0.8,0.0
20260763,no_action,2,100,80.0,0.8,0.0
20260763,reactive,0,100,8.8,0.08,0.8
20260763,reactive,1,100,8.82,0.08,0.82
20260763,reactive,2,100,6.84,0.06,0.84
20260763,snapshot,0,100,1.0,0.0,1.0
20260763,snapshot,1,100,1.0,0.0,1.0
20260763,snapshot,2,100,1.0,0.0,1.0
20260763,satcap,0,100,16.8,0.16,0.8
20260763,satcap,1,100,18.8,0.18,0.8
20260763,satcap,2,100,16.8,0.16,0.8
20260764,no_action,0,100,34.0,0.34,0.0
20260764,no_action,1,100,34.0,0.34,0.0
20260764,no_action,2,100,34.0,0.34,0.0
20260764,reactive,0,100,20.34,0.2,0.34
20260764,reactive,1,100,18.34,0.18,0.34
20260764,reactive,2,100,26.32,0.26,0.32
20260764,snapshot,0,100,22.22,0.22,0.22
20260764,snapshot,1,100,20.22,0.2,0.22
20260764,snapshot,2,100,28.200000000000003,0.28,0.2
20260764,satcap,0,100,20.34,0.2,0.34
20260764,satcap,1,100,18.34,0.18,0.34
20260764,satcap,2,100,26.32,0.26,0.32
20260765,no_action,0,100,62.0,0.62,0.0
20260765,no_action,1,100,62.0,0.62,0.0
20260765,no_action,2,100,62.0,0.62,0.0
20260765,reactive,0,100,14.620000000000001,0.14,0.62
20260765,reactive,1,100,14.620000000000001,0.14,0.62
20260765,reactive,2,100,14.640000000000002,0.14,0.64
20260765,snapshot,0,100,8.68,0.08,0.68
20260765,snapshot,1,100,8.68,0.08,0.68
20260765,snapshot,2,100,12.68,0.12,0.68
20260765,satcap,0,100,14.620000000000001,0.14,0.62
20260765,satcap,1,100,14.620000000000001,0.14,0.62
20260765,satcap,2,100,14.640000000000002,0.14,0.64
20260766,no_action,0,100,56.00000000000001,0.56,0.0
20260766,no_action,1,100,56.00000000000001,0.56,0.0
20260766,no_action,2,100,56.00000000000001,0.56,0.0
20260766,reactive,0,100,22.54,0.22,0.54
20260766,reactive,1,100,26.54,0.26,0.54
20260766,reactive,2,100,22.56,0.22,0.56
20260766,snapshot,0,100,12.78,0.12,0.78
20260766,snapshot,1,100,8.76,0.08,0.76
20260766,snapshot,2,100,10.76,0.1,0.76
20260766,satcap,0,100,22.54,0.22,0.54
20260766,satcap,1,100,26.54,0.26,0.54
20260766,satcap,2,100,22.56,0.22,0.56
20260767,no_action,0,100,60.0,0.6,0.0
20260767,no_action,1,100,60.0,0.6,0.0
20260767,no_action,2,100,60.0,0.6,0.0
20260767,reactive,0,100,22.6,0.22,0.6
20260767,reactive,1,100,18.62,0.18,0.62
20260767,reactive,2,100,28.600000000000005,0.28,0.6
20260767,snapshot,0,100,20.6,0.2,0.6
20260767,snapshot,1,100,22.6,0.22,0.6
20260767,snapshot,2,100,28.580000000000002,0.28,0.58
20260767,satcap,0,100,22.6,0.22,0.6
20260767,satcap,1,100,18.62,0.18,0.62
20260767,satcap,2,100,28.600000000000005,0.28,0.6
20260768,no_action,0,100,56.00000000000001,0.56,0.0
20260768,no_action,1,100,56.00000000000001,0.56,0.0
20260768,no_action,2,100,56.00000000000001,0.56,0.0
20260768,reactive,0,100,12.56,0.12,0.56
20260768,reactive,1,100,14.560000000000002,0.14,0.56
20260768,reactive,2,100,16.56,0.16,0.56
20260768,snapshot,0,100,48.36,0.48,0.36
20260768,snapshot,1,100,44.36,0.44,0.36
20260768,snapshot,2,100,42.36,0.42,0.36
20260768,satcap,0,100,12.56,0.12,0.56
20260768,satcap,1,100,14.560000000000002,0.14,0.56
20260768,satcap,2,100,16.56,0.16,0.56
20260769,no_action,0,100,94.0,0.94,0.0
20260769,no_action,1,100,94.0,0.94,0.0
20260769,no_action,2,100,94.0,0.94,0.0
20260769,reactive,0,100,4.9399999999999995,0.04,0.94
20260769,reactive,1,100,4.9399999999999995,0.04,0.94
20260769,reactive,2,100,6.92,0.06,0.92
20260769,snapshot,0,100,10.86,0.1,0.86
20260769,snapshot,1,100,12.86,0.12,0.86
20260769,snapshot,2,100,10.86,0.1,0.86
20260769,satcap,0,100,4.9399999999999995,0.04,0.94
20260769,satcap,1,100,4.9399999999999995,0.04,0.94
20260769,satcap,2,100,6.92,0.06,0.92
20260770,no_action,0,100,80.0,0.8,0.0
20260770,no_action,1,100,80.0,0.8,0.0
20260770,no_action,2,100,80.0,0.8,0.0
20260770,reactive,0,100,8.82,0.08,0.82
20260770,reactive,1,100,12.8,0.12,0.8
20260770,reactive,2,100,16.8,0.16,0.8
20260770,snapshot,0,100,8.8,0.08,0.8
20260770,snapshot,1,100,12.8,0.12,0.8
20260770,snapshot,2,100,14.800000000000002,0.14,0.8
20260770,satcap,0,100,8.82,0.08,0.82
20260770,satcap,1,100,12.8,0.12,0.8
20260770,satcap,2,100,16.8,0.16,0.8
20260771,no_action,0,100,84.0,0.84,0.0
20260771,no_action,1,100,84.0,0.84,0.0
20260771,no_action,2,100,84.0,0.84,0.0
20260771,reactive,0,100,12.82,0.12,0.82
20260771,reactive,1,100,16.82,0.16,0.82
20260771,reactive,2,100,14.820000000000002,0.14,0.82
20260771,snapshot,0,100,6.9,0.06,0.9
20260771,snapshot,1,100,8.9,0.08,0.9
20260771,snapshot,2,100,10.9,0.1,0.9
20260771,satcap,0,100,12.82,0.12,0.82
20260771,satcap,1,100,16.82,0.16,0.82
20260771,satcap,2,100,14.820000000000002,0.14,0.82
20260772,no_action,0,100,78.0,0.78,0.0
20260772,no_action,1,100,78.0,0.78,0.0
20260772,no_action,2,100,78.0,0.78,0.0
20260772,reactive,0,100,8.78,0.08,0.78
20260772,reactive,1,100,12.78,0.12,0.78
20260772,reactive,2,100,12.8,0.12,0.8
20260772,snapshot,0,100,6.9,0.06,0.9
20260772,snapshot,1,100,6.9,0.06,0.9
20260772,snapshot,2,100,4.92,0.04,0.92
20260772,satcap,0,100,8.78,0.08,0.78
20260772,satcap,1,100,12.78,0.12,0.78
20260772,satcap,2,100,12.8,0.12,0.8
20260773,no_action,0,100,76.0,0.76,0.0
20260773,no_action,1,100,76.0,0.76,0.0
20260773,no_action,2,100,76.0,0.76,0.0
20260773,reactive,0,100,4.76,0.04,0.76
20260773,reactive,1,100,8.76,0.08,0.76
20260773,reactive,2,100,12.76,0.12,0.76
20260773,snapshot,0,100,2.8,0.02,0.8
20260773,snapshot,1,100,6.8,0.06,0.8
20260773,snapshot,2,100,10.8,0.1,0.8
20260773,satcap,0,100,4.76,0.04,0.76
20260773,satcap,1,100,8.76,0.08,0.76
20260773,satcap,2,100,12.76,0.12,0.76
20260774,no_action,0,100,54.0,0.54,0.0
20260774,no_action,1,100,54.0,0.54,0.0
20260774,no_action,2,100,54.0,0.54,0.0
20260774,reactive,0,100,14.560000000000002,0.14,0.56
20260774,reactive,1,100,20.56,0.2,0.56
20260774,reactive,2,100,18.54,0.18,0.54
20260774,snapshot,0,100,14.640000000000002,0.14,0.64
20260774,snapshot,1,100,16.64,0.16,0.64
20260774,snapshot,2,100,18.64,0.18,0.64
20260774,satcap,0,100,14.560000000000002,0.14,0.56
20260774,satcap,1,100,20.56,0.2,0.56
20260774,satcap,2,100,18.54,0.18,0.54
20260775,no_action,0,100,60.0,0.6,0.0
20260775,no_action,1,100,60.0,0.6,0.0
20260775,no_action,2,100,60.0,0.6,0.0
20260775,reactive,0,100,14.580000000000002,0.14,0.58
20260775,reactive,1,100,20.58,0.2,0.58
20260775,reactive,2,100,18.58,0.18,0.58
20260775,snapshot,0,100,12.64,0.12,0.64
20260775,snapshot,1,100,12.64,0.12,0.64
20260775,snapshot,2,100,10.64,0.1,0.64
20260775,satcap,0,100,14.580000000000002,0.14,0.58
20260775,satcap,1,100,20.58,0.2,0.58
20260775,satcap,2,100,18.58,0.18,0.58
20260776,no_action,0,100,62.0,0.62,0.0
20260776,no_action,1,100,62.0,0.62,0.0
20260776,no_action,2,100,62.0,0.62,0.0
20260776,reactive,0,100,14.620000000000001,0.14,0.62
20260776,reactive,1,100,18.62,0.18,0.62
20260776,reactive,2,100,20.6,0.2,0.6
20260776,snapshot,0,100,4.88,0.04,0.88
20260776,snapshot,1,100,6.88,0.06,0.88
20260776,snapshot,2,100,10.88,0.1,0.88
20260776,satcap,0,100,14.620000000000001,0.14,0.62
20260776,satcap,1,100,18.62,0.18,0.62
20260776,satcap,2,100,20.6,0.2,0.6
20260777,no_action,0,100,64.0,0.64,0.0
20260777,no_action,1,100,64.0,0.64,0.0
20260777,no_action,2,100,64.0,0.64,0.0
20260777,reactive,0,100,14.620000000000001,0.14,0.62
20260777,reactive,1,100,14.620000000000001,0.14,0.62
20260777,reactive,2,100,18.64,0.18,0.64
20260777,snapshot,0,100,4.86,0.04,0.86
20260777,snapshot,1,100,4.88,0.04,0.88
20260777,snapshot,2,100,6.88,0.06,0.88
20260777,satcap,0,100,14.620000000000001,0.14,0.62
20260777,satcap,1,100,14.620000000000001,0.14,0.62
20260777,satcap,2,100,18.64,0.18,0.64
20260778,no_action,0,100,66.0,0.66,0.0
20260778,no_action,1,100,66.0,0.66,0.0
20260778,no_action,2,100,66.0,0.66,0.0
20260778,reactive,0,100,8.66,0.08,0.66
20260778,reactive,1,100,12.66,0.12,0.66
20260778,reactive,2,100,12.66,0.12,0.66
20260778,snapshot,0,100,10.6,0.1,0.6
20260778,snapshot,1,100,14.600000000000001,0.14,0.6
20260778,snapshot,2,100,14.600000000000001,0.14,0.6
20260778,satcap,0,100,8.66,0.08,0.66
20260778,satcap,1,100,12.66,0.12,0.66
20260778,satcap,2,100,12.66,0.12,0.66
20260779,no_action,0,100,30.0,0.3,0.0
20260779,no_action,1,100,30.0,0.3,0.0
20260779,no_action,2,100,30.0,0.3,0.0
20260779,reactive,0,100,12.3,0.12,0.3
20260779,reactive,1,100,18.32,0.18,0.32
20260779,reactive,2,100,18.34,0.18,0.34
20260779,snapshot,0,100,1.0,0.0,1.0
20260779,snapshot,1,100,1.0,0.0,1.0
20260779,snapshot,2,100,1.0,0.0,1.0
20260779,satcap,0,100,1.0,0.0,1.0
20260779,satcap,1,100,1.0,0.0,1.0
20260779,satcap,2,100,1.0,0.0,1.0
20260780,no_action,0,100,32.0,0.32,0.0
20260780,no_action,1,100,32.0,0.32,0.0
20260780,no_action,2,100,32.0,0.32,0.0
20260780,reactive,0,100,22.3,0.22,0.3
20260780,reactive,1,100,20.3,0.2,0.3
20260780,reactive,2,100,24.3,0.24,0.3
20260780,snapshot,0,100,1.0,0.0,1.0
20260780,snapshot,1,100,1.0,0.0,1.0
20260780,snapshot,2,100,1.0,0.0,1.0
20260780,satcap,0,100,22.3,0.22,0.3
20260780,satcap,1,100,20.3,0.2,0.3
20260780,satcap,2,100,24.3,0.24,0.3
20260781,no_action,0,100,66.0,0.66,0.0
20260781,no_action,1,100,66.0,0.66,0.0
20260781,no_action,2,100,66.0,0.66,0.0
20260781,reactive,0,100,14.660000000000002,0.14,0.66
20260781,reactive,1,100,16.68,0.16,0.68
20260781,reactive,2,100,22.7,0.22,0.7
20260781,snapshot,0,100,8.86,0.08,0.86
20260781,snapshot,1,100,6.88,0.06,0.88
20260781,snapshot,2,100,6.88,0.06,0.88
20260781,satcap,0,100,14.660000000000002,0.14,0.66
20260781,satcap,1,100,16.68,0.16,0.68
20260781,satcap,2,100,22.7,0.22,0.7
20260782,no_action,0,100,56.00000000000001,0.56,0.0
20260782,no_action,1,100,56.00000000000001,0.56,0.0
20260782,no_action,2,100,56.00000000000001,0.56,0.0
20260782,reactive,0,100,16.56,0.16,0.56
20260782,reactive,1,100,18.56,0.18,0.56
20260782,reactive,2,100,22.56,0.22,0.56
20260782,snapshot,0,100,22.5,0.22,0.5
20260782,snapshot,1,100,18.5,0.18,0.5
20260782,snapshot,2,100,24.52,0.24,0.52
20260782,satcap,0,100,16.56,0.16,0.56
20260782,satcap,1,100,18.56,0.18,0.56
20260782,satcap,2,100,22.56,0.22,0.56
20260783,no_action,0,100,64.0,0.64,0.0
20260783,no_action,1,100,64.0,0.64,0.0
20260783,no_action,2,100,64.0,0.64,0.0
20260783,reactive,0,100,20.62,0.2,0.62
20260783,reactive,1,100,20.6,0.2,0.6
20260783,reactive,2,100,24.58,0.24,0.58
20260783,snapshot,0,100,30.48,0.3,0.48
20260783,snapshot,1,100,34.46,0.34,0.46
20260783,snapshot,2,100,34.44,0.34,0.44
20260783,satcap,0,100,20.62,0.2,0.62
20260783,satcap,1,100,20.6,0.2,0.6
20260783,satcap,2,100,24.58,0.24,0.58
20260784,no_action,0,100,57.99999999999999,0.58,0.0
20260784,no_action,1,100,57.99999999999999,0.58,0.0
20260784,no_action,2,100,57.99999999999999,0.58,0.0
20260784,reactive,0,100,22.6,0.22,0.6
20260784,reactive,1,100,20.6,0.2,0.6
20260784,reactive,2,100,22.58,0.22,0.58
20260784,snapshot,0,100,16.68,0.16,0.68
20260784,snapshot,1,100,12.68,0.12,0.68
20260784,snapshot,2,100,16.68,0.16,0.68
20260784,satcap,0,100,22.6,0.22,0.6
20260784,satcap,1,100,20.6,0.2,0.6
20260784,satcap,2,100,22.58,0.22,0.58
20260785,no_action,0,100,62.0,0.62,0.0
20260785,no_action,1,100,62.0,0.62,0.0
20260785,no_action,2,100,62.0,0.62,0.0
20260785,reactive,0,100,12.64,0.12,0.64
20260785,reactive,1,100,14.640000000000002,0.14,0.64
20260785,reactive,2,100,16.66,0.16,0.66
20260785,snapshot,0,100,2.82,0.02,0.82
20260785,snapshot,1,100,4.82,0.04,0.82
20260785,snapshot,2,100,8.82,0.08,0.82
20260785,satcap,0,100,12.64,0.12,0.64
20260785,satcap,1,100,14.640000000000002,0.14,0.64
20260785,satcap,2,100,16.66,0.16,0.66
20260786,no_action,0,100,64.0,0.64,0.0
20260786,no_action,1,100,64.0,0.64,0.0
20260786,no_action,2,100,64.0,0.64,0.0
20260786,reactive,0,100,18.62,0.18,0.62
20260786,reactive,1,100,20.6,0.2,0.6
20260786,reactive,2,100,22.6,0.22,0.6
20260786,snapshot,0,100,18.7,0.18,0.7
20260786,snapshot,1,100,20.7,0.2,0.7
20260786,snapshot,2,100,14.700000000000001,0.14,0.7
20260786,satcap,0,100,18.62,0.18,0.62
20260786,satcap,1,100,20.6,0.2,0.6
20260786,satcap,2,100,22.6,0.22,0.6
20260787,no_action,0,100,50.0,0.5,0.0
20260787,no_action,1,100,50.0,0.5,0.0
20260787,no_action,2,100,50.0,0.5,0.0
20260787,reactive,0,100,14.500000000000002,0.14,0.5
20260787,reactive,1,100,20.5,0.2,0.5
20260787,reactive,2,100,18.5,0.18,0.5
20260787,snapshot,0,100,22.58,0.22,0.58
20260787,snapshot,1,100,22.58,0.22,0.58
20260787,snapshot,2,100,24.58,0.24,0.58
20260787,satcap,0,100,14.500000000000002,0.14,0.5
20260787,satcap,1,100,20.5,0.2,0.5
20260787,satcap,2,100,18.5,0.18,0.5
20260788,no_action,0,100,46.0,0.46,0.0
20260788,no_action,1,100,46.0,0.46,0.0
20260788,no_action,2,100,46.0,0.46,0.0
20260788,reactive,0,100,20.48,0.2,0.48
20260788,reactive,1,100,24.48,0.24,0.48
20260788,reactive,2,100,28.500000000000004,0.28,0.5
20260788,snapshot,0,100,18.58,0.18,0.58
20260788,snapshot,1,100,12.58,0.12,0.58
20260788,snapshot,2,100,20.6,0.2,0.6
20260788,satcap,0,100,20.48,0.2,0.48
20260788,satcap,1,100,24.48,0.24,0.48
20260788,satcap,2,100,28.500000000000004,0.28,0.5
20260789,no_action,0,100,52.0,0.52,0.0
20260789,no_action,1,100,52.0,0.52,0.0
20260789,no_action,2,100,52.0,0.52,0.0
20260789,reactive,0,100,14.520000000000001,0.14,0.52
20260789,reactive,1,100,24.52,0.24,0.52
20260789,reactive,2,100,26.52,0.26,0.52
20260789,snapshot,0,100,4.76,0.04,0.76
20260789,snapshot,1,100,4.78,0.04,0.78
20260789,snapshot,2,100,6.78,0.06,0.78
20260789,satcap,0,100,14.520000000000001,0.14,0.52
20260789,satcap,1,100,24.52,0.24,0.52
20260789,satcap,2,100,26.52,0.26,0.52
20260790,no_action,0,100,76.0,0.76,0.0
20260790,no_action,1,100,76.0,0.76,0.0
20260790,no_action,2,100,76.0,0.76,0.0
20260790,reactive,0,100,6.74,0.06,0.74
20260790,reactive,1,100,10.72,0.1,0.72
20260790,reactive,2,100,14.720000000000002,0.14,0.72
20260790,snapshot,0,100,8.78,0.08,0.78
20260790,snapshot,1,100,8.76,0.08,0.76
20260790,snapshot,2,100,8.74,0.08,0.74
20260790,satcap,0,100,6.74,0.06,0.74
20260790,satcap,1,100,10.72,0.1,0.72
20260790,satcap,2,100,14.720000000000002,0.14,0.72
20260791,no_action,0,100,57.99999999999999,0.58,0.0
20260791,no_action,1,100,57.99999999999999,0.58,0.0
20260791,no_action,2,100,57.99999999999999,0.58,0.0
20260791,reactive,0,100,14.600000000000001,0.14,0.6
20260791,reactive,1,100,16.6,0.16,0.6
20260791,reactive,2,100,18.6,0.18,0.6
20260791,snapshot,0,100,16.58,0.16,0.58
20260791,snapshot,1,100,14.600000000000001,0.14,0.6
20260791,snapshot,2,100,16.62,0.16,0.62
20260791,satcap,0,100,14.600000000000001,0.14,0.6
20260791,satcap,1,100,16.6,0.16,0.6
20260791,satcap,2,100,18.6,0.18,0.6
20260792,no_action,0,100,52.0,0.52,0.0
20260792,no_action,1,100,52.0,0.52,0.0
20260792,no_action,2,100,52.0,0.52,0.0
20260792,reactive,0,100,26.5,0.26,0.5
20260792,reactive,1,100,26.5,0.26,0.5
20260792,reactive,2,100,24.5,0.24,0.5
20260792,snapshot,0,100,26.5,0.26,0.5
20260792,snapshot,1,100,22.5,0.22,0.5
20260792,snapshot,2,100,24.5,0.24,0.5
20260792,satcap,0,100,26.5,0.26,0.5
20260792,satcap,1,100,26.5,0.26,0.5
20260792,satcap,2,100,24.5,0.24,0.5
20260793,no_action,0,100,46.0,0.46,0.0
20260793,no_action,1,100,46.0,0.46,0.0
20260793,no_action,2,100,46.0,0.46,0.0
20260793,reactive,0,100,18.46,0.18,0.46
20260793,reactive,1,100,20.48,0.2,0.48
20260793,reactive,2,100,24.46,0.24,0.46
20260793,snapshot,0,100,2.84,0.02,0.84
20260793,snapshot,1,100,6.84,0.06,0.84
20260793,snapshot,2,100,6.86,0.06,0.86
20260793,satcap,0,100,18.46,0.18,0.46
20260793,satcap,1,100,20.48,0.2,0.48
20260793,satcap,2,100,24.46,0.24,0.46
20260794,no_action,0,100,40.0,0.4,0.0
20260794,no_action,1,100,40.0,0.4,0.0
20260794,no_action,2,100,40.0,0.4,0.0
20260794,reactive,0,100,20.38,0.2,0.38
20260794,reactive,1,100,26.36,0.26,0.36
20260794,reactive,2,100,26.36,0.26,0.36
20260794,snapshot,0,100,24.28,0.24,0.28
20260794,snapshot,1,100,32.28,0.32,0.28
20260794,snapshot,2,100,22.28,0.22,0.28
20260794,satcap,0,100,20.38,0.2,0.38
20260794,satcap,1,100,26.36,0.26,0.36
20260794,satcap,2,100,26.36,0.26,0.36
20260795,no_action,0,100,66.0,0.66,0.0
20260795,no_action,1,100,66.0,0.66,0.0
20260795,no_action,2,100,66.0,0.66,0.0
20260795,reactive,0,100,14.640000000000002,0.14,0.64
20260795,reactive,1,100,18.64,0.18,0.64
20260795,reactive,2,100,22.62,0.22,0.62
20260795,snapshot,0,100,16.64,0.16,0.64
20260795,snapshot,1,100,14.640000000000002,0.14,0.64
20260795,snapshot,2,100,18.62,0.18,0.62
20260795,satcap,0,100,14.640000000000002,0.14,0.64
20260795,satcap,1,100,18.64,0.18,0.64
20260795,satcap,2,100,22.62,0.22,0.62
20260796,no_action,0,100,90.0,0.9,0.0
20260796,no_action,1,100,90.0,0.9,0.0
20260796,no_action,2,100,90.0,0.9,0.0
20260796,reactive,0,100,8.9,0.08,0.9
20260796,reactive,1,100,6.9,0.06,0.9
20260796,reactive,2,100,8.9,0.08,0.9
20260796,snapshot,0,100,2.96,0.02,0.96
20260796,snapshot,1,100,2.96,0.02,0.96
20260796,snapshot,2,100,4.96,0.04,0.96
20260796,satcap,0,100,8.9,0.08,0.9
20260796,satcap,1,100,6.9,0.06,0.9
20260796,satcap,2,100,8.9,0.08,0.9
20260797,no_action,0,100,56.00000000000001,0.56,0.0
20260797,no_action,1,100,56.00000000000001,0.56,0.0
20260797,no_action,2,100,56.00000000000001,0.56,0.0
20260797,reactive,0,100,10.54,0.1,0.54
20260797,reactive,1,100,12.54,0.12,0.54
20260797,reactive,2,100,14.520000000000001,0.14,0.52
20260797,snapshot,0,100,4.7,0.04,0.7
20260797,snapshot,1,100,10.68,0.1,0.68
20260797,snapshot,2,100,10.66,0.1,0.66
20260797,satcap,0,100,10.54,0.1,0.54
20260797,satcap,1,100,12.54,0.12,0.54
20260797,satcap,2,100,14.520000000000001,0.14,0.52
20260798,no_action,0,100,50.0,0.5,0.0
20260798,no_action,1,100,50.0,0.5,0.0
20260798,no_action,2,100,50.0,0.5,0.0
20260798,reactive,0,100,12.5,0.12,0.5
20260798,reactive,1,100,18.48,0.18,0.48
20260798,reactive,2,100,18.46,0.18,0.46
20260798,snapshot,0,100,6.68,0.06,0.68
20260798,snapshot,1,100,6.7,0.06,0.7
20260798,snapshot,2,100,4.7,0.04,0.7
20260798,satcap,0,100,12.5,0.12,0.5
20260798,satcap,1,100,18.48,0.18,0.48
20260798,satcap,2,100,18.46,0.18,0.46
20260799,no_action,0,100,56.00000000000001,0.56,0.0
20260799,no_action,1,100,56.00000000000001,0.56,0.0
20260799,no_action,2,100,56.00000000000001,0.56,0.0
20260799,reactive,0,100,12.56,0.12,0.56
20260799,reactive,1,100,16.54,0.16,0.54
20260799,reactive,2,100,20.54,0.2,0.54
20260799,snapshot,0,100,46.44,0.46,0.44
20260799,snapshot,1,100,42.46,0.42,0.46
20260799,snapshot,2,100,40.48,0.4,0.48
20260799,satcap,0,100,12.56,0.12,0.56
20260799,satcap,1,100,16.54,0.16,0.54
20260799,satcap,2,100,20.54,0.2,0.54
20260800,no_action,0,100,64.0,0.64,0.0
20260800,no_action,1,100,64.0,0.64,0.0
20260800,no_action,2,100,64.0,0.64,0.0
20260800,reactive,0,100,10.64,0.1,0.64
20260800,reactive,1,100,12.62,0.12,0.62
20260800,reactive,2,100,16.62,0.16,0.62
20260800,snapshot,0,100,16.56,0.16,0.56
20260800,snapshot,1,100,16.56,0.16,0.56
20260800,snapshot,2,100,18.58,0.18,0.58
20260800,satcap,0,100,10.64,0.1,0.64
20260800,satcap,1,100,12.62,0.12,0.62
20260800,satcap,2,100,16.62,0.16,0.62
20260801,no_action,0,100,42.0,0.42,0.0
20260801,no_action,1,100,42.0,0.42,0.0
20260801,no_action,2,100,42.0,0.42,0.0
20260801,reactive,0,100,8.44,0.08,0.44
20260801,reactive,1,100,12.46,0.12,0.46
20260801,reactive,2,100,14.480000000000002,0.14,0.48
20260801,snapshot,0,100,2.8,0.02,0.8
20260801,snapshot,1,100,2.8,0.02,0.8
20260801,snapshot,2,100,2.8,0.02,0.8
20260801,satcap,0,100,8.44,0.08,0.44
20260801,satcap,1,100,12.46,0.12,0.46
20260801,satcap,2,100,14.480000000000002,0.14,0.48
20260802,no_action,0,100,80.0,0.8,0.0
20260802,no_action,1,100,80.0,0.8,0.0
20260802,no_action,2,100,80.0,0.8,0.0
20260802,reactive,0,100,12.8,0.12,0.8
20260802,reactive,1,100,14.820000000000002,0.14,0.82
20260802,reactive,2,100,16.84,0.16,0.84
20260802,snapshot,0,100,44.5,0.44,0.5
20260802,snapshot,1,100,40.52,0.4,0.52
20260802,snapshot,2,100,42.5,0.42,0.5
20260802,satcap,0,100,12.8,0.12,0.8
20260802,satcap,1,100,14.820000000000002,0.14,0.82
20260802,satcap,2,100,16.84,0.16,0.84
20260803,no_action,0,100,57.99999999999999,0.58,0.0
20260803,no_action,1,100,57.99999999999999,0.58,0.0
20260803,no_action,2,100,57.99999999999999,0.58,0.0
20260803,reactive,0,100,14.580000000000002,0.14,0.58
20260803,reactive,1,100,16.56,0.16,0.56
20260803,reactive,2,100,18.56,0.18,0.56
20260803,snapshot,0,100,16.74,0.16,0.74
20260803,snapshot,1,100,12.76,0.12,0.76
20260803,snapshot,2,100,8.76,0.08,0.76
20260803,satcap,0,100,10.6,0.1,0.6
20260803,satcap,1,100,14.580000000000002,0.14,0.58
20260803,satcap,2,100,20.58,0.2,0.58
20260804,no_action,0,100,74.0,0.74,0.0
20260804,no_action,1,100,74.0,0.74,0.0
20260804,no_action,2,100,74.0,0.74,0.0
20260804,reactive,0,100,20.74,0.2,0.74
20260804,reactive,1,100,18.74,0.18,0.74
20260804,reactive,2,100,14.760000000000002,0.14,0.76
20260804,snapshot,0,100,12.76,0.12,0.76
20260804,snapshot,1,100,10.78,0.1,0.78
20260804,snapshot,2,100,14.780000000000001,0.14,0.78
20260804,satcap,0,100,20.74,0.2,0.74
20260804,satcap,1,100,18.74,0.18,0.74
20260804,satcap,2,100,14.760000000000002,0.14,0.76
20260805,no_action,0,100,76.0,0.76,0.0
20260805,no_action,1,100,76.0,0.76,0.0
20260805,no_action,2,100,76.0,0.76,0.0
20260805,reactive,0,100,16.74,0.16,0.74
20260805,reactive,1,100,14.760000000000002,0.14,0.76
20260805,reactive,2,100,18.74,0.18,0.74
20260805,snapshot,0,100,22.66,0.22,0.66
20260805,snapshot,1,100,26.64,0.26,0.64
20260805,snapshot,2,100,26.64,0.26,0.64
20260805,satcap,0,100,16.74,0.16,0.74
20260805,satcap,1,100,14.760000000000002,0.14,0.76
20260805,satcap,2,100,18.74,0.18,0.74
20260806,no_action,0,100,46.0,0.46,0.0
20260806,no_action,1,100,46.0,0.46,0.0
20260806,no_action,2,100,46.0,0.46,0.0
20260806,reactive,0,100,22.46,0.22,0.46
20260806,reactive,1,100,26.46,0.26,0.46
20260806,reactive,2,100,30.44,0.3,0.44
20260806,snapshot,0,100,20.42,0.2,0.42
20260806,snapshot,1,100,22.42,0.22,0.42
20260806,snapshot,2,100,26.4,0.26,0.4
20260806,satcap,0,100,22.46,0.22,0.46
20260806,satcap,1,100,26.46,0.26,0.46
20260806,satcap,2,100,30.44,0.3,0.44
20260807,no_action,0,100,46.0,0.46,0.0
20260807,no_action,1,100,46.0,0.46,0.0
20260807,no_action,2,100,46.0,0.46,0.0
20260807,reactive,0,100,10.48,0.1,0.48
20260807,reactive,1,100,12.5,0.12,0.5
20260807,reactive,2,100,16.52,0.16,0.52
20260807,snapshot,0,100,10.6,0.1,0.6
20260807,snapshot,1,100,12.6,0.12,0.6
20260807,snapshot,2,100,18.62,0.18,0.62
20260807,satcap,0,100,10.48,0.1,0.48
20260807,satcap,1,100,12.5,0.12,0.5
20260807,satcap,2,100,16.52,0.16,0.52
20260808,no_action,0,100,54.0,0.54,0.0
20260808,no_action,1,100,54.0,0.54,0.0
20260808,no_action,2,100,54.0,0.54,0.0
20260808,reactive,0,100,12.54,0.12,0.54
20260808,reactive,1,100,14.540000000000003,0.14,0.54
20260808,reactive,2,100,20.54,0.2,0.54
20260808,snapshot,0,100,12.58,0.12,0.58
20260808,snapshot,1,100,14.580000000000002,0.14,0.58
20260808,snapshot,2,100,16.58,0.16,0.58
20260808,satcap,0,100,14.780000000000001,0.14,0.78
20260808,satcap,1,100,14.760000000000002,0.14,0.76
20260808,satcap,2,100,12.78,0.12,0.78
20260809,no_action,0,100,40.0,0.4,0.0
20260809,no_action,1,100,40.0,0.4,0.0
20260809,no_action,2,100,40.0,0.4,0.0
20260809,reactive,0,100,14.400000000000002,0.14,0.4
20260809,reactive,1,100,16.4,0.16,0.4
20260809,reactive,2,100,16.38,0.16,0.38
20260809,snapshot,0,100,12.48,0.12,0.48
20260809,snapshot,1,100,14.480000000000002,0.14,0.48
20260809,snapshot,2,100,12.46,0.12,0.46
20260809,satcap,0,100,14.400000000000002,0.14,0.4
20260809,satcap,1,100,16.4,0.16,0.4
20260809,satcap,2,100,16.38,0.16,0.38
20260810,no_action,0,100,60.0,0.6,0.0
20260810,no_action,1,100,60.0,0.6,0.0
20260810,no_action,2,100,60.0,0.6,0.0
20260810,reactive,0,100,16.62,0.16,0.62
20260810,reactive,1,100,14.640000000000002,0.14,0.64
20260810,reactive,2,100,16.64,0.16,0.64
20260810,snapshot,0,100,14.580000000000002,0.14,0.58
20260810,snapshot,1,100,14.600000000000001,0.14,0.6
20260810,snapshot,2,100,12.62,0.12,0.62
20260810,satcap,0,100,16.62,0.16,0.62
20260810,satcap,1,100,14.640000000000002,0.14,0.64
20260810,satcap,2,100,16.64,0.16,0.64
20260811,no_action,0,100,74.0,0.74,0.0
20260811,no_action,1,100,74.0,0.74,0.0
20260811,no_action,2,100,74.0,0.74,0.0
20260811,reactive,0,100,10.74,0.1,0.74
20260811,reactive,1,100,14.720000000000002,0.14,0.72
20260811,reactive,2,100,16.72,0.16,0.72
20260811,snapshot,0,100,14.680000000000001,0.14,0.68
20260811,snapshot,1,100,18.66,0.18,0.66
20260811,snapshot,2,100,24.66,0.24,0.66
20260811,satcap,0,100,10.74,0.1,0.74
20260811,satcap,1,100,14.720000000000002,0.14,0.72
20260811,satcap,2,100,16.72,0.16,0.72
20260812,no_action,0,100,68.0,0.68,0.0
20260812,no_action,1,100,68.0,0.68,0.0
20260812,no_action,2,100,68.0,0.68,0.0
20260812,reactive,0,100,8.68,0.08,0.68
20260812,reactive,1,100,16.66,0.16,0.66
20260812,reactive,2,100,22.66,0.22,0.66
20260812,snapshot,0,100,10.7,0.1,0.7
20260812,snapshot,1,100,14.700000000000001,0.14,0.7
20260812,snapshot,2,100,18.7,0.18,0.7
20260812,satcap,0,100,8.68,0.08,0.68
20260812,satcap,1,100,16.66,0.16,0.66
20260812,satcap,2,100,22.66,0.22,0.66
20260813,no_action,0,100,50.0,0.5,0.0
20260813,no_action,1,100,50.0,0.5,0.0
20260813,no_action,2,100,50.0,0.5,0.0
20260813,reactive,0,100,14.500000000000002,0.14,0.5
20260813,reactive,1,100,20.5,0.2,0.5
20260813,reactive,2,100,20.5,0.2,0.5
20260813,snapshot,0,100,18.44,0.18,0.44
20260813,snapshot,1,100,22.44,0.22,0.44
20260813,snapshot,2,100,22.44,0.22,0.44
20260813,satcap,0,100,14.500000000000002,0.14,0.5
20260813,satcap,1,100,20.5,0.2,0.5
20260813,satcap,2,100,20.5,0.2,0.5
20260814,no_action,0,100,44.0,0.44,0.0
20260814,no_action,1,100,44.0,0.44,0.0
20260814,no_action,2,100,44.0,0.44,0.0
20260814,reactive,0,100,16.46,0.16,0.46
20260814,reactive,1,100,24.46,0.24,0.46
20260814,reactive,2,100,26.48,0.26,0.48
20260814,snapshot,0,100,10.5,0.1,0.5
20260814,snapshot,1,100,20.5,0.2,0.5
20260814,snapshot,2,100,22.52,0.22,0.52
20260814,satcap,0,100,16.46,0.16,0.46
20260814,satcap,1,100,24.46,0.24,0.46
20260814,satcap,2,100,26.48,0.26,0.48
20260815,no_action,0,100,78.0,0.78,0.0
20260815,no_action,1,100,78.0,0.78,0.0
20260815,no_action,2,100,78.0,0.78,0.0
20260815,reactive,0,100,12.76,0.12,0.76
20260815,reactive,1,100,22.74,0.22,0.74
20260815,reactive,2,100,24.72,0.24,0.72
20260815,snapshot,0,100,34.54,0.34,0.54
20260815,snapshot,1,100,40.52,0.4,0.52
20260815,snapshot,2,100,36.5,0.36,0.5
20260815,satcap,0,100,12.76,0.12,0.76
20260815,satcap,1,100,22.74,0.22,0.74
20260815,satcap,2,100,24.72,0.24,0.72
20260816,no_action,0,100,62.0,0.62,0.0
20260816,no_action,1,100,62.0,0.62,0.0
20260816,no_action,2,100,62.0,0.62,0.0
20260816,reactive,0,100,22.6,0.22,0.6
20260816,reactive,1,100,28.580000000000002,0.28,0.58
20260816,reactive,2,100,26.56,0.26,0.56
20260816,snapshot,0,100,26.54,0.26,0.54
20260816,snapshot,1,100,26.54,0.26,0.54
20260816,snapshot,2,100,30.52,0.3,0.52
20260816,satcap,0,100,22.6,0.22,0.6
20260816,satcap,1,100,28.580000000000002,0.28,0.58
20260816,satcap,2,100,26.56,0.26,0.56
20260817,no_action,0,100,88.0,0.88,0.0
20260817,no_action,1,100,88.0,0.88,0.0
20260817,no_action,2,100,88.0,0.88,0.0
20260817,reactive,0,100,6.88,0.06,0.88
20260817,reactive,1,100,6.88,0.06,0.88
20260817,reactive,2,100,8.86,0.08,0.86
20260817,snapshot,0,100,78.16,0.78,0.16
20260817,snapshot,1,100,80.18,0.8,0.18
20260817,snapshot,2,100,78.2,0.78,0.2
20260817,satcap,0,100,6.88,0.06,0.88
20260817,satcap,1,100,6.88,0.06,0.88
20260817,satcap,2,100,8.86,0.08,0.86
20260818,no_action,0,100,46.0,0.46,0.0
20260818,no_action,1,100,46.0,0.46,0.0
20260818,no_action,2,100,46.0,0.46,0.0
20260818,reactive,0,100,16.46,0.16,0.46
20260818,reactive,1,100,12.46,0.12,0.46
20260818,reactive,2,100,18.46,0.18,0.46
20260818,snapshot,0,100,12.68,0.12,0.68
20260818,snapshot,1,100,6.68,0.06,0.68
20260818,snapshot,2,100,10.68,0.1,0.68
20260818,satcap,0,100,16.46,0.16,0.46
20260818,satcap,1,100,12.46,0.12,0.46
20260818,satcap,2,100,18.46,0.18,0.46
20260819,no_action,0,100,34.0,0.34,0.0
20260819,no_action,1,100,34.0,0.34,0.0
20260819,no_action,2,100,34.0,0.34,0.0
20260819,reactive,0,100,8.34,0.08,0.34
20260819,reactive,1,100,8.34,0.08,0.34
20260819,reactive,2,100,10.34,0.1,0.34
20260819,snapshot,0,100,12.3,0.12,0.3
20260819,snapshot,1,100,10.32,0.1,0.32
20260819,snapshot,2,100,14.320000000000002,0.14,0.32
20260819,satcap,0,100,8.34,0.08,0.34
20260819,satcap,1,100,8.34,0.08,0.34
20260819,satcap,2,100,10.34,0.1,0.34
20260820,no_action,0,100,98.0,0.98,0.0
20260820,no_action,1,100,98.0,0.98,0.0
20260820,no_action,2,100,98.0,0.98,0.0
20260820,reactive,0,100,2.98,0.02,0.98
20260820,reactive,1,100,2.98,0.02,0.98
20260820,reactive,2,100,2.98,0.02,0.98
20260820,snapshot,0,100,2.98,0.02,0.98
20260820,snapshot,1,100,2.98,0.02,0.98
20260820,snapshot,2,100,2.98,0.02,0.98
20260820,satcap,0,100,2.98,0.02,0.98
20260820,satcap,1,100,2.98,0.02,0.98
20260820,satcap,2,100,2.98,0.02,0.98
20260821,no_action,0,100,57.99999999999999,0.58,0.0
20260821,no_action,1,100,57.99999999999999,0.58,0.0
20260821,no_action,2,100,57.99999999999999,0.58,0.0
20260821,reactive,0,100,18.58,0.18,0.58
20260821,reactive,1,100,18.6,0.18,0.6
20260821,reactive,2,100,18.62,0.18,0.62
20260821,snapshot,0,100,8.8,0.08,0.8
20260821,snapshot,1,100,8.8,0.08,0.8
20260821,snapshot,2,100,8.8,0.08,0.8
20260821,satcap,0,100,18.58,0.18,0.58
20260821,satcap,1,100,18.6,0.18,0.6
20260821,satcap,2,100,18.62,0.18,0.62
20260822,no_action,0,100,72.0,0.72,0.0
20260822,no_action,1,100,72.0,0.72,0.0
20260822,no_action,2,100,72.0,0.72,0.0
20260822,reactive,0,100,10.72,0.1,0.72
20260822,reactive,1,100,10.74,0.1,0.74
20260822,reactive,2,100,6.76,0.06,0.76
20260822,snapshot,0,100,8.72,0.08,0.72
20260822,snapshot,1,100,14.740000000000002,0.14,0.74
20260822,snapshot,2,100,12.76,0.12,0.76
20260822,satcap,0,100,10.72,0.1,0.72
20260822,satcap,1,100,10.74,0.1,0.74
20260822,satcap,2,100,6.76,0.06,0.76
20260823,no_action,0,100,46.0,0.46,0.0
20260823,no_action,1,100,46.0,0.46,0.0
20260823,no_action,2,100,46.0,0.46,0.0
20260823,reactive,0,100,16.46,0.16,0.46
20260823,reactive,1,100,16.48,0.16,0.48
20260823,reactive,2,100,16.48,0.16,0.48
20260823,snapshot,0,100,18.44,0.18,0.44
20260823,snapshot,1,100,16.46,0.16,0.46
20260823,snapshot,2,100,22.46,0.22,0.46
20260823,satcap,0,100,26.5,0.26,0.5
20260823,satcap,1,100,28.520000000000003,0.28,0.52
20260823,satcap,2,100,20.52,0.2,0.52
20260824,no_action,0,100,64.0,0.64,0.0
20260824,no_action,1,100,64.0,0.64,0.0
20260824,no_action,2,100,64.0,0.64,0.0
20260824,reactive,0,100,14.640000000000002,0.14,0.64
20260824,reactive,1,100,16.62,0.16,0.62
20260824,reactive,2,100,20.6,0.2,0.6
20260824,snapshot,0,100,16.66,0.16,0.66
20260824,snapshot,1,100,18.64,0.18,0.64
20260824,snapshot,2,100,22.62,0.22,0.62
20260824,satcap,0,100,14.640000000000002,0.14,0.64
20260824,satcap,1,100,16.62,0.16,0.62
20260824,satcap,2,100,20.6,0.2,0.6
20260825,no_action,0,100,60.0,0.6,0.0
20260825,no_action,1,100,60.0,0.6,0.0
20260825,no_action,2,100,60.0,0.6,0.0
20260825,reactive,0,100,14.600000000000001,0.14,0.6
20260825,reactive,1,100,20.58,0.2,0.58
20260825,reactive,2,100,18.58,0.18,0.58
20260825,snapshot,0,100,20.46,0.2,0.46
20260825,snapshot,1,100,26.44,0.26,0.44
20260825,snapshot,2,100,28.440000000000005,0.28,0.44
20260825,satcap,0,100,14.600000000000001,0.14,0.6
20260825,satcap,1,100,20.58,0.2,0.58
20260825,satcap,2,100,18.58,0.18,0.58
20260826,no_action,0,100,68.0,0.68,0.0
20260826,no_action,1,100,68.0,0.68,0.0
20260826,no_action,2,100,68.0,0.68,0.0
20260826,reactive,0,100,12.68,0.12,0.68
20260826,reactive,1,100,18.68,0.18,0.68
20260826,reactive,2,100,20.68,0.2,0.68
20260826,snapshot,0,100,10.76,0.1,0.76
20260826,snapshot,1,100,14.780000000000001,0.14,0.78
20260826,snapshot,2,100,12.78,0.12,0.78
20260826,satcap,0,100,1.0,0.0,1.0
20260826,satcap,1,100,1.0,0.0,1.0
20260826,satcap,2,100,1.0,0.0,1.0
